num_tasks,avg_latency_ms,std_latency_ms,sla_violation_rate,drop_rate,hit_rate,avg_queue_delay_ms,avg_proc_delay_ms,avg_tx_delay_ms,avg_energy_j
2745,2.259999999994733,0.2474358296521787,,0.9817850637522769,0.016757741347905284,6.98677370030545,0.04116575591985428,6.986549878731998,0.0
