task_id,device_id,decision,arrival_time_s,queue_enter_time_s,start_time_s,end_time_s,queue_delay_ms,proc_delay_ms,tx_delay_ms,total_latency_ms,energy_j,deadline_ms,status,sla_violation
task_165_0,dev_165,offload,0.319,0.319,0.33230000000000004,0.3347,13.300000000000034,2.4000000000000004,13.327264493187101,29.027264493187094,0.00666363224659355,21.6,miss,
task_68_0,dev_68,offload,0.3537,0.3537,0.3649,0.36710000000000004,11.199999999999989,2.2,11.188991693091262,24.588991693091288,0.005594495846545631,29.0,hit,
task_79_0,dev_79,offload,0.367,0.367,0.38,0.38230000000000003,13.00000000000001,2.3,13.030449825977549,28.330449825977585,0.006515224912988774,24.3,miss,
task_138_0,dev_138,offload,0.3891,0.3891,0.4012,0.40340000000000004,12.1,2.2,12.1378305215192,26.437830521519235,0.0060689152607596,28.1,hit,
task_150_0,dev_150,offload,1.3834,1.3834,1.3961000000000001,1.3984,12.700000000000156,2.3,12.719221651040124,27.71922165104025,0.006359610825520062,26.9,miss,
task_43_0,dev_43,offload,1.8123,1.8123,1.8261,1.8286,13.800000000000034,2.5,13.84812663102986,30.148126631029843,0.00692406331551493,29.8,miss,
task_63_0,dev_63,offload,1.879,1.879,1.8933,1.8958000000000002,14.29999999999998,2.5,14.268417805845745,31.06841780584589,0.007134208902922872,21.7,miss,
task_19_0,dev_19,offload,2.1529000000000003,2.1529000000000003,2.1645000000000003,2.1666000000000003,11.600000000000055,2.1,11.624207346659125,25.324207346659172,0.005812103673329562,27.400000000000002,hit,
task_64_0,dev_64,local,2.2445,2.2445,,,0.0,0.0,0.0,,0.0,26.4,drop,
task_152_0,dev_152,offload,3.2278000000000002,3.2278000000000002,3.2405,3.2429,12.699999999999712,2.4000000000000004,12.723282291284619,27.82328229128451,0.006361641145642309,25.500000000000004,miss,
task_186_0,dev_186,offload,3.2677,3.2677,3.2832000000000003,3.286,15.500000000000291,2.8,15.530800499205299,33.83080049920528,0.007765400249602649,22.2,miss,
task_165_1,dev_165,offload,3.3501000000000003,3.3501000000000003,3.3618,3.3639,11.699999999999822,2.1,11.698627564145793,25.498627564145607,0.005849313782072897,23.900000000000002,miss,
task_74_0,dev_74,offload,3.8203,3.8203,3.8353,3.838,15.000000000000124,2.7,15.007866031024063,32.70786603102411,0.007503933015512032,24.400000000000002,miss,
task_159_0,dev_159,offload,3.935,3.935,3.9485,3.951,13.500000000000068,2.5,13.470702109074589,29.4707021090746,0.0067353510545372945,21.8,miss,
task_70_0,dev_70,offload,4.2164,4.2164,4.2268,4.2287,10.399999999999743,1.9,10.424509110361546,22.724509110361303,0.005212254555180773,23.200000000000003,hit,
task_85_0,dev_85,offload,4.7681000000000004,4.7681000000000004,4.7839,4.7868,15.799999999999592,2.9000000000000004,15.848834142102218,34.54883414210216,0.007924417071051109,29.300000000000004,miss,
task_190_0,dev_190,offload,4.820600000000001,4.820600000000001,4.8325000000000005,4.834700000000001,11.8999999999998,2.2,11.909130283167315,26.009130283167316,0.005954565141583657,27.700000000000003,hit,
task_181_0,dev_181,offload,5.0192000000000005,5.0192000000000005,5.0313,5.0336,12.099999999999334,2.3,12.106812020545547,26.50681202054485,0.006053406010272774,23.3,miss,
task_12_0,dev_12,offload,5.043,5.043,5.0558000000000005,5.0581000000000005,12.800000000000367,2.3,12.799518912088145,27.89951891208848,0.006399759456044072,27.900000000000002,hit,
task_187_0,dev_187,offload,5.405200000000001,5.405200000000001,5.4196,5.4222,14.399999999999302,2.6000000000000005,14.403802189653735,31.403802189653195,0.007201901094826868,20.3,miss,
task_185_0,dev_185,offload,5.4430000000000005,5.4430000000000005,5.457800000000001,5.460500000000001,14.800000000000146,2.7,14.788052622027669,32.28805262202774,0.007394026311013834,26.3,miss,
task_153_0,dev_153,offload,5.4590000000000005,5.4590000000000005,5.4713,5.4735000000000005,12.299999999999756,2.2,12.280823776222507,26.780823776222462,0.006140411888111253,20.1,miss,
task_41_0,dev_41,offload,5.6859,5.6859,5.6986,5.7009,12.699999999999712,2.3,12.665229188915392,27.66522918891507,0.006332614594457696,21.9,miss,
task_94_0,dev_94,offload,6.1054,6.1054,6.1181,6.1203,12.699999999999712,2.2,12.661205905674471,27.561205905674385,0.006330602952837236,22.4,miss,
task_99_0,dev_99,offload,6.2732,6.2732,6.2855,6.287800000000001,12.299999999999756,2.3,12.347670168033119,26.94767016803373,0.006173835084016559,28.7,hit,
task_50_0,dev_50,offload,6.504700000000001,6.504700000000001,6.5181000000000004,6.5205,13.399999999999856,2.4000000000000004,13.389953924555282,29.189953924554874,0.006694976962277641,29.300000000000004,hit,
task_30_0,dev_30,offload,6.6986,6.6986,6.71,6.7121,11.400000000000077,2.1,11.410420541255123,24.910420541255633,0.005705210270627562,26.1,hit,
task_155_0,dev_155,offload,7.0616,7.0616,7.074000000000001,7.0762,12.40000000000041,2.2,12.353056011500252,26.953056011499974,0.006176528005750126,23.5,miss,
task_165_2,dev_165,offload,7.276800000000001,7.276800000000001,7.2875000000000005,7.2894000000000005,10.699999999999932,1.9,10.659868172313784,23.25986817231373,0.005329934086156892,29.0,hit,
task_103_0,dev_103,offload,7.9381,7.9381,7.952500000000001,7.955100000000001,14.40000000000019,2.6000000000000005,14.363258867649806,31.363258867650153,0.007181629433824903,25.0,miss,
task_135_0,dev_135,offload,8.1456,8.1456,8.1582,8.160400000000001,12.600000000000833,2.2,12.614221065383992,27.41422106538503,0.006307110532691996,29.900000000000002,hit,
task_144_0,dev_144,offload,8.410400000000001,8.410400000000001,8.4251,8.4277,14.699999999999491,2.6000000000000005,14.690738391609484,31.990738391608247,0.007345369195804742,27.3,miss,
task_81_0,dev_81,offload,8.5755,8.5755,8.5876,8.5898,12.100000000000222,2.2,12.133794714186298,26.43379471418672,0.006066897357093149,21.3,miss,
task_119_0,dev_119,offload,8.8391,8.8391,8.8515,8.8538,12.399999999999523,2.3,12.368779982371063,27.068779982370554,0.006184389991185531,24.0,miss,
task_137_0,dev_137,offload,8.9411,8.9411,8.9541,8.9565,12.9999999999999,2.4000000000000004,13.038387083743022,28.438387083742658,0.006519193541871511,23.0,miss,
task_193_0,dev_193,offload,9.1495,9.1495,9.1636,9.1662,14.10000000000089,2.6000000000000005,14.093858814438805,30.793858814438963,0.007046929407219403,26.1,miss,
task_3_0,dev_3,offload,9.644,9.644,9.6544,9.6564,10.400000000000631,2.0,10.422987776635061,22.822987776634584,0.005211493888317531,21.3,miss,
task_112_0,dev_112,offload,9.645900000000001,9.645900000000001,9.6586,9.6609,12.699999999998823,2.3,12.722418858289023,27.722418858287817,0.006361209429144511,29.8,hit,
task_132_0,dev_132,offload,10.676400000000001,10.676400000000001,10.690100000000001,10.6926,13.700000000000045,2.5,13.661983436091681,29.86198343609123,0.0068309917180458405,24.900000000000002,miss,
task_165_3,dev_165,offload,10.866,10.866,10.878300000000001,10.880700000000001,12.300000000001532,2.4000000000000004,12.291737583252484,26.99173758325375,0.006145868791626242,27.3,hit,
task_79_1,dev_79,offload,10.8848,10.8848,10.898800000000001,10.9014,14.000000000001123,2.6000000000000005,13.981532746857487,30.58153274685788,0.0069907663734287435,24.1,miss,
task_141_0,dev_141,offload,10.9007,10.9007,10.9146,10.917100000000001,13.89999999999958,2.5,13.858647925337204,30.25864792533806,0.006929323962668602,29.900000000000002,miss,
task_168_0,dev_168,offload,11.0594,11.0594,11.0732,11.075700000000001,13.799999999999812,2.5,13.801351704716108,30.1013517047172,0.006900675852358054,20.200000000000003,miss,
task_135_1,dev_135,offload,11.209200000000001,11.209200000000001,11.222900000000001,11.2253,13.700000000000045,2.4000000000000004,13.696211382243199,29.79621138224298,0.006848105691121599,22.9,miss,
task_161_0,dev_161,offload,11.2896,11.2896,11.301,11.3031,11.400000000000077,2.1,11.409203830539678,24.90920383054019,0.005704601915269839,24.200000000000003,miss,
task_153_1,dev_153,offload,12.219000000000001,12.219000000000001,12.232600000000001,12.235100000000001,13.600000000000279,2.5,13.58555238601829,29.68555238601807,0.006792776193009145,27.400000000000002,miss,
task_2_0,dev_2,offload,12.2278,12.2278,12.2402,12.242700000000001,12.399999999999523,2.5,12.401771346260483,27.301771346261283,0.006200885673130241,25.0,miss,
task_182_0,dev_182,offload,12.6163,12.6163,12.6293,12.6317,12.9999999999999,2.4000000000000004,12.990736314987098,28.390736314986732,0.006495368157493549,25.1,miss,
task_74_1,dev_74,offload,13.8496,13.8496,13.8648,13.867600000000001,15.200000000000102,2.8,15.158601016410456,33.15860101641114,0.007579300508205228,20.800000000000004,miss,
task_15_0,dev_15,offload,14.184600000000001,14.184600000000001,14.193000000000001,14.194500000000001,8.399999999999963,1.5,8.43990442389977,18.33990442389979,0.0042199522119498855,24.900000000000002,hit,
task_178_0,dev_178,offload,14.318000000000001,14.318000000000001,14.3291,14.331100000000001,11.099999999999,2.0,11.050486688701685,24.150486688701353,0.005525243344350843,20.1,miss,
task_112_1,dev_112,offload,14.3215,14.3215,14.3344,14.3368,12.900000000000134,2.4000000000000004,12.917130818690103,28.217130818689974,0.006458565409345051,21.400000000000002,miss,
task_158_0,dev_158,offload,14.4623,14.4623,14.4732,14.475200000000001,10.899999999999466,2.0,10.91801974095137,23.818019740951506,0.005459009870475685,22.2,miss,
task_18_0,dev_18,offload,14.5172,14.5172,14.529200000000001,14.531400000000001,12.000000000000455,2.2,11.992209557226273,26.19220955722693,0.005996104778613136,28.900000000000002,hit,
task_176_0,dev_176,offload,14.8033,14.8033,14.8176,14.820200000000002,14.300000000000423,2.6000000000000005,14.269449547272359,31.169449547273828,0.00713472477363618,23.400000000000002,miss,
task_93_0,dev_93,offload,15.1042,15.1042,15.118,15.120500000000002,13.799999999999812,2.5,13.83250237314842,30.132502373149514,0.00691625118657421,20.3,miss,
task_37_0,dev_37,offload,15.3621,15.3621,15.373000000000001,15.375,10.900000000001242,2.0,10.914060609832154,23.81406060983229,0.005457030304916077,23.200000000000003,miss,
task_34_0,dev_34,offload,15.4952,15.4952,15.507000000000001,15.5091,11.80000000000092,2.1,11.817990194591605,25.717990194591184,0.005908995097295803,26.500000000000004,hit,
task_54_0,dev_54,offload,15.638200000000001,15.638200000000001,15.6531,15.655700000000001,14.899999999999025,2.6000000000000005,14.89552423882698,32.39552423882705,0.00744776211941349,29.2,miss,
task_130_0,dev_130,offload,15.738900000000001,15.738900000000001,15.7529,15.755400000000002,13.999999999999346,2.5,13.970350358121786,30.47035035812241,0.0069851751790608934,20.3,miss,
task_157_0,dev_157,offload,16.7966,16.7966,16.8062,16.8079,9.599999999998943,1.7000000000000002,9.557590148142603,20.857590148141135,0.004778795074071302,27.3,hit,
task_138_1,dev_138,offload,16.998900000000003,16.998900000000003,17.009700000000002,17.0117,10.799999999999699,2.0,10.760893666699967,23.560893666698558,0.005380446833349984,24.0,hit,
task_31_0,dev_31,offload,17.4099,17.4099,17.422,17.424200000000003,12.100000000000222,2.2,12.06429472139018,26.36429472139238,0.00603214736069509,20.5,miss,
task_52_0,dev_52,offload,18.623900000000003,18.623900000000003,18.633,18.634700000000002,9.099999999996555,1.7000000000000002,9.131886264170095,19.931886264169794,0.004565943132085048,26.3,hit,
task_172_0,dev_172,offload,18.7302,18.7302,18.7436,18.746000000000002,13.400000000000745,2.4000000000000004,13.393407964613774,29.19340796461603,0.006696703982306887,26.200000000000003,miss,
task_25_0,dev_25,offload,18.794600000000003,18.794600000000003,18.8073,18.8096,12.699999999998823,2.3,12.703332267963791,27.703332267960807,0.006351666133981896,20.3,miss,
task_34_1,dev_34,offload,19.2439,19.2439,19.255300000000002,19.2573,11.400000000001853,2.0,11.397802111525897,24.797802111526643,0.005698901055762948,27.200000000000003,hit,
task_195_0,dev_195,offload,19.2803,19.2803,19.2923,19.2944,12.000000000000455,2.1,12.002288725411658,26.102288725410773,0.006001144362705829,21.8,miss,
task_61_0,dev_61,offload,19.336000000000002,19.336000000000002,19.349500000000003,19.352,13.500000000000512,2.5,13.535409557575809,29.53540955757405,0.006767704778787904,23.700000000000003,miss,
task_141_1,dev_141,offload,19.4359,19.4359,19.4493,19.451700000000002,13.400000000000745,2.4000000000000004,13.423380444815898,29.223380444818154,0.006711690222407949,26.700000000000003,miss,
task_104_0,dev_104,offload,19.5972,19.5972,19.611700000000003,19.6143,14.500000000001734,2.6000000000000005,14.502393443635718,31.602393443634945,0.007251196721817859,26.3,miss,
task_195_1,dev_195,offload,19.709500000000002,19.709500000000002,19.7208,19.7228,11.299999999998533,2.0,11.345835401080317,24.64583540107774,0.005672917700540158,20.1,miss,
task_120_0,dev_120,offload,20.081,20.081,20.093600000000002,20.096,12.60000000000261,2.4000000000000004,12.551146989566966,27.551146989567535,0.006275573494783483,23.700000000000003,miss,
task_10_0,dev_10,offload,20.2106,20.2106,20.2234,20.2257,12.800000000002143,2.3,12.82080488667233,27.920804886672663,0.006410402443336165,27.200000000000003,miss,
task_191_0,dev_191,offload,20.2958,20.2958,20.308500000000002,20.3108,12.700000000002376,2.3,12.689337913804861,27.68933791380543,0.006344668956902431,24.800000000000004,miss,
task_115_0,dev_115,offload,20.5684,20.5684,20.5818,20.584200000000003,13.400000000000745,2.4000000000000004,13.35373784706697,29.153737847069227,0.006676868923533485,20.900000000000002,miss,
task_172_1,dev_172,offload,20.6908,20.6908,20.7041,20.706500000000002,13.300000000000978,2.4000000000000004,13.285750699511912,28.9857506995144,0.0066428753497559554,23.200000000000003,miss,
task_119_1,dev_119,offload,20.8918,20.8918,20.9036,20.9058,11.80000000000092,2.2,11.812652573047144,25.812652573046492,0.005906326286523572,20.900000000000002,miss,
task_23_0,dev_23,offload,21.022000000000002,21.022000000000002,21.0336,21.035700000000002,11.599999999997834,2.1,11.627709172986606,25.32770917298665,0.005813854586493303,27.900000000000002,hit,
task_37_1,dev_37,offload,21.547,21.547,21.558400000000002,21.5605,11.400000000001853,2.1,11.416081144703089,24.9160811447036,0.005708040572351545,26.6,hit,
task_9_0,dev_9,offload,21.721600000000002,21.721600000000002,21.7342,21.7365,12.599999999999056,2.3,12.598396294957626,27.498396294954873,0.006299198147478813,26.000000000000004,miss,
task_43_1,dev_43,offload,22.2198,22.2198,22.2325,22.2348,12.700000000002376,2.3,12.687337773986425,27.687337773986993,0.006343668886993213,24.3,miss,
task_160_0,dev_160,offload,22.284200000000002,22.284200000000002,22.297700000000003,22.3002,13.500000000000512,2.5,13.452092724124896,29.452092724123133,0.006726046362062448,22.3,miss,
task_116_0,dev_116,offload,22.9175,22.9175,22.9328,22.9356,15.29999999999987,2.8,15.253793570329151,33.3537935703296,0.007626896785164575,26.500000000000004,miss,
task_24_0,dev_24,offload,23.0269,23.0269,23.0381,23.040100000000002,11.199999999998766,2.0,11.157161704885375,24.357161704886586,0.005578580852442687,22.4,miss,
task_108_0,dev_108,offload,23.343400000000003,23.343400000000003,23.355800000000002,23.3581,12.399999999999523,2.3,12.404187799331666,27.10418779932938,0.006202093899665833,26.9,miss,
task_128_0,dev_128,offload,23.6355,23.6355,23.648400000000002,23.6507,12.90000000000191,2.3,12.873488261157888,28.07348826115799,0.006436744130578944,23.700000000000003,miss,
task_195_2,dev_195,offload,23.6629,23.6629,23.6765,23.678900000000002,13.600000000000279,2.4000000000000004,13.62253147418635,29.62253147418814,0.006811265737093174,23.700000000000003,miss,
task_23_1,dev_23,offload,23.7494,23.7494,23.7632,23.765800000000002,13.799999999999812,2.6000000000000005,13.819482248398694,30.21948224839955,0.0069097411241993475,20.900000000000002,miss,
task_132_1,dev_132,offload,23.858600000000003,23.858600000000003,23.873,23.875600000000002,14.399999999998414,2.6000000000000005,14.440070050456196,31.440070050455656,0.007220035025228098,22.1,miss,
task_197_0,dev_197,offload,23.8897,23.8897,23.9005,23.9025,10.799999999999699,2.0,10.825334686593456,23.625334686592048,0.005412667343296728,20.400000000000002,miss,
task_175_0,dev_175,offload,24.104200000000002,24.104200000000002,24.117700000000003,24.1201,13.500000000000512,2.4000000000000004,13.505109704105786,29.405109704104255,0.006752554852052893,27.3,miss,
task_45_0,dev_45,offload,24.4495,24.4495,24.4632,24.465700000000002,13.700000000000045,2.5,13.711540754736285,29.911540754737608,0.0068557703773681426,27.400000000000002,miss,
task_115_1,dev_115,offload,24.549400000000002,24.549400000000002,24.564700000000002,24.567400000000003,15.29999999999987,2.7,15.347001566998665,33.347001566999346,0.007673500783499333,23.400000000000002,miss,
task_129_0,dev_129,offload,24.716900000000003,24.716900000000003,24.7281,24.7301,11.199999999998766,2.0,11.169256627010437,24.369256627008095,0.005584628313505219,28.7,hit,
task_155_1,dev_155,offload,24.8654,24.8654,24.8791,24.881500000000003,13.700000000000045,2.4000000000000004,13.654257176172054,29.75425717617361,0.006827128588086027,21.9,miss,
task_63_1,dev_63,offload,24.908800000000003,24.908800000000003,24.919800000000002,24.9218,10.999999999999233,2.0,10.966572618580969,23.966572618579093,0.005483286309290484,26.200000000000003,hit,
task_102_0,dev_102,offload,25.4873,25.4873,25.499200000000002,25.5016,11.900000000000688,2.4000000000000004,11.861096002135023,26.161096002133668,0.005930548001067511,27.0,hit,
task_157_1,dev_157,offload,25.822400000000002,25.822400000000002,25.8349,25.837200000000003,12.49999999999929,2.3,12.549228742421105,27.34922874242214,0.006274614371210552,21.9,miss,
task_21_0,dev_21,offload,26.595000000000002,26.595000000000002,26.6066,26.608700000000002,11.599999999997834,2.1,11.578752054723944,25.278752054723988,0.005789376027361972,27.5,hit,
task_174_0,dev_174,offload,27.218400000000003,27.218400000000003,27.229400000000002,27.2314,10.999999999999233,2.0,10.998923264246478,23.998923264244603,0.005499461632123239,26.500000000000004,hit,
task_27_0,dev_27,offload,27.4233,27.4233,27.4327,27.4344,9.399999999999409,1.7000000000000002,9.438886350113851,20.53888635011285,0.004719443175056926,25.2,hit,
task_86_0,dev_86,offload,27.8261,27.8261,27.8399,27.8425,13.799999999999812,2.6000000000000005,13.787367596756363,30.18736759675722,0.0068936837983781816,28.1,miss,
task_84_0,dev_84,offload,28.106,28.106,28.1169,28.1189,10.899999999999466,2.0,10.90578104755616,23.805781047554518,0.005452890523778079,22.2,miss,
task_114_0,dev_114,offload,28.264300000000002,28.264300000000002,28.2756,28.2776,11.299999999998533,2.0,11.265992030883025,24.56599203088045,0.005632996015441512,23.900000000000002,miss,
task_60_0,dev_60,offload,28.3154,28.3154,28.3271,28.3293,11.700000000001154,2.2,11.74179565197091,25.64179565197049,0.005870897825985455,28.5,hit,
task_104_1,dev_104,offload,28.6336,28.6336,28.648300000000003,28.6509,14.700000000001268,2.6000000000000005,14.735598117178059,32.03559811717682,0.007367799058589029,21.3,miss,
task_63_2,dev_63,offload,28.811200000000003,28.811200000000003,28.8242,28.826600000000003,12.999999999998124,2.4000000000000004,12.979828755431324,28.37982875543096,0.006489914377715662,24.0,miss,
task_71_0,dev_71,offload,28.8731,28.8731,28.8836,28.8855,10.500000000000398,1.9,10.549962895966303,22.949962895965825,0.005274981447983151,24.5,hit,
task_83_0,dev_83,offload,29.16,29.16,29.1738,29.1763,13.799999999999812,2.5,13.81414204541048,30.11414204541157,0.0069070710227052395,23.0,miss,
task_188_0,dev_188,offload,29.2867,29.2867,29.297600000000003,29.2996,10.900000000003018,2.0,10.898502148952224,23.798502148954135,0.0054492510744761115,21.0,miss,
task_51_0,dev_51,offload,29.338700000000003,29.338700000000003,29.3506,29.352800000000002,11.899999999997135,2.2,11.857644817060493,25.957644817059606,0.005928822408530246,29.7,hit,
task_168_1,dev_168,offload,29.8215,29.8215,29.8333,29.8354,11.80000000000092,2.1,11.774030034699779,25.674030034699356,0.0058870150173498895,28.200000000000003,hit,
task_116_1,dev_116,offload,29.8611,29.8611,29.8744,29.876800000000003,13.300000000000978,2.4000000000000004,13.335932777941133,29.03593277794362,0.006667966388970567,28.0,miss,
task_154_0,dev_154,offload,30.0405,30.0405,30.052000000000003,30.054000000000002,11.50000000000162,2.0,11.466969424347473,24.966969424347987,0.005733484712173736,29.6,hit,
task_53_0,dev_53,offload,30.152600000000003,30.152600000000003,30.168200000000002,30.171000000000003,15.59999999999917,2.8,15.552873683096744,33.95287368309649,0.007776436841548372,27.700000000000003,miss,
task_106_0,dev_106,offload,30.4447,30.4447,30.456500000000002,30.4587,11.80000000000092,2.2,11.75941636668554,25.75941636668489,0.005879708183342771,28.0,hit,
task_7_0,dev_7,offload,30.9268,30.9268,30.9389,30.941100000000002,12.100000000000222,2.2,12.128003926013973,26.428003926016174,0.006064001963006986,27.200000000000003,hit,
task_79_2,dev_79,offload,30.9695,30.9695,30.982200000000002,30.9845,12.700000000002376,2.3,12.68744184947519,27.68744184947576,0.006343720924737595,21.6,miss,
task_104_2,dev_104,offload,31.0938,31.0938,31.108600000000003,31.1112,14.800000000001035,2.6000000000000005,14.839827405893052,32.23982740589158,0.007419913702946526,24.6,miss,
task_9_1,dev_9,offload,31.6304,31.6304,31.6413,31.6433,10.899999999999466,2.0,10.862798305330152,23.76279830532851,0.005431399152665076,24.400000000000002,hit,
task_29_0,dev_29,offload,32.087,32.087,32.0992,32.1014,12.199999999999989,2.2,12.171591162910296,26.571591162905158,0.006085795581455148,23.1,miss,
task_140_0,dev_140,offload,32.1921,32.1921,32.202600000000004,32.2045,10.500000000000398,1.9,10.49852161323597,22.898521613235495,0.0052492608066179855,30.000000000000004,hit,
task_177_0,dev_177,offload,32.322900000000004,32.322900000000004,32.3345,32.336600000000004,11.599999999994282,2.1,11.622546987469132,25.322546987469178,0.005811273493734566,23.0,miss,
task_89_0,dev_89,offload,32.6308,32.6308,32.6415,32.6434,10.699999999999932,1.9,10.65606919709111,23.256069197090167,0.005328034598545555,20.5,miss,
task_102_1,dev_102,offload,33.049,33.049,33.0614,33.063700000000004,12.399999999999523,2.3,12.414297684354977,27.114297684359798,0.006207148842177488,20.5,miss,
task_74_2,dev_74,offload,33.2511,33.2511,33.2657,33.2684,14.6000000000015,2.7,14.552283486987518,31.85228348698628,0.007276141743493759,25.2,miss,
task_51_1,dev_51,offload,33.357,33.357,33.368,33.3701,11.000000000002785,2.1,11.004688587247946,24.10468858724939,0.005502344293623973,21.3,miss,
task_43_2,dev_43,offload,34.1959,34.1959,34.2051,34.206700000000005,9.199999999999875,1.6,9.244942903861501,20.04494290386475,0.004622471451930751,25.1,hit,
task_188_1,dev_188,offload,34.3342,34.3342,34.3459,34.348,11.699999999997601,2.1,11.743871567539852,25.54387156753611,0.005871935783769926,22.700000000000003,miss,
task_12_1,dev_12,offload,34.6167,34.6167,34.6274,34.629400000000004,10.699999999999932,2.0,10.718256410298018,23.418256410300394,0.005359128205149009,24.5,hit,
task_191_1,dev_191,offload,34.6467,34.6467,34.659600000000005,34.662,12.90000000000191,2.4000000000000004,12.928368359046557,28.228368359042875,0.006464184179523279,22.500000000000004,miss,
task_113_0,dev_113,offload,34.8832,34.8832,34.894400000000005,34.8966,11.20000000000232,2.2,11.194968115270632,24.594968115267825,0.005597484057635316,26.4,hit,
task_61_1,dev_61,offload,34.892900000000004,34.892900000000004,34.9057,34.908,12.79999999999859,2.3,12.845631382112012,27.945631382108793,0.006422815691056006,28.3,hit,
task_121_0,dev_121,offload,35.039300000000004,35.039300000000004,35.0536,35.056200000000004,14.299999999998647,2.6000000000000005,14.313001018114765,31.213001018114458,0.007156500509057383,25.7,miss,
task_81_1,dev_81,offload,35.1425,35.1425,35.1539,35.156,11.400000000001853,2.1,11.399865733038506,24.899865733039018,0.0056999328665192535,24.400000000000002,miss,
task_182_1,dev_182,offload,35.2076,35.2076,35.2203,35.2226,12.700000000002376,2.3,12.72385482422923,27.723854824229797,0.006361927412114615,23.0,miss,
task_20_0,dev_20,local,35.3205,35.3205,,,0.0,0.0,0.0,,0.0,21.2,drop,
task_123_0,dev_123,offload,35.3925,35.3925,35.4059,35.408300000000004,13.400000000004297,2.4000000000000004,13.369698739814893,29.169698739820703,0.006684849369907446,24.5,miss,
task_130_1,dev_130,offload,35.5068,35.5068,35.5188,35.521,12.000000000000455,2.2,12.009195603396442,26.209195603398875,0.006004597801698221,23.200000000000003,miss,
task_37_2,dev_37,offload,35.842600000000004,35.842600000000004,35.8584,35.8613,15.799999999998704,2.9000000000000004,15.795468635030042,34.49546863502554,0.007897734317515021,28.800000000000004,miss,
task_175_1,dev_175,offload,36.0049,36.0049,36.016200000000005,36.0183,11.300000000005639,2.1,11.295390643154601,24.6953906431589,0.005647695321577301,20.1,miss,
task_134_0,dev_134,offload,36.172000000000004,36.172000000000004,36.1869,36.1896,14.899999999997249,2.7,14.882533970711952,32.48253397070646,0.007441266985355976,21.9,miss,
task_24_1,dev_24,offload,36.4418,36.4418,36.4555,36.458,13.700000000000045,2.5,13.745424879318213,29.945424879315986,0.0068727124396591064,27.5,miss,
task_51_2,dev_51,offload,36.4681,36.4681,36.4794,36.481500000000004,11.299999999998533,2.1,11.260929538520584,24.660929538524883,0.005630464769260292,29.6,hit,
task_140_1,dev_140,offload,36.6394,36.6394,36.6518,36.6541,12.399999999999523,2.3,12.382774289957316,27.082774289955033,0.006191387144978658,24.5,miss,
task_139_0,dev_139,offload,37.024300000000004,37.024300000000004,37.0387,37.0413,14.399999999994861,2.6000000000000005,14.35807766195266,31.358077661948567,0.00717903883097633,25.0,miss,
task_23_2,dev_23,offload,37.1206,37.1206,37.1329,37.1351,12.299999999996203,2.2,12.288958104732098,26.788958104730277,0.0061444790523660486,29.1,hit,
task_174_1,dev_174,local,37.1353,37.1353,,,0.0,0.0,0.0,,0.0,20.5,drop,
task_186_1,dev_186,offload,37.4416,37.4416,37.4553,37.4579,13.700000000000045,2.6000000000000005,13.746153295939331,30.04615329594042,0.0068730766479696654,25.500000000000004,miss,
task_157_2,dev_157,offload,37.464600000000004,37.464600000000004,37.476800000000004,37.479,12.199999999999989,2.2,12.213055697307068,26.61305569730193,0.006106527848653534,28.800000000000004,hit,
task_176_1,dev_176,offload,37.531600000000005,37.531600000000005,37.5447,37.5471,13.099999999994338,2.4000000000000004,13.060036239527477,28.560036239523328,0.006530018119763738,24.6,miss,
task_116_2,dev_116,offload,37.6038,37.6038,37.617200000000004,37.6197,13.400000000004297,2.5,13.446015670527846,29.34601567052987,0.006723007835263923,28.5,miss,
task_65_0,dev_65,offload,37.7518,37.7518,37.7657,37.7682,13.89999999999958,2.5,13.863924085599642,30.263924085596948,0.006931962042799821,23.900000000000002,miss,
task_41_1,dev_41,offload,38.049800000000005,38.049800000000005,38.062200000000004,38.0645,12.399999999999523,2.3,12.354801189121028,27.05480118911874,0.006177400594560514,23.5,miss,
task_121_1,dev_121,offload,38.2372,38.2372,38.249500000000005,38.2517,12.300000000003308,2.2,12.321935986050393,26.821935986048572,0.006160967993025197,27.700000000000003,hit,
task_193_1,dev_193,offload,38.4566,38.4566,38.4692,38.4715,12.599999999999056,2.3,12.613740149557906,27.513740149555154,0.006306870074778953,29.400000000000002,hit,
task_18_1,dev_18,offload,38.696600000000004,38.696600000000004,38.7093,38.711600000000004,12.69999999999527,2.3,12.655307742696618,27.655307742697186,0.0063276538713483085,26.700000000000003,miss,
task_50_1,dev_50,offload,38.700500000000005,38.700500000000005,38.7147,38.717400000000005,14.199999999995327,2.7,14.175671074973797,31.075671074973492,0.0070878355374868985,24.200000000000003,miss,
task_90_0,dev_90,offload,38.973800000000004,38.973800000000004,38.9859,38.9881,12.099999999996669,2.2,12.125304647284118,26.425304647282765,0.0060626523236420584,22.500000000000004,miss,
task_68_1,dev_68,offload,39.1764,39.1764,39.1877,39.189800000000005,11.299999999998533,2.1,11.295438143165814,24.69543814317011,0.005647719071582907,29.6,hit,
task_30_1,dev_30,offload,39.868100000000005,39.868100000000005,39.8785,39.880500000000005,10.399999999997078,2.0,10.430198127580118,22.830198127579642,0.005215099063790059,28.3,hit,
task_191_2,dev_191,offload,39.926,39.926,39.941,39.9437,15.000000000000568,2.7,15.02067926397568,32.72067926397351,0.00751033963198784,27.8,miss,
task_156_0,dev_156,offload,40.2571,40.2571,40.269800000000004,40.2721,12.700000000002376,2.3,12.722458053823,27.72245805382357,0.0063612290269115,20.400000000000002,miss,
task_96_0,dev_96,offload,40.438700000000004,40.438700000000004,40.4521,40.4545,13.399999999997192,2.4000000000000004,13.41621248271399,29.21621248271269,0.006708106241356994,21.5,miss,
task_0_0,dev_0,offload,40.8024,40.8024,40.8157,40.818200000000004,13.300000000000978,2.5,13.33611776559434,29.136117765600147,0.00666805888279717,22.2,miss,
task_63_3,dev_63,offload,41.5002,41.5002,41.512,41.5142,11.80000000000092,2.2,11.807581402376423,25.80758140237932,0.0059037907011882116,23.900000000000002,miss,
task_160_1,dev_160,offload,41.712900000000005,41.712900000000005,41.7267,41.7293,13.79999999999626,2.6000000000000005,13.846052211509333,30.246052211506637,0.006923026105754667,28.800000000000004,miss,
task_30_2,dev_30,offload,41.7292,41.7292,41.740700000000004,41.7428,11.500000000005173,2.1,11.466252983094847,25.06625298309868,0.005733126491547423,26.500000000000004,hit,
task_1_0,dev_1,offload,41.769000000000005,41.769000000000005,41.7826,41.7851,13.599999999996726,2.5,13.638751104092872,29.738751104087324,0.006819375552046436,26.1,miss,
task_161_1,dev_161,offload,41.8127,41.8127,41.8228,41.824600000000004,10.10000000000133,1.8000000000000003,10.075994433393374,21.975994433397616,0.005037997216696687,23.8,hit,
task_66_0,dev_66,offload,42.0028,42.0028,42.016600000000004,42.019200000000005,13.800000000003365,2.6000000000000005,13.814870770058526,30.214870770062937,0.006907435385029263,26.9,miss,
task_35_0,dev_35,offload,42.4161,42.4161,42.4289,42.431200000000004,12.79999999999859,2.3,12.812587678586954,27.912587678590842,0.006406293839293477,21.2,miss,
task_5_0,dev_5,offload,42.4499,42.4499,42.464200000000005,42.467,14.300000000005753,2.8,14.320596629980704,31.420596629979933,0.007160298314990352,23.0,miss,
task_70_1,dev_70,offload,42.5366,42.5366,42.547200000000004,42.5491,10.600000000003718,1.9,10.571225709816385,23.071225709819227,0.005285612854908192,23.1,hit,
task_93_1,dev_93,offload,42.5951,42.5951,42.607800000000005,42.6101,12.700000000002376,2.3,12.745254860704875,27.745254860705444,0.006372627430352437,29.500000000000004,hit,
task_145_0,dev_145,local,42.9747,42.9747,,,0.0,0.0,0.0,,0.0,24.1,drop,
task_173_0,dev_173,offload,43.091300000000004,43.091300000000004,43.1051,43.107600000000005,13.79999999999626,2.5,13.797422104957043,30.097422104958135,0.006898711052478522,27.400000000000002,miss,
task_56_0,dev_56,offload,43.2749,43.2749,43.289,43.2916,14.099999999999113,2.6000000000000005,14.103823839710676,30.803823839710837,0.007051911919855338,21.8,miss,
task_197_1,dev_197,offload,43.3793,43.3793,43.39,43.3919,10.699999999999932,1.9,10.683539383341357,23.28353938334041,0.005341769691670678,25.400000000000002,hit,
task_62_0,dev_62,offload,43.384800000000006,43.384800000000006,43.3956,43.397800000000004,10.799999999996146,2.2,10.83105710930474,23.831057109302865,0.00541552855465237,26.500000000000004,hit,
task_3_1,dev_3,offload,43.5,43.5,43.510200000000005,43.512100000000004,10.20000000000465,1.9,10.203749802109444,22.303749802113217,0.005101874901054722,28.1,hit,
task_172_2,dev_172,offload,43.5763,43.5763,43.589,43.591300000000004,12.69999999999527,2.3,12.669081653775237,27.669081653775805,0.006334540826887619,21.7,miss,
task_150_1,dev_150,offload,43.6972,43.6972,43.711000000000006,43.7136,13.800000000003365,2.6000000000000005,13.831982583798785,30.23198258379609,0.0069159912918993925,23.8,miss,
task_143_0,dev_143,offload,43.7457,43.7457,43.7573,43.7594,11.600000000001387,2.1,11.593720296955885,25.293720296955932,0.005796860148477943,22.500000000000004,miss,
task_185_1,dev_185,offload,43.9311,43.9311,43.9444,43.9468,13.300000000000978,2.4000000000000004,13.284300389195101,28.984300389197593,0.00664215019459755,20.400000000000002,miss,
task_94_1,dev_94,offload,44.1058,44.1058,44.1177,44.119800000000005,11.899999999997135,2.1,11.86429971893064,25.864299718933538,0.00593214985946532,23.400000000000002,miss,
task_152_1,dev_152,offload,44.113600000000005,44.113600000000005,44.1267,44.1291,13.099999999994338,2.4000000000000004,13.10365801177999,28.603658011775842,0.0065518290058899946,23.599999999999998,miss,
task_97_0,dev_97,offload,44.3545,44.3545,44.3692,44.371900000000004,14.699999999997715,2.7,14.74080394940182,32.1408039494039,0.007370401974700911,21.3,miss,
task_155_2,dev_155,offload,44.9365,44.9365,44.948800000000006,44.951,12.300000000003308,2.2,12.296585449994142,26.79658544999232,0.006148292724997071,27.400000000000002,hit,
task_97_1,dev_97,offload,44.9878,44.9878,45.0001,45.0024,12.300000000003308,2.3,12.335729705560887,26.935729705562387,0.006167864852780444,24.400000000000002,miss,
task_15_1,dev_15,offload,45.1225,45.1225,45.1327,45.1345,10.199999999997544,1.8000000000000003,10.225549479812786,22.22554947981324,0.005112774739906393,23.5,hit,
task_191_3,dev_191,offload,45.5514,45.5514,45.564,45.566300000000005,12.599999999999056,2.3,12.55970462519413,27.459704625198484,0.006279852312597064,20.800000000000004,miss,
task_173_1,dev_173,offload,46.3404,46.3404,46.353500000000004,46.355900000000005,13.100000000001444,2.4000000000000004,13.11279635556095,28.61279635556391,0.006556398177780475,20.1,miss,
task_135_2,dev_135,offload,46.4545,46.4545,46.467600000000004,46.4699,13.100000000001444,2.3,13.128487524576073,28.52848752457571,0.0065642437622880365,27.700000000000003,miss,
task_160_2,dev_160,offload,46.4827,46.4827,46.4953,46.4977,12.599999999999056,2.4000000000000004,12.575833914217567,27.575833914218137,0.006287916957108783,21.0,miss,
task_158_1,dev_158,offload,46.594300000000004,46.594300000000004,46.6071,46.6094,12.79999999999859,2.3,12.829812149813993,27.929812149810775,0.006414906074906996,22.4,miss,
task_91_0,dev_91,offload,46.6741,46.6741,46.6905,46.6935,16.399999999997306,3.0,16.38522939823926,35.78522939823668,0.008192614699119631,22.9,miss,
task_66_1,dev_66,offload,46.9078,46.9078,46.9196,46.921800000000005,11.80000000000092,2.2,11.839852638402629,25.839852638405528,0.0059199263192013145,23.5,miss,
task_11_0,dev_11,offload,46.926,46.926,46.9384,46.9407,12.399999999999523,2.3,12.43564803873941,27.135648038737123,0.006217824019369705,26.500000000000004,miss,
task_16_0,dev_16,offload,47.367000000000004,47.367000000000004,47.3808,47.383300000000006,13.79999999999626,2.5,13.778860062230807,30.078860062231897,0.006889430031115404,29.0,miss,
task_75_0,dev_75,offload,47.3919,47.3919,47.4041,47.4063,12.199999999999989,2.2,12.201794255087158,26.601794255089125,0.006100897127543579,29.7,hit,
task_103_1,dev_103,offload,47.4057,47.4057,47.418600000000005,47.421,12.90000000000191,2.4000000000000004,12.889632014476978,28.189632014473297,0.006444816007238489,20.0,miss,
task_42_0,dev_42,offload,47.492200000000004,47.492200000000004,47.502,47.504000000000005,9.799999999998477,2.0,9.846181152409212,21.646181152410133,0.004923090576204606,22.4,hit,
task_3_2,dev_3,offload,47.5782,47.5782,47.5912,47.5936,12.999999999998124,2.4000000000000004,13.045974751781403,28.445974751781037,0.006522987375890701,24.3,miss,
task_58_0,dev_58,offload,47.653200000000005,47.653200000000005,47.6662,47.668600000000005,12.999999999998124,2.4000000000000004,12.953921539081406,28.353921539081043,0.006476960769540703,21.0,miss,
task_135_3,dev_135,offload,47.6599,47.6599,47.6732,47.6756,13.300000000000978,2.4000000000000004,13.28214757582408,28.98214757582657,0.00664107378791204,28.900000000000002,miss,
task_142_0,dev_142,offload,47.6706,47.6706,47.6815,47.6837,10.899999999999466,2.2,10.886218405324186,23.98621840532563,0.0054431092026620935,26.8,hit,
task_138_2,dev_138,offload,47.8522,47.8522,47.8659,47.8684,13.700000000000045,2.5,13.664277368774293,29.864277368772065,0.0068321386843871465,23.3,miss,
task_104_3,dev_104,offload,47.9317,47.9317,47.9468,47.9495,15.100000000003888,2.7,15.127843092616558,32.92784309261771,0.007563921546308279,28.900000000000002,miss,
task_9_2,dev_9,offload,48.0171,48.0171,48.0291,48.0313,12.000000000000455,2.2,12.010961494398222,26.210961494400657,0.006005480747199111,21.7,miss,
task_47_0,dev_47,offload,48.084500000000006,48.084500000000006,48.097300000000004,48.0996,12.79999999999859,2.3,12.8296221116932,27.92962211168998,0.006414811055846599,27.0,miss,
task_84_1,dev_84,offload,48.1623,48.1623,48.1757,48.1781,13.399999999997192,2.4000000000000004,13.39878227412069,29.198782274119395,0.006699391137060345,25.7,miss,
task_69_0,dev_69,offload,48.276700000000005,48.276700000000005,48.287800000000004,48.2898,11.099999999999,2.0,11.114560750363,24.214560750357336,0.0055572803751815,20.7,miss,
task_97_2,dev_97,offload,48.5263,48.5263,48.537,48.539,10.699999999999932,2.0,10.70983286256936,23.409832862571736,0.00535491643128468,26.4,hit,
task_51_3,dev_51,offload,48.5659,48.5659,48.5779,48.5801,12.000000000000455,2.2,12.006288647815692,26.206288647818127,0.006003144323907846,23.200000000000003,miss,
task_21_1,dev_21,offload,49.0737,49.0737,49.0867,49.0891,12.999999999998124,2.4000000000000004,13.0250427796762,28.425042779675834,0.0065125213898381005,22.8,miss,
task_189_0,dev_189,offload,49.0773,49.0773,49.0899,49.092200000000005,12.599999999999056,2.3,12.575908997979557,27.47590899798391,0.006287954498989778,23.1,miss,
task_174_2,dev_174,offload,49.514900000000004,49.514900000000004,49.5285,49.5309,13.599999999996726,2.4000000000000004,13.604719635055694,29.604719635053932,0.0068023598175278475,22.3,miss,
task_94_2,dev_94,offload,49.679700000000004,49.679700000000004,49.6906,49.6925,10.899999999999466,1.9,10.864876024605433,23.664876024604023,0.0054324380123027165,21.1,miss,
task_139_1,dev_139,offload,49.912,49.912,49.9239,49.926100000000005,11.90000000000424,2.2,11.929440164605822,26.02944016461204,0.005964720082302911,20.1,miss,
task_183_0,dev_183,offload,49.949600000000004,49.949600000000004,49.9609,49.963,11.299999999998533,2.1,11.313273935912148,24.713273935909342,0.005656636967956074,29.400000000000002,hit,
task_117_0,dev_117,offload,50.305,50.305,50.317800000000005,50.320100000000004,12.800000000005696,2.3,12.751446286821567,27.851446286825457,0.006375723143410784,29.7,hit,
task_118_0,dev_118,offload,50.5469,50.5469,50.5614,50.564,14.499999999998181,2.6000000000000005,14.483938490964489,31.583938490963718,0.007241969245482245,28.200000000000003,miss,
task_79_3,dev_79,offload,50.723200000000006,50.723200000000006,50.735,50.7372,11.799999999993815,2.2,11.834798516203735,25.834798516199527,0.005917399258101867,24.200000000000003,miss,
task_38_0,dev_38,offload,51.5384,51.5384,51.5495,51.551500000000004,11.099999999999,2.0,11.131335686902384,24.231335686903826,0.0055656678434511915,28.7,hit,
task_155_3,dev_155,offload,51.9255,51.9255,51.939,51.9414,13.500000000000512,2.4000000000000004,13.514204710007526,29.41420471000955,0.006757102355003763,26.700000000000003,miss,
task_187_1,dev_187,offload,52.258500000000005,52.258500000000005,52.2719,52.274300000000004,13.399999999997192,2.4000000000000004,13.372039974081552,29.172039974080256,0.006686019987040776,28.7,miss,
task_103_2,dev_103,offload,52.4059,52.4059,52.417300000000004,52.4194,11.400000000001853,2.1,11.355839972752504,24.855839972753017,0.0056779199863762515,25.3,hit,
task_139_2,dev_139,offload,52.5563,52.5563,52.566900000000004,52.5688,10.600000000003718,1.9,10.572624663717958,23.072624663720802,0.005286312331858979,25.3,hit,
task_55_0,dev_55,offload,52.758100000000006,52.758100000000006,52.771800000000006,52.7742,13.700000000000045,2.4000000000000004,13.68437102619533,29.78437102618978,0.006842185513097666,29.7,miss,
task_69_1,dev_69,local,52.764700000000005,52.764700000000005,,,0.0,0.0,0.0,,0.0,20.900000000000002,drop,
task_180_0,dev_180,offload,52.7674,52.7674,52.779,52.781200000000005,11.600000000001387,2.2,11.63514073676348,25.435140736766847,0.00581757036838174,22.4,miss,
task_120_1,dev_120,offload,52.880300000000005,52.880300000000005,52.891600000000004,52.8937,11.299999999998533,2.1,11.332086051662285,24.73208605165948,0.005666043025831143,25.0,hit,
task_89_1,dev_89,offload,52.933400000000006,52.933400000000006,52.945800000000006,52.948100000000004,12.399999999999523,2.3,12.425635128146522,27.12563512814424,0.006212817564073261,23.0,miss,
task_158_2,dev_158,offload,53.007600000000004,53.007600000000004,53.0206,53.023,12.999999999998124,2.4000000000000004,13.00299923607788,28.402999236077516,0.00650149961803894,28.800000000000004,hit,
task_23_3,dev_23,offload,53.340900000000005,53.340900000000005,53.3515,53.3534,10.599999999996612,1.9,10.60274676932998,23.10274676932572,0.005301373384664991,25.8,hit,
task_58_1,dev_58,offload,53.4258,53.4258,53.4399,53.4425,14.099999999999113,2.6000000000000005,14.123999567655614,30.823999567655775,0.007061999783827808,28.3,miss,
task_9_3,dev_9,offload,53.4787,53.4787,53.49,53.4921,11.299999999998533,2.1,11.337149151550634,24.737149151547825,0.005668574575775317,26.200000000000003,hit,
task_52_1,dev_52,local,53.5459,53.5459,,,0.0,0.0,0.0,,0.0,20.200000000000003,drop,
task_131_0,dev_131,offload,53.757400000000004,53.757400000000004,53.7689,53.771,11.499999999998067,2.1,11.531507229064085,25.13150722906081,0.005765753614532043,24.0,miss,
task_32_0,dev_32,offload,53.778400000000005,53.778400000000005,53.790600000000005,53.7928,12.199999999999989,2.2,12.239156570613588,26.63915657060845,0.006119578285306794,28.3,hit,
task_169_0,dev_169,offload,54.2445,54.2445,54.2575,54.2599,12.999999999998124,2.4000000000000004,13.008485714448584,28.40848571444822,0.006504242857224292,21.3,miss,
task_148_0,dev_148,offload,54.5998,54.5998,54.613400000000006,54.6159,13.600000000003831,2.5,13.627364855000476,29.727364855002033,0.006813682427500238,28.5,miss,
task_68_2,dev_68,offload,54.658100000000005,54.658100000000005,54.6736,54.6764,15.49999999999585,2.8,15.544133422564835,33.844133422561264,0.007772066711282418,23.900000000000002,miss,
task_137_1,dev_137,offload,54.9634,54.9634,54.9772,54.9797,13.800000000003365,2.5,13.809876817811626,30.10987681781272,0.006904938408905813,22.700000000000003,miss,
task_125_0,dev_125,offload,55.3326,55.3326,55.3449,55.347100000000005,12.300000000003308,2.2,12.258679960124168,26.758679960129456,0.006129339980062084,22.000000000000004,miss,
task_44_0,dev_44,offload,55.8256,55.8256,55.838800000000006,55.841100000000004,13.200000000004763,2.3,13.181761460692575,28.681761460695533,0.006590880730346288,21.0,miss,
task_122_0,dev_122,offload,55.8633,55.8633,55.874500000000005,55.8767,11.20000000000232,2.2,11.152090851175208,24.5520908511724,0.005576045425587604,24.900000000000002,hit,
task_45_1,dev_45,offload,56.365500000000004,56.365500000000004,56.378600000000006,56.381,13.100000000001444,2.4000000000000004,13.149274596177898,28.649274596173747,0.006574637298088949,27.8,miss,
task_152_2,dev_152,offload,56.880700000000004,56.880700000000004,56.894000000000005,56.8964,13.300000000000978,2.4000000000000004,13.307641856575573,29.007641856570956,0.0066538209282877864,20.1,miss,
task_19_1,dev_19,offload,56.917100000000005,56.917100000000005,56.9273,56.9292,10.199999999997544,1.9,10.218948895281484,22.318948895278155,0.0051094744476407414,25.1,hit,
task_93_2,dev_93,offload,56.994800000000005,56.994800000000005,57.009,57.0116,14.199999999995327,2.6000000000000005,14.15973832492369,30.959738324920064,0.007079869162461845,21.1,miss,
task_46_0,dev_46,offload,57.331,57.331,57.345200000000006,57.3479,14.200000000002433,2.7,14.21115029471083,31.111150294710523,0.007105575147355415,26.8,miss,
task_199_0,dev_199,offload,58.4138,58.4138,58.4256,58.4277,11.80000000000092,2.1,11.755798345837187,25.655798345836764,0.005877899172918593,28.200000000000003,hit,
task_126_0,dev_126,offload,58.6192,58.6192,58.633500000000005,58.6362,14.300000000005753,2.7,14.27250580170288,31.272505801705893,0.00713625290085144,22.500000000000004,miss,
task_107_0,dev_107,offload,58.743500000000004,58.743500000000004,58.757400000000004,58.7599,13.89999999999958,2.5,13.877887153013988,30.277887153011292,0.006938943576506994,24.6,miss,
task_8_0,dev_8,offload,58.795100000000005,58.795100000000005,58.8089,58.811400000000006,13.79999999999626,2.5,13.783275705973905,30.083275705974998,0.006891637852986953,21.8,miss,
task_128_1,dev_128,offload,59.128,59.128,59.1392,59.141200000000005,11.20000000000232,2.0,11.229951457536423,24.429951457541186,0.005614975728768211,22.6,miss,
task_198_0,dev_198,offload,59.5016,59.5016,59.5112,59.513000000000005,9.599999999998943,1.8000000000000003,9.62003524882642,21.020035248828272,0.00481001762441321,29.500000000000004,hit,
task_164_0,dev_164,local,59.519800000000004,59.519800000000004,,,0.0,0.0,0.0,,0.0,23.900000000000002,drop,
task_125_1,dev_125,offload,59.5872,59.5872,59.5992,59.601400000000005,12.000000000000455,2.2,11.986228635095259,26.18622863509769,0.00599311431754763,24.200000000000003,miss,
task_131_1,dev_131,offload,59.774100000000004,59.774100000000004,59.786300000000004,59.788500000000006,12.199999999999989,2.2,12.167906954899905,26.567906954901872,0.006083953477449952,25.6,miss,
task_96_1,dev_96,offload,60.2094,60.2094,60.222,60.2243,12.599999999999056,2.3,12.626835352915432,27.52683535291268,0.006313417676457716,25.8,miss,
task_50_2,dev_50,offload,60.2323,60.2323,60.243700000000004,60.2458,11.400000000001853,2.1,11.439560212850196,24.939560212850708,0.005719780106425098,27.200000000000003,hit,
task_180_1,dev_180,offload,60.413700000000006,60.413700000000006,60.4277,60.4303,13.999999999995794,2.6000000000000005,14.041810388346939,30.641810388343778,0.007020905194173469,24.200000000000003,miss,
task_171_0,dev_171,offload,60.4769,60.4769,60.4904,60.492900000000006,13.500000000000512,2.5,13.509383464857768,29.509383464863113,0.006754691732428884,20.1,miss,
task_59_0,dev_59,offload,60.620400000000004,60.620400000000004,60.633,60.6353,12.599999999999056,2.3,12.646587472332307,27.546587472329556,0.006323293736166153,29.1,hit,
task_198_1,dev_198,offload,60.6604,60.6604,60.669900000000005,60.671600000000005,9.500000000002728,1.7000000000000002,9.463620470606637,20.663620470608954,0.004731810235303319,28.900000000000002,hit,
task_113_1,dev_113,offload,60.7205,60.7205,60.735600000000005,60.738400000000006,15.100000000003888,2.8,15.0767433968483,32.97674339685277,0.00753837169842415,26.000000000000004,miss,
task_162_0,dev_162,offload,60.819900000000004,60.819900000000004,60.831100000000006,60.8333,11.20000000000232,2.2,11.165073719807387,24.56507371980458,0.005582536859903693,21.6,miss,
task_127_0,dev_127,offload,60.850300000000004,60.850300000000004,60.8622,60.8644,11.899999999997135,2.2,11.858299103199267,25.958299103198378,0.005929149551599633,23.0,miss,
task_178_1,dev_178,offload,60.879200000000004,60.879200000000004,60.895700000000005,60.898700000000005,16.500000000000625,3.0,16.540846174391486,36.04084617439223,0.008270423087195743,21.1,miss,
task_194_0,dev_194,offload,61.1816,61.1816,61.1952,61.1976,13.599999999996726,2.4000000000000004,13.625016594033902,29.62501659403214,0.006812508297016951,28.0,miss,
task_101_0,dev_101,offload,61.555800000000005,61.555800000000005,61.567800000000005,61.57,12.000000000000455,2.2,12.025174021118378,26.225174021113705,0.006012587010559189,25.400000000000002,miss,
task_56_1,dev_56,offload,61.718300000000006,61.718300000000006,61.7319,61.7344,13.599999999996726,2.5,13.578702704520273,29.678702704514727,0.006789351352260137,24.5,miss,
task_91_1,dev_91,offload,61.894600000000004,61.894600000000004,61.9056,61.9076,10.99999999999568,2.0,10.967945600945193,23.967945600943317,0.005483972800472596,25.3,hit,
task_162_1,dev_162,offload,62.1257,62.1257,62.1362,62.1383,10.500000000000398,2.1,10.529332556583133,23.12933255658219,0.005264666278291566,27.5,hit,
task_162_2,dev_162,offload,62.5628,62.5628,62.575300000000006,62.5778,12.500000000002842,2.5,12.479135663784263,27.47913566378483,0.006239567831892131,28.800000000000004,hit,
task_112_2,dev_112,offload,63.116200000000006,63.116200000000006,63.128400000000006,63.1306,12.199999999999989,2.2,12.247716425616938,26.647716425611797,0.006123858212808469,23.3,miss,
task_35_1,dev_35,offload,63.2119,63.2119,63.2244,63.226600000000005,12.500000000002842,2.2,12.510515327422242,27.21051532742706,0.006255257663711121,25.0,miss,
task_30_3,dev_30,offload,63.2836,63.2836,63.2948,63.296800000000005,11.20000000000232,2.0,11.197761567872414,24.397761567877176,0.005598880783936207,26.4,hit,
task_50_3,dev_50,offload,63.4758,63.4758,63.487300000000005,63.4894,11.500000000005173,2.1,11.470747713365418,25.07074771336925,0.0057353738566827085,29.0,hit,
task_161_2,dev_161,offload,63.7289,63.7289,63.741,63.7432,12.099999999996669,2.2,12.098282989739621,26.39828298973827,0.006049141494869811,25.8,miss,
task_95_0,dev_95,offload,63.734300000000005,63.734300000000005,63.746,63.7481,11.699999999997601,2.1,11.693862878990611,25.49386287898687,0.005846931439495305,27.900000000000002,hit,
task_183_1,dev_183,offload,63.800700000000006,63.800700000000006,63.8123,63.814400000000006,11.599999999994282,2.1,11.649180640086536,25.34918064008658,0.005824590320043268,22.700000000000003,miss,
task_153_2,dev_153,offload,63.9194,63.9194,63.933,63.935500000000005,13.599999999996726,2.5,13.602197083984588,29.702197083986146,0.006801098541992294,29.7,miss,
task_44_1,dev_44,offload,64.1046,64.1046,64.11710000000001,64.11930000000001,12.500000000002842,2.2,12.510491108258854,27.210491108263675,0.006255245554129427,23.3,miss,
task_160_3,dev_160,offload,64.1663,64.1663,64.1791,64.1815,12.79999999999859,2.4000000000000004,12.832943787887753,28.03294378788075,0.006416471893943876,26.200000000000003,miss,
task_116_3,dev_116,offload,64.2128,64.2128,64.2282,64.23100000000001,15.399999999999636,2.8,15.38398868054403,33.58398868055135,0.007691994340272015,20.800000000000004,miss,
task_135_4,dev_135,offload,64.26950000000001,64.26950000000001,64.2833,64.28580000000001,13.799999999989154,2.5,13.840165186809386,30.140165186810478,0.006920082593404694,25.500000000000004,miss,
task_73_0,dev_73,offload,64.84020000000001,64.84020000000001,64.8531,64.8555,12.899999999987699,2.4000000000000004,12.930019066490235,28.230019066486552,0.006465009533245117,27.900000000000002,miss,
task_140_2,dev_140,offload,64.85340000000001,64.85340000000001,64.8645,64.8666,11.099999999999,2.1,11.054003377416537,24.254003377414193,0.0055270016887082685,24.6,hit,
task_109_0,dev_109,offload,65.1215,65.1215,65.1337,65.1359,12.200000000007094,2.2,12.199297535153416,26.59929753516249,0.006099648767576708,22.9,miss,
task_135_5,dev_135,offload,65.1386,65.1386,65.1533,65.1559,14.70000000000482,2.6000000000000005,14.743116873041254,32.04311687304712,0.007371558436520627,20.200000000000003,miss,
task_158_3,dev_158,offload,65.6199,65.6199,65.63300000000001,65.6354,13.10000000000855,2.4000000000000004,13.133868964081678,28.633868964084634,0.0065669344820408395,22.500000000000004,miss,
task_177_1,dev_177,offload,65.7727,65.7727,65.78410000000001,65.78620000000001,11.400000000008959,2.1,11.405836055953827,24.905836055961444,0.005702918027976914,23.8,miss,
task_57_0,dev_57,offload,66.1065,66.1065,66.1202,66.12270000000001,13.700000000000045,2.5,13.65907025154906,29.859070251561043,0.00682953512577453,29.900000000000002,hit,
task_168_2,dev_168,local,66.46770000000001,66.46770000000001,,,0.0,0.0,0.0,,0.0,29.900000000000002,drop,
task_184_0,dev_184,offload,66.48060000000001,66.48060000000001,66.4916,66.4935,10.99999999999568,1.9,10.951107061803231,23.85110706179093,0.005475553530901615,23.400000000000002,miss,
task_24_2,dev_24,offload,66.9855,66.9855,66.9975,66.9996,12.000000000000455,2.1,12.036158318806327,26.136158318805442,0.006018079159403163,24.7,miss,
task_10_1,dev_10,offload,67.1373,67.1373,67.1495,67.1517,12.200000000007094,2.2,12.17253316618411,26.572533166193182,0.006086266583092055,27.700000000000003,hit,
task_111_0,dev_111,offload,67.404,67.404,67.4153,67.4174,11.300000000005639,2.1,11.34695142976981,24.746951429774107,0.005673475714884905,22.2,miss,
task_22_0,dev_22,offload,67.504,67.504,67.5149,67.5171,10.89999999999236,2.2,10.85863389500899,23.95863389500333,0.005429316947504495,22.4,miss,
task_68_3,dev_68,offload,67.95570000000001,67.95570000000001,67.9666,67.96860000000001,10.89999999999236,2.0,10.923090335102694,23.823090335104602,0.005461545167551347,29.1,hit,
task_194_1,dev_194,offload,68.3858,68.3858,68.39880000000001,68.4011,13.00000000000523,2.3,12.95126362009786,28.25126362009418,0.00647563181004893,28.7,hit,
task_84_2,dev_84,offload,68.54140000000001,68.54140000000001,68.5548,68.55720000000001,13.399999999990087,2.4000000000000004,13.437054596469448,29.237054596468152,0.0067185272982347236,20.900000000000002,miss,
task_43_3,dev_43,offload,68.9453,68.9453,68.95660000000001,68.95870000000001,11.300000000005639,2.1,11.268904563798387,24.668904563802684,0.005634452281899193,23.900000000000002,miss,
task_74_3,dev_74,offload,69.6508,69.6508,69.6636,69.66590000000001,12.79999999999859,2.3,12.800209600898102,27.900209600901988,0.006400104800449051,29.500000000000004,hit,
task_190_1,dev_190,offload,70.1537,70.1537,70.1643,70.1662,10.599999999996612,1.9,10.554939116973719,23.054939116976563,0.005277469558486859,24.900000000000002,hit,
task_103_3,dev_103,offload,70.3764,70.3764,70.3891,70.3914,12.69999999999527,2.3,12.748015085688303,27.74801508568887,0.006374007542844152,22.2,miss,
task_80_0,dev_80,offload,70.4691,70.4691,70.483,70.4856,13.900000000006685,2.6000000000000005,13.934953904890659,30.43495390489839,0.006967476952445329,22.500000000000004,miss,
task_23_4,dev_23,offload,70.5612,70.5612,70.57600000000001,70.5787,14.80000000000814,2.7,14.753679952019548,32.25367995201784,0.0073768399760097735,23.900000000000002,miss,
task_72_0,dev_72,offload,71.678,71.678,71.6907,71.6931,12.700000000009481,2.4000000000000004,12.657746105040237,27.757746105044127,0.006328873052520119,25.7,miss,
task_189_1,dev_189,offload,71.7998,71.7998,71.8147,71.8174,14.899999999997249,2.7,14.89854066945107,32.49854066945268,0.007449270334725535,23.200000000000003,miss,
task_94_3,dev_94,local,71.91720000000001,71.91720000000001,,,0.0,0.0,0.0,,0.0,21.8,drop,
task_196_0,dev_196,offload,72.7365,72.7365,72.7489,72.7512,12.399999999999523,2.3,12.377209634528805,27.077209634519413,0.006188604817264402,28.3,hit,
task_3_3,dev_3,offload,72.74940000000001,72.74940000000001,72.76180000000001,72.7641,12.399999999999523,2.3,12.350808275254757,27.050808275245366,0.006175404137627378,29.8,hit,
task_97_3,dev_97,offload,72.8806,72.8806,72.8933,72.8957,12.69999999999527,2.4000000000000004,12.70645330597515,27.80645330597904,0.0063532266529875755,24.3,miss,
task_17_0,dev_17,drop,72.8897,72.8897,,,,0.0,,,0.0,26.500000000000004,drop,
task_85_1,dev_85,offload,73.38980000000001,73.38980000000001,73.4036,73.40610000000001,13.799999999989154,2.5,13.775683588137571,30.075683588138663,0.006887841794068786,20.1,miss,
task_9_4,dev_9,offload,73.515,73.515,73.5273,73.5295,12.299999999996203,2.2,12.323609171946389,26.823609171944568,0.006161804585973194,26.4,miss,
task_111_1,dev_111,offload,73.5468,73.5468,73.5595,73.5618,12.69999999999527,2.3,12.732399707273803,27.73239970727437,0.006366199853636902,21.3,miss,
task_155_4,dev_155,offload,73.7902,73.7902,73.8048,73.8074,14.6000000000015,2.6000000000000005,14.560052685966667,31.760052685969214,0.007280026342983334,25.500000000000004,miss,
task_47_1,dev_47,offload,73.9967,73.9967,74.01140000000001,74.0141,14.70000000000482,2.7,14.663794676804406,32.06379467679938,0.0073318973384022025,21.3,miss,
task_125_2,dev_125,offload,74.0634,74.0634,74.0761,74.0784,12.69999999999527,2.3,12.735735639956316,27.735735639956886,0.006367867819978158,20.200000000000003,miss,
task_123_1,dev_123,offload,74.49900000000001,74.49900000000001,74.5113,74.51350000000001,12.299999999996203,2.2,12.279802940036891,26.779802940035072,0.006139901470018446,28.7,hit,
task_41_2,dev_41,offload,74.50630000000001,74.50630000000001,74.51910000000001,74.5214,12.79999999999859,2.3,12.802687755652565,27.90268775564224,0.0064013438778262825,23.200000000000003,miss,
task_110_0,dev_110,offload,74.6455,74.6455,74.6584,74.66080000000001,12.90000000000191,2.4000000000000004,12.879549852465356,28.179549852475883,0.006439774926232678,23.200000000000003,miss,
task_45_2,dev_45,offload,74.6482,74.6482,74.6613,74.6637,13.099999999994338,2.4000000000000004,13.076966011598032,28.576966011600987,0.006538483005799016,28.200000000000003,miss,
task_49_0,dev_49,offload,74.9539,74.9539,74.9671,74.96950000000001,13.199999999997658,2.4000000000000004,13.182636644252433,28.78263664425871,0.006591318322126217,24.3,miss,
task_58_2,dev_58,offload,74.9929,74.9929,75.0053,75.0076,12.399999999999523,2.3,12.38110994705947,27.08110994705008,0.006190554973529735,26.500000000000004,miss,
task_37_3,dev_37,offload,75.18180000000001,75.18180000000001,75.1957,75.1982,13.899999999992474,2.5,13.902946822260045,30.302946822250245,0.006951473411130022,24.3,miss,
task_126_1,dev_126,offload,75.3199,75.3199,75.33160000000001,75.3338,11.700000000004707,2.2,11.682691339555491,25.582691339547964,0.005841345669777746,23.700000000000003,miss,
task_7_1,dev_7,offload,75.34960000000001,75.34960000000001,75.3619,75.36410000000001,12.299999999996203,2.2,12.274507991137096,26.774507991135277,0.006137253995568548,26.6,miss,
task_153_3,dev_153,offload,75.3793,75.3793,75.3899,75.3919,10.599999999996612,2.0,10.602474089174471,23.202474089180633,0.005301237044587235,21.8,miss,
task_77_0,dev_77,offload,75.72240000000001,75.72240000000001,75.7328,75.7347,10.399999999989973,1.9,10.398505443375974,22.698505443372177,0.005199252721687987,27.900000000000002,hit,
task_21_2,dev_21,offload,75.74430000000001,75.74430000000001,75.75670000000001,75.759,12.399999999999523,2.3,12.413138375761493,27.1131383757521,0.006206569187880747,24.0,miss,
task_69_2,dev_69,offload,75.79180000000001,75.79180000000001,75.80330000000001,75.8054,11.499999999998067,2.1,11.469618529169459,25.069618529166185,0.0057348092645847296,24.0,miss,
task_70_2,dev_70,offload,75.88380000000001,75.88380000000001,75.8956,75.8978,11.799999999993815,2.2,11.819756299065991,25.819756299061787,0.005909878149532996,24.3,miss,
task_21_3,dev_21,offload,76.053,76.053,76.06530000000001,76.06750000000001,12.300000000010414,2.2,12.254867221104544,26.754867221116935,0.006127433610552272,23.0,miss,
task_151_0,dev_151,offload,76.27340000000001,76.27340000000001,76.28670000000001,76.2891,13.300000000000978,2.4000000000000004,13.316092034401677,29.01609203439706,0.006658046017200839,20.400000000000002,miss,
task_44_2,dev_44,offload,76.2762,76.2762,76.2903,76.2928,14.099999999999113,2.5,14.144287705114284,30.744287705111123,0.0070721438525571416,26.4,miss,
task_22_1,dev_22,offload,76.2936,76.2936,76.30340000000001,76.3054,9.800000000012687,2.0,9.789320058117978,21.589320058126006,0.004894660029058989,26.6,hit,
task_112_3,dev_112,offload,76.45750000000001,76.45750000000001,76.47,76.4723,12.499999999988631,2.3,12.484006924804923,27.284006924798852,0.006242003462402461,26.000000000000004,miss,
task_15_2,dev_15,offload,76.483,76.483,76.4948,76.4969,11.799999999993815,2.1,11.771965163875166,25.67196516386764,0.005885982581937583,21.9,miss,
task_4_0,dev_4,offload,76.6168,76.6168,76.6318,76.6345,15.000000000000568,2.7,15.013291016974541,32.713291016979476,0.007506645508487271,20.800000000000004,miss,
task_134_1,dev_134,local,76.7462,76.7462,,,0.0,0.0,0.0,,0.0,22.6,drop,
task_127_1,dev_127,offload,77.13850000000001,77.13850000000001,77.1517,77.1541,13.199999999997658,2.4000000000000004,13.151087116847894,28.751087116839958,0.0065755435584239465,27.3,miss,
task_179_0,dev_179,offload,77.4731,77.4731,77.4846,77.4867,11.499999999998067,2.1,11.512390374556148,25.112390374552874,0.005756195187278074,25.0,miss,
task_89_2,dev_89,offload,77.6808,77.6808,77.6917,77.6937,10.89999999999236,2.0,10.917455036667564,23.81745503666947,0.005458727518333782,20.5,miss,
task_64_1,dev_64,offload,77.82260000000001,77.82260000000001,77.8373,77.8399,14.69999999999061,2.6000000000000005,14.734583799089842,32.034583799081496,0.007367291899544921,20.7,miss,
task_105_0,dev_105,offload,78.0552,78.0552,78.0687,78.0712,13.500000000007617,2.5,13.491499011547745,29.49149901155309,0.006745749505773873,27.5,miss,
task_85_2,dev_85,offload,78.10860000000001,78.10860000000001,78.1209,78.1232,12.299999999996203,2.3,12.339658666276481,26.93965866626377,0.006169829333138241,22.1,miss,
task_124_0,dev_124,offload,78.5864,78.5864,78.5986,78.6008,12.200000000007094,2.2,12.161920802173103,26.561920802182176,0.006080960401086552,25.7,miss,
task_118_1,dev_118,offload,78.78280000000001,78.78280000000001,78.7936,78.79560000000001,10.79999999998904,2.0,10.80857517027095,23.60857517026954,0.0054042875851354755,23.5,miss,
task_20_1,dev_20,offload,79.1062,79.1062,79.11800000000001,79.1202,11.800000000008026,2.2,11.797615558700551,25.797615558696343,0.005898807779350276,27.5,hit,
task_91_2,dev_91,offload,79.3638,79.3638,79.3777,79.3802,13.900000000006685,2.5,13.863347956346411,30.26334795635082,0.006931673978173206,25.2,miss,
task_27_1,dev_27,offload,79.3666,79.3666,79.3793,79.3816,12.69999999999527,2.3,12.67551738260537,27.67551738260594,0.006337758691302685,20.800000000000004,miss,
task_6_0,dev_6,offload,79.8229,79.8229,79.8339,79.836,10.99999999999568,2.1,11.03781105453109,24.13781105452543,0.005518905527265545,28.1,hit,
task_55_1,dev_55,offload,79.93430000000001,79.93430000000001,79.9457,79.9478,11.399999999994748,2.1,11.350501958643505,24.85050195863691,0.005675250979321753,21.0,miss,
task_61_2,dev_61,offload,80.06580000000001,80.06580000000001,80.07770000000001,80.07990000000001,11.899999999997135,2.2,11.883520229904038,25.98352022990315,0.005941760114952019,26.9,hit,
task_110_1,dev_110,offload,80.46950000000001,80.46950000000001,80.4825,80.48490000000001,12.999999999991019,2.4000000000000004,13.041840440021,28.441840440020634,0.0065209202200105,21.6,miss,
task_170_0,dev_170,offload,80.6584,80.6584,80.6718,80.6742,13.400000000004297,2.4000000000000004,13.362754138878213,29.162754138876917,0.006681377069439106,23.3,miss,
task_124_1,dev_124,offload,80.677,80.677,80.68950000000001,80.6917,12.500000000002842,2.2,12.500539427271644,27.200539427262253,0.006250269713635822,20.1,miss,
task_66_2,dev_66,offload,80.726,80.726,80.7376,80.7398,11.600000000001387,2.2,11.55313411661251,25.353134116615877,0.005776567058306255,27.5,hit,
task_190_2,dev_190,offload,80.86160000000001,80.86160000000001,80.8738,80.876,12.199999999992883,2.2,12.201250951777386,26.601250951772247,0.006100625475888693,28.900000000000002,hit,
task_167_0,dev_167,offload,80.92490000000001,80.92490000000001,80.93730000000001,80.9396,12.399999999999523,2.3,12.392521144280995,27.092521144271604,0.006196260572140498,27.0,miss,
task_40_0,dev_40,offload,81.0336,81.0336,81.047,81.04950000000001,13.399999999990087,2.5,13.434135024167736,29.33413502416976,0.006717067512083868,20.5,miss,
task_128_2,dev_128,offload,81.1538,81.1538,81.1663,81.1686,12.500000000002842,2.3,12.45896165771808,27.258961657712007,0.0062294808288590395,24.400000000000002,miss,
task_21_4,dev_21,offload,81.95750000000001,81.95750000000001,81.9701,81.97240000000001,12.599999999991951,2.3,12.582539482110858,27.48253948210811,0.006291269741055429,20.1,miss,
task_166_0,dev_166,offload,82.00750000000001,82.00750000000001,82.01780000000001,82.0197,10.300000000000864,1.9,10.25478833837907,22.454788338371955,0.005127394169189535,22.6,hit,
task_131_2,dev_131,offload,82.3968,82.3968,82.4067,82.4085,9.900000000001796,1.8000000000000003,9.916371431393193,21.6163714313979,0.004958185715696596,23.200000000000003,hit,
task_127_2,dev_127,offload,82.5258,82.5258,82.53960000000001,82.5421,13.800000000003365,2.5,13.77099180110153,30.070991801102622,0.006885495900550765,20.900000000000002,miss,
task_123_2,dev_123,offload,82.686,82.686,82.70230000000001,82.70530000000001,16.30000000000109,3.0,16.269279216724573,35.569279216725775,0.008134639608362287,27.5,miss,
task_29_1,dev_29,offload,82.84450000000001,82.84450000000001,82.8567,82.8589,12.199999999992883,2.2,12.240601896727338,26.6406018967222,0.006120300948363668,25.3,miss,
task_81_2,dev_81,offload,82.9084,82.9084,82.9214,82.9238,13.00000000000523,2.4000000000000004,12.95903992047522,28.359039920474856,0.00647951996023761,23.5,miss,
task_159_1,dev_159,offload,83.2573,83.2573,83.2705,83.2729,13.199999999997658,2.4000000000000004,13.236514540868649,28.836514540874923,0.006618257270434325,27.3,miss,
task_190_3,dev_190,offload,83.3708,83.3708,83.385,83.3876,14.200000000002433,2.6000000000000005,14.240656049891498,31.040656049894977,0.007120328024945749,27.700000000000003,miss,
task_89_3,dev_89,offload,83.818,83.818,83.8315,83.834,13.500000000007617,2.5,13.531025462298157,29.5310254623035,0.006765512731149078,28.3,miss,
task_159_2,dev_159,offload,84.10820000000001,84.10820000000001,84.12230000000001,84.12490000000001,14.099999999999113,2.6000000000000005,14.136402938360524,30.836402938360685,0.007068201469180262,21.6,miss,
task_135_6,dev_135,offload,84.1906,84.1906,84.2009,84.20270000000001,10.300000000000864,1.8000000000000003,10.346488240851661,22.446488240855437,0.00517324412042583,27.900000000000002,hit,
task_95_1,dev_95,offload,84.2218,84.2218,84.2367,84.2393,14.899999999997249,2.6000000000000005,14.852070146496446,32.35207014649474,0.0074260350732482236,24.1,miss,
task_58_3,dev_58,offload,84.4923,84.4923,84.506,84.5085,13.700000000000045,2.5,13.659395722278838,29.85939572227661,0.0068296978611394185,27.6,miss,
task_19_2,dev_19,offload,84.9513,84.9513,84.96430000000001,84.9667,13.00000000000523,2.4000000000000004,12.987854312561867,28.3878543125615,0.0064939271562809335,29.500000000000004,hit,
task_24_3,dev_24,offload,85.3301,85.3301,85.3455,85.3482,15.399999999999636,2.7,15.439052487180467,33.53905248718447,0.007719526243590233,29.500000000000004,miss,
task_171_1,dev_171,offload,85.5246,85.5246,85.5381,85.5406,13.499999999993406,2.5,13.479944221269953,29.479944221261086,0.006739972110634976,28.0,miss,
task_175_2,dev_175,offload,85.5416,85.5416,85.5543,85.5566,12.69999999999527,2.3,12.73910724901723,27.7391072490178,0.006369553624508615,28.900000000000002,hit,
task_61_3,dev_61,offload,85.58720000000001,85.58720000000001,85.5991,85.60130000000001,11.899999999997135,2.2,11.867613217086518,25.96761321708563,0.005933806608543259,23.8,miss,
task_166_1,dev_166,offload,85.8874,85.8874,85.89930000000001,85.9015,11.900000000011346,2.2,11.942979862418962,26.042979862418075,0.005971489931209481,29.0,hit,
task_0_1,dev_0,offload,85.9693,85.9693,85.9817,85.98400000000001,12.399999999999523,2.3,12.428225850045783,27.128225850050605,0.0062141129250228916,28.900000000000002,hit,
task_56_2,dev_56,offload,86.74220000000001,86.74220000000001,86.75500000000001,86.7573,12.79999999999859,2.3,12.790925997919397,27.890925997909072,0.006395462998959698,20.6,miss,
task_68_4,dev_68,offload,86.7532,86.7532,86.7663,86.76870000000001,13.099999999994338,2.4000000000000004,13.122323883530049,28.622323883533006,0.006561161941765025,20.400000000000002,miss,
task_70_3,dev_70,offload,87.1876,87.1876,87.20110000000001,87.20360000000001,13.500000000007617,2.5,13.546221625484579,29.54622162548992,0.00677311081274229,22.2,miss,
task_85_3,dev_85,offload,87.2249,87.2249,87.2376,87.2399,12.69999999999527,2.3,12.718809526548382,27.718809526548952,0.006359404763274191,25.2,miss,
task_113_2,dev_113,offload,87.2278,87.2278,87.24000000000001,87.24220000000001,12.200000000007094,2.2,12.19299545612983,26.5929954561389,0.006096497728064915,21.1,miss,
task_8_1,dev_8,offload,87.98400000000001,87.98400000000001,87.9975,88.0,13.499999999993406,2.5,13.542289452774192,29.542289452765324,0.006771144726387096,20.5,miss,
task_82_0,dev_82,offload,88.2065,88.2065,88.2193,88.2219,12.79999999999859,2.6000000000000005,12.792238359657393,28.19223835965703,0.006396119179828697,20.800000000000004,miss,
task_41_3,dev_41,offload,88.3101,88.3101,88.3223,88.3245,12.199999999992883,2.2,12.176392222818741,26.576392222813602,0.00608819611140937,29.0,hit,
task_177_2,dev_177,offload,88.7441,88.7441,88.7555,88.75760000000001,11.399999999994748,2.1,11.353860332307198,24.853860332314817,0.005676930166153599,21.400000000000002,miss,
task_64_2,dev_64,offload,88.84700000000001,88.84700000000001,88.8571,88.85900000000001,10.099999999994225,1.9,10.053190819137358,22.05319081913781,0.0050265954095686785,29.7,hit,
task_148_1,dev_148,offload,89.0073,89.0073,89.02080000000001,89.0233,13.500000000007617,2.5,13.521259706569664,29.52125970657501,0.006760629853284832,20.0,miss,
task_129_1,dev_129,offload,89.05680000000001,89.05680000000001,89.0699,89.0723,13.099999999994338,2.4000000000000004,13.09993319427209,28.599933194260835,0.006549966597136045,26.6,miss,
task_115_2,dev_115,offload,89.1648,89.1648,89.1765,89.1786,11.700000000004707,2.1,11.674949939156852,25.47494993916022,0.005837474969578426,28.0,hit,
task_184_1,dev_184,offload,89.25240000000001,89.25240000000001,89.2641,89.2662,11.699999999990496,2.1,11.680413668479346,25.4804136684685,0.005840206834239673,24.3,miss,
task_193_2,dev_193,offload,89.3938,89.3938,89.408,89.4106,14.200000000002433,2.6000000000000005,14.189985074569075,30.98998507457255,0.007094992537284538,28.5,miss,
task_21_5,dev_21,offload,89.68610000000001,89.68610000000001,89.7,89.7025,13.899999999992474,2.5,13.876296064164299,30.2762960641545,0.006938148032082149,23.8,miss,
task_62_1,dev_62,offload,90.19980000000001,90.19980000000001,90.2102,90.2123,10.399999999989973,2.1,10.435216379145933,22.935216379134566,0.005217608189572966,25.500000000000004,hit,
task_186_2,dev_186,offload,90.26870000000001,90.26870000000001,90.28190000000001,90.2844,13.199999999997658,2.5,13.21737304019595,28.917373040191336,0.006608686520097975,20.5,miss,
task_7_2,dev_7,offload,90.41980000000001,90.41980000000001,90.4328,90.43520000000001,12.999999999991019,2.4000000000000004,13.028471238168967,28.428471238168605,0.0065142356190844835,28.5,hit,
task_54_1,dev_54,offload,90.5954,90.5954,90.6087,90.61110000000001,13.300000000000978,2.4000000000000004,13.257956526067376,28.95795652607697,0.006628978263033688,28.6,miss,
task_82_1,dev_82,offload,90.71130000000001,90.71130000000001,90.72,90.7217,8.699999999990382,1.7000000000000002,8.697834387206242,19.097834387196215,0.004348917193603121,24.200000000000003,hit,
task_125_3,dev_125,offload,91.73060000000001,91.73060000000001,91.7436,91.74600000000001,12.999999999991019,2.4000000000000004,13.047383853422646,28.44738385342228,0.006523691926711323,21.6,miss,
task_46_1,dev_46,offload,91.7866,91.7866,91.79870000000001,91.801,12.100000000003774,2.3,12.092012152512616,26.492012152507478,0.006046006076256308,24.5,miss,
task_183_2,dev_183,offload,91.8032,91.8032,91.8144,91.8164,11.20000000000232,2.0,11.2147086774344,24.41470867743206,0.0056073543387172,20.5,miss,
task_197_2,dev_197,offload,91.8309,91.8309,91.8421,91.8441,11.20000000000232,2.0,11.161289723617225,24.36128972361488,0.005580644861808612,28.0,hit,
task_25_1,dev_25,offload,91.8925,91.8925,91.9037,91.90570000000001,11.20000000000232,2.0,11.165525705692401,24.365525705704272,0.005582762852846201,21.400000000000002,miss,
task_132_2,dev_132,offload,92.70100000000001,92.70100000000001,92.7124,92.7145,11.399999999994748,2.1,11.384802478048691,24.884802478042097,0.005692401239024345,24.0,miss,
task_61_4,dev_61,offload,92.897,92.897,92.9102,92.9126,13.199999999997658,2.4000000000000004,13.154247746901218,28.754247746893284,0.006577123873450609,22.9,miss,
task_126_2,dev_126,offload,93.2116,93.2116,93.22380000000001,93.2261,12.200000000007094,2.3,12.239140687962996,26.739140687961175,0.006119570343981498,26.6,miss,
task_3_4,dev_3,offload,93.3576,93.3576,93.3681,93.37,10.499999999993292,1.9,10.545413508931608,22.945413508931132,0.005272706754465804,23.400000000000002,hit,
task_80_1,dev_80,offload,93.8739,93.8739,93.8878,93.8904,13.899999999992474,2.6000000000000005,13.872089126252487,30.372089126246006,0.006936044563126243,27.400000000000002,miss,
task_1_1,dev_1,offload,94.0132,94.0132,94.0265,94.02890000000001,13.300000000000978,2.4000000000000004,13.33534616212458,29.035346162134175,0.0066676730810622895,29.900000000000002,hit,
task_169_1,dev_169,offload,94.1773,94.1773,94.1893,94.1915,12.000000000000455,2.2,11.973355340174443,26.173355340176876,0.005986677670087221,29.0,hit,
task_66_3,dev_66,offload,94.1969,94.1969,94.20790000000001,94.21000000000001,11.00000000000989,2.1,11.028935228857891,24.12893522886644,0.0055144676144289455,28.5,hit,
task_147_0,dev_147,offload,94.2406,94.2406,94.25460000000001,94.2572,14.000000000010004,2.6000000000000005,14.04734595720661,30.64734595720345,0.007023672978603305,27.3,miss,
task_143_1,dev_143,offload,94.5933,94.5933,94.6049,94.607,11.600000000001387,2.1,11.555753219760188,25.255753219760233,0.005777876609880094,23.200000000000003,miss,
task_143_2,dev_143,offload,94.8357,94.8357,94.84750000000001,94.84960000000001,11.800000000008026,2.1,11.762319420119999,25.662319420126686,0.00588115971006,28.7,hit,
task_142_1,dev_142,offload,95.0009,95.0009,95.0115,95.01360000000001,10.599999999996612,2.1,10.623677772245982,23.323677772255465,0.005311838886122991,28.800000000000004,hit,
task_145_1,dev_145,offload,95.0017,95.0017,95.0151,95.0176,13.400000000004297,2.5,13.434452286644923,29.334452286646947,0.006717226143322461,20.900000000000002,miss,
task_68_5,dev_68,offload,95.30630000000001,95.30630000000001,95.31750000000001,95.3195,11.20000000000232,2.0,11.18540405626663,24.38540405626429,0.005592702028133315,25.1,hit,
task_81_3,dev_81,offload,95.78970000000001,95.78970000000001,95.8032,95.8057,13.499999999993406,2.5,13.463834914214297,29.463834914205428,0.006731917457107149,28.3,miss,
task_17_1,dev_17,offload,96.1413,96.1413,96.1517,96.15360000000001,10.400000000004184,1.9,10.437883092135536,22.73788309214595,0.005218941546067768,25.8,hit,
task_102_2,dev_102,offload,96.1854,96.1854,96.1962,96.1984,10.800000000003251,2.2,10.766362947419443,23.766362947424675,0.0053831814737097215,25.900000000000002,hit,
task_158_4,dev_158,offload,96.2138,96.2138,96.2245,96.2264,10.699999999999932,1.9,10.679171899376191,23.279171899368144,0.0053395859496880955,20.0,miss,
task_106_1,dev_106,offload,96.6212,96.6212,96.6353,96.6379,14.099999999999113,2.6000000000000005,14.08780728427132,30.78780728427148,0.0070439036421356595,29.400000000000002,miss,
task_191_4,dev_191,offload,96.77300000000001,96.77300000000001,96.78450000000001,96.7866,11.499999999998067,2.1,11.514904563379762,25.114904563376488,0.005757452281689881,27.6,hit,
task_51_4,dev_51,offload,96.8217,96.8217,96.83420000000001,96.8365,12.500000000002842,2.3,12.51311028057307,27.313110280567,0.006256555140286535,22.700000000000003,miss,
task_62_2,dev_62,local,96.848,96.848,,,0.0,0.0,0.0,,0.0,27.0,drop,
task_164_1,dev_164,offload,97.2239,97.2239,97.2376,97.24000000000001,13.700000000000045,2.4000000000000004,13.734364469367423,29.834364469376084,0.006867182234683711,26.3,miss,
task_191_5,dev_191,offload,97.36710000000001,97.36710000000001,97.3806,97.3831,13.499999999993406,2.5,13.549571577448386,29.54957157743952,0.006774785788724193,21.5,miss,
task_59_1,dev_59,offload,97.38640000000001,97.38640000000001,97.39880000000001,97.4011,12.399999999999523,2.3,12.439497452250178,27.13949745224079,0.006219748726125089,20.1,miss,
task_178_2,dev_178,offload,97.91170000000001,97.91170000000001,97.9248,97.9272,13.099999999994338,2.4000000000000004,13.084721162996184,28.584721162984927,0.0065423605814980915,22.000000000000004,miss,
task_180_2,dev_180,offload,98.27380000000001,98.27380000000001,98.28460000000001,98.2866,10.800000000003251,2.0,10.82710171153282,23.62710171153141,0.00541355085576641,21.1,miss,
task_9_5,dev_9,offload,98.2885,98.2885,98.301,98.30330000000001,12.500000000002842,2.3,12.496467351482146,27.296467351490286,0.006248233675741073,20.5,miss,
task_65_1,dev_65,offload,98.57600000000001,98.57600000000001,98.5916,98.59440000000001,15.599999999992065,2.8,15.617033020531153,34.0170330205309,0.007808516510265576,27.200000000000003,miss,
task_190_4,dev_190,local,98.65740000000001,98.65740000000001,,,0.0,0.0,0.0,,0.0,24.0,drop,
task_64_3,dev_64,offload,98.92450000000001,98.92450000000001,98.9366,98.93870000000001,12.099999999989564,2.1,12.083103059400575,26.283103059403008,0.006041551529700287,22.3,miss,
task_76_0,dev_76,offload,99.08080000000001,99.08080000000001,99.09320000000001,99.0955,12.399999999999523,2.3,12.437978204587655,27.137978204578264,0.006218989102293827,25.8,miss,
task_92_0,dev_92,offload,99.15530000000001,99.15530000000001,99.16810000000001,99.1704,12.79999999999859,2.3,12.784545310815037,27.884545310804715,0.006392272655407518,28.0,hit,
task_131_3,dev_131,offload,99.1774,99.1774,99.18780000000001,99.1897,10.400000000004184,1.9,10.371587187227252,22.671587187223455,0.005185793593613626,22.6,miss,
task_129_2,dev_129,offload,99.65830000000001,99.65830000000001,99.6695,99.6716,11.199999999988108,2.1,11.239900416917658,24.539900416904423,0.0056199502084588295,29.6,hit,
task_174_3,dev_174,offload,99.8413,99.8413,99.8546,99.857,13.300000000000978,2.4000000000000004,13.262465611621602,28.962465611616985,0.006631232805810801,23.900000000000002,miss,
task_17_2,dev_17,offload,99.9196,99.9196,99.9316,99.9338,12.000000000000455,2.2,11.975021166272157,26.17502116627459,0.005987510583136078,21.8,miss,
task_176_2,dev_176,offload,100.4058,100.4058,100.4175,100.4196,11.700000000004707,2.1,11.740248844161187,25.54024884416455,0.005870124422080594,25.0,miss,
task_73_1,dev_73,offload,100.4114,100.4114,100.4239,100.42620000000001,12.500000000002842,2.3,12.49753643469849,27.29753643470663,0.006248768217349245,27.0,miss,
task_102_3,dev_102,offload,100.68220000000001,100.68220000000001,100.6939,100.6962,11.699999999990496,2.3,11.732882023320416,25.732882023316208,0.0058664410116602075,25.0,miss,
task_180_3,dev_180,offload,101.30080000000001,101.30080000000001,101.31320000000001,101.3155,12.399999999999523,2.3,12.413151350109457,27.11315135010007,0.006206575675054729,28.400000000000002,hit,
task_97_4,dev_97,offload,101.3669,101.3669,101.3777,101.3797,10.800000000003251,2.0,10.772164605995386,23.572164605993976,0.005386082302997692,25.500000000000004,hit,
task_69_3,dev_69,offload,101.489,101.489,101.5009,101.5031,11.899999999997135,2.2,11.882961628588726,25.982961628587837,0.005941480814294363,23.900000000000002,miss,
task_110_2,dev_110,offload,102.22510000000001,102.22510000000001,102.23880000000001,102.24130000000001,13.700000000000045,2.5,13.74633922369212,29.94633922368989,0.00687316961184606,22.9,miss,
task_105_1,dev_105,offload,102.3223,102.3223,102.3353,102.3377,13.00000000000523,2.4000000000000004,13.016590698897879,28.416590698897515,0.006508295349448939,24.1,miss,
task_100_0,dev_100,offload,102.40010000000001,102.40010000000001,102.41210000000001,102.4144,12.000000000000455,2.3,12.020112924486277,26.32011292447782,0.0060100564622431385,29.0,hit,
task_68_6,dev_68,offload,102.6341,102.6341,102.64840000000001,102.65100000000001,14.300000000005753,2.6000000000000005,14.303885776761264,31.20388577676806,0.007151942888380633,20.1,miss,
task_30_4,dev_30,offload,102.7483,102.7483,102.76010000000001,102.7622,11.800000000008026,2.1,11.758864614701341,25.658864614708026,0.0058794323073506705,24.800000000000004,miss,
task_147_1,dev_147,offload,102.9209,102.9209,102.9346,102.9371,13.700000000000045,2.5,13.683209802544585,29.883209802542357,0.006841604901272292,25.7,miss,
task_31_1,dev_31,offload,103.00800000000001,103.00800000000001,103.0197,103.0218,11.699999999990496,2.1,11.730521354115988,25.53052135410514,0.005865260677057994,25.400000000000002,miss,
task_32_1,dev_32,offload,103.1199,103.1199,103.1337,103.1362,13.800000000003365,2.5,13.83603318194881,30.1360331819499,0.006918016590974405,23.0,miss,
task_143_3,dev_143,offload,103.3865,103.3865,103.3986,103.4008,12.100000000003774,2.2,12.111072022085448,26.4110720220912,0.006055536011042724,22.000000000000004,miss,
task_115_3,dev_115,offload,103.53750000000001,103.53750000000001,103.5506,103.55290000000001,13.099999999994338,2.3,13.147885197567573,28.54788519756721,0.006573942598783787,28.0,miss,
task_177_3,dev_177,offload,103.7761,103.7761,103.7908,103.79350000000001,14.70000000000482,2.7,14.65842449347046,32.05842449347965,0.007329212246735229,24.7,miss,
task_10_2,dev_10,offload,103.8301,103.8301,103.84190000000001,103.84410000000001,11.800000000008026,2.2,11.804549780839773,25.804549780849776,0.005902274890419886,21.2,miss,
task_159_3,dev_159,offload,104.1562,104.1562,104.1684,104.17060000000001,12.200000000007094,2.2,12.211174375469312,26.611174375478384,0.006105587187734656,20.7,miss,
task_43_4,dev_43,offload,104.4719,104.4719,104.4838,104.486,11.899999999997135,2.2,11.931956022037744,26.03195602203686,0.005965978011018872,25.0,miss,
task_151_1,dev_151,offload,104.4942,104.4942,104.5057,104.5078,11.499999999998067,2.1,11.47456523356335,25.074565233560076,0.005737282616781675,24.200000000000003,miss,
task_151_2,dev_151,offload,104.4976,104.4976,104.5116,104.5141,13.999999999995794,2.5,13.955949197635048,30.45594919762857,0.006977974598817524,23.0,miss,
task_7_3,dev_7,offload,104.7052,104.7052,104.71730000000001,104.71950000000001,12.100000000003774,2.2,12.102788305661624,26.40278830566738,0.006051394152830812,24.0,miss,
task_3_5,dev_3,offload,104.7933,104.7933,104.8065,104.80890000000001,13.199999999997658,2.4000000000000004,13.187566081057287,28.787566081063563,0.006593783040528644,24.200000000000003,miss,
task_141_2,dev_141,offload,105.0158,105.0158,105.0292,105.03160000000001,13.400000000004297,2.4000000000000004,13.39390595743539,29.193905957448305,0.0066969529787176945,21.7,miss,
task_14_0,dev_14,offload,105.0622,105.0622,105.0732,105.0751,10.99999999999568,1.9,10.972862852471803,23.872862852473713,0.0054864314262359016,24.400000000000002,hit,
task_167_1,dev_167,offload,105.277,105.277,105.2885,105.29060000000001,11.499999999998067,2.1,11.520429713937704,25.12042971394864,0.005760214856968851,25.400000000000002,hit,
task_43_5,dev_43,offload,105.4667,105.4667,105.4805,105.483,13.800000000003365,2.5,13.778083774943125,30.07808377494422,0.006889041887471563,29.6,miss,
task_130_2,dev_130,offload,105.8571,105.8571,105.87100000000001,105.8735,13.900000000006685,2.5,13.935640265174023,30.335640265178434,0.006967820132587011,21.2,miss,
task_63_4,dev_63,offload,105.8575,105.8575,105.8686,105.87060000000001,11.099999999999,2.0,11.138916129385073,24.238916129393623,0.005569458064692536,21.1,miss,
task_51_5,dev_51,offload,105.8833,105.8833,105.8947,105.8968,11.399999999994748,2.1,11.403598238299578,24.903598238292986,0.005701799119149789,27.8,hit,
task_96_2,dev_96,offload,105.97680000000001,105.97680000000001,105.98870000000001,105.99090000000001,11.899999999997135,2.2,11.885028017068219,25.985028017067332,0.0059425140085341095,29.1,hit,
task_73_2,dev_73,offload,106.16080000000001,106.16080000000001,106.17110000000001,106.173,10.300000000000864,1.9,10.253963100938707,22.45396310093159,0.005126981550469353,24.800000000000004,hit,
task_75_1,dev_75,offload,106.17320000000001,106.17320000000001,106.1864,106.18870000000001,13.199999999997658,2.3,13.167354472793818,28.667354472796774,0.006583677236396909,24.6,miss,
task_91_3,dev_91,offload,106.4945,106.4945,106.50840000000001,106.5109,13.900000000006685,2.5,13.938896486375862,30.33889648638027,0.006969448243187931,21.8,miss,
task_83_1,dev_83,offload,106.60010000000001,106.60010000000001,106.6127,106.61500000000001,12.599999999991951,2.3,12.576707143040746,27.476707143037995,0.006288353571520373,20.200000000000003,miss,
task_150_2,dev_150,offload,107.15050000000001,107.15050000000001,107.1618,107.1639,11.299999999991428,2.1,11.303198721415022,24.70319872140511,0.005651599360707511,28.6,hit,
task_146_0,dev_146,offload,107.6055,107.6055,107.6178,107.62010000000001,12.299999999996203,2.3,12.34171721904679,26.941717219048293,0.006170858609523395,24.7,miss,
task_9_6,dev_9,offload,107.8015,107.8015,107.813,107.8151,11.499999999998067,2.1,11.523523624918147,25.123523624914874,0.005761761812459073,23.8,miss,
task_94_4,dev_94,offload,107.85090000000001,107.85090000000001,107.86500000000001,107.8675,14.099999999999113,2.5,14.148246097325865,30.748246097322706,0.007074123048662933,26.200000000000003,miss,
task_0_2,dev_0,offload,107.89110000000001,107.89110000000001,107.9043,107.9068,13.199999999997658,2.5,13.197240411022255,28.89724041101764,0.006598620205511128,25.1,miss,
task_128_3,dev_128,offload,108.05160000000001,108.05160000000001,108.0668,108.06960000000001,15.199999999992997,2.8,15.203325724414906,33.20332572441559,0.007601662862207453,21.400000000000002,miss,
task_87_0,dev_87,offload,108.27210000000001,108.27210000000001,108.2844,108.2866,12.299999999996203,2.2,12.262755704427493,26.762755704425672,0.006131377852213746,21.1,miss,
task_63_5,dev_63,offload,108.275,108.275,108.28500000000001,108.2869,10.000000000005116,1.9,9.990552546409607,21.89055254640674,0.004995276273204803,29.400000000000002,hit,
task_79_4,dev_79,offload,108.5715,108.5715,108.5849,108.5873,13.400000000004297,2.4000000000000004,13.38434231854098,29.184342318539684,0.00669217115927049,29.1,miss,
task_77_1,dev_77,offload,108.7565,108.7565,108.7689,108.77120000000001,12.399999999999523,2.3,12.386992891600142,27.086992891604964,0.006193496445800071,25.7,miss,
task_36_0,dev_36,offload,109.0788,109.0788,109.0918,109.0942,13.00000000000523,2.4000000000000004,12.987913770021969,28.387913770021605,0.006493956885010984,20.7,miss,
task_54_2,dev_54,local,109.30550000000001,109.30550000000001,,,0.0,0.0,0.0,,0.0,21.0,drop,
task_138_3,dev_138,offload,109.40350000000001,109.40350000000001,109.41680000000001,109.4192,13.300000000000978,2.4000000000000004,13.341317843086278,29.041317843081664,0.006670658921543139,29.500000000000004,hit,
task_2_1,dev_2,offload,109.7309,109.7309,109.7432,109.7457,12.299999999996203,2.5,12.260305955571821,27.060305955565752,0.006130152977785911,26.4,miss,
task_11_1,dev_11,offload,109.9145,109.9145,109.92800000000001,109.93050000000001,13.500000000007617,2.5,13.4539741437898,29.453974143795143,0.0067269870718949,26.9,miss,
task_24_4,dev_24,offload,110.10220000000001,110.10220000000001,110.1149,110.11720000000001,12.69999999999527,2.3,12.713715267384858,27.713715267385425,0.006356857633692429,25.3,miss,
task_70_4,dev_70,offload,110.1044,110.1044,110.1174,110.11980000000001,13.00000000000523,2.4000000000000004,13.030077804037019,28.430077804050867,0.006515038902018509,27.3,miss,
task_7_4,dev_7,offload,110.1512,110.1512,110.1652,110.16770000000001,13.999999999995794,2.5,13.96474970114269,30.46474970115042,0.006982374850571345,24.200000000000003,miss,
task_14_1,dev_14,offload,110.24040000000001,110.24040000000001,110.2553,110.2579,14.899999999997249,2.6000000000000005,14.94481220783818,32.44481220783648,0.0074724061039190895,22.4,miss,
task_104_4,dev_104,offload,110.2714,110.2714,110.2831,110.2852,11.700000000004707,2.1,11.709814490616663,25.50981449062003,0.005854907245308332,21.7,miss,
task_36_1,dev_36,offload,110.36880000000001,110.36880000000001,110.3794,110.38130000000001,10.599999999996612,1.9,10.607460864711145,23.107460864713985,0.005303730432355573,27.700000000000003,hit,
task_15_3,dev_15,offload,110.4094,110.4094,110.4227,110.4251,13.300000000000978,2.4000000000000004,13.346887715255676,29.04688771525106,0.006673443857627838,22.3,miss,
task_74_4,dev_74,offload,110.5492,110.5492,110.5613,110.5634,12.100000000003774,2.1,12.095781346409588,26.29578134641202,0.006047890673204794,26.6,hit,
task_102_4,dev_102,offload,110.65,110.65,110.662,110.6644,12.000000000000455,2.4000000000000004,11.972651794366252,26.37265179436111,0.005986325897183126,28.1,hit,
task_16_1,dev_16,offload,110.98060000000001,110.98060000000001,110.9929,110.99510000000001,12.299999999996203,2.2,12.259964792615078,26.75996479261326,0.006129982396307539,21.5,miss,
task_99_1,dev_99,offload,111.08720000000001,111.08720000000001,111.0978,111.0997,10.599999999996612,1.9,10.620844969867983,23.120844969856613,0.005310422484933992,29.6,hit,
task_190_5,dev_190,offload,111.1537,111.1537,111.16730000000001,111.16980000000001,13.600000000010937,2.5,13.581630703998284,29.68163070400695,0.006790815351999142,27.3,miss,
task_62_3,dev_62,offload,111.17880000000001,111.17880000000001,111.1893,111.1914,10.499999999993292,2.1,10.52585183077199,23.125851830763942,0.005262925915385994,22.700000000000003,miss,
task_72_1,dev_72,offload,111.39840000000001,111.39840000000001,111.4111,111.41340000000001,12.69999999999527,2.3,12.6844862065807,27.68448620658127,0.00634224310329035,20.400000000000002,miss,
task_35_2,dev_35,offload,111.84790000000001,111.84790000000001,111.8606,111.86290000000001,12.69999999999527,2.3,12.724791008256316,27.724791008256886,0.006362395504128158,29.2,hit,
task_60_1,dev_60,offload,111.9743,111.9743,111.9868,111.98920000000001,12.500000000002842,2.4000000000000004,12.51609513935754,27.416095139369,0.00625804756967877,21.3,miss,
task_127_3,dev_127,offload,111.99600000000001,111.99600000000001,112.0086,112.0109,12.599999999991951,2.3,12.56776547521292,27.467765475210168,0.00628388273760646,27.6,hit,
task_15_4,dev_15,offload,112.1945,112.1945,112.2074,112.20970000000001,12.90000000000191,2.3,12.919493968472482,28.119493968479688,0.006459746984236241,28.1,miss,
task_86_1,dev_86,offload,112.19810000000001,112.19810000000001,112.2123,112.215,14.199999999988222,2.7,14.188637558237609,31.088637558230197,0.007094318779118805,20.3,miss,
task_140_3,dev_140,offload,112.28370000000001,112.28370000000001,112.296,112.29830000000001,12.299999999996203,2.3,12.255067955020085,26.855067955021585,0.006127533977510043,27.5,hit,
task_144_1,dev_144,local,112.3914,112.3914,,,0.0,0.0,0.0,,0.0,29.400000000000002,drop,
task_49_1,dev_49,offload,112.4987,112.4987,112.51150000000001,112.5138,12.800000000012801,2.3,12.83790998267288,27.937909982676768,0.00641895499133644,23.1,miss,
task_51_6,dev_51,offload,112.63950000000001,112.63950000000001,112.6529,112.6554,13.399999999990087,2.5,13.431212390278603,29.331212390266415,0.006715606195139301,24.1,miss,
task_99_2,dev_99,offload,112.7625,112.7625,112.7758,112.77820000000001,13.300000000000978,2.4000000000000004,13.293875016340957,28.99387501635055,0.006646937508170478,29.2,hit,
task_4_1,dev_4,offload,112.775,112.775,112.7911,112.79390000000001,16.099999999994452,2.8,16.064955262054514,34.96495526205665,0.008032477631027258,26.8,miss,
task_78_0,dev_78,offload,112.82910000000001,112.82910000000001,112.842,112.84440000000001,12.899999999987699,2.4000000000000004,12.903432879805738,28.203432879802055,0.006451716439902869,27.0,miss,
task_127_4,dev_127,offload,113.12750000000001,113.12750000000001,113.14070000000001,113.1431,13.199999999997658,2.4000000000000004,13.168467287928205,28.76846728792027,0.006584233643964103,22.4,miss,
task_165_4,dev_165,offload,113.1603,113.1603,113.173,113.17530000000001,12.69999999999527,2.3,12.732796735996116,27.732796735996686,0.006366398367998058,23.3,miss,
task_12_2,dev_12,offload,113.30890000000001,113.30890000000001,113.32270000000001,113.32520000000001,13.800000000003365,2.5,13.821191853913096,30.121191853914187,0.006910595926956547,26.200000000000003,miss,
task_103_4,dev_103,offload,113.4497,113.4497,113.4606,113.46260000000001,10.89999999999236,2.0,10.882575120756773,23.782575120758683,0.0054412875603783864,22.8,miss,
task_85_4,dev_85,offload,113.61540000000001,113.61540000000001,113.62790000000001,113.6302,12.500000000002842,2.3,12.528481922854484,27.32848192284841,0.0062642409614272416,27.0,miss,
task_72_2,dev_72,offload,113.69980000000001,113.69980000000001,113.7124,113.71470000000001,12.599999999991951,2.3,12.58006797419281,27.480067974190057,0.006290033987096405,29.6,hit,
task_44_3,dev_44,offload,114.075,114.075,114.08670000000001,114.0888,11.700000000004707,2.1,11.650738142773276,25.450738142776643,0.005825369071386638,25.900000000000002,hit,
task_199_1,dev_199,offload,114.13600000000001,114.13600000000001,114.1496,114.1521,13.599999999996726,2.5,13.562684840778662,29.662684840773114,0.006781342420389331,29.1,miss,
task_173_2,dev_173,offload,114.6029,114.6029,114.61540000000001,114.6177,12.500000000002842,2.3,12.538628295496297,27.338628295490224,0.006269314147748149,21.9,miss,
task_113_3,dev_113,offload,114.73620000000001,114.73620000000001,114.75120000000001,114.7539,15.000000000000568,2.7,14.984594740020379,32.6845947400111,0.007492297370010189,26.3,miss,
task_189_2,dev_189,offload,115.0854,115.0854,115.09700000000001,115.0991,11.600000000001387,2.1,11.597522450940938,25.29752245094098,0.005798761225470469,28.800000000000004,hit,
task_54_3,dev_54,offload,115.17370000000001,115.17370000000001,115.1862,115.1884,12.499999999988631,2.2,12.477501229029476,27.177501229020088,0.006238750614514738,21.6,miss,
task_42_1,dev_42,offload,115.3126,115.3126,115.3242,115.32650000000001,11.600000000001387,2.3,11.614676091252928,25.514676091259613,0.005807338045626464,23.900000000000002,miss,
task_154_1,dev_154,offload,115.49980000000001,115.49980000000001,115.51150000000001,115.51360000000001,11.700000000004707,2.1,11.74380971323913,25.543809713242496,0.005871904856619565,25.2,miss,
task_108_1,dev_108,offload,115.5167,115.5167,115.5305,115.533,13.800000000003365,2.5,13.762444301162889,30.06244430116398,0.006881222150581444,23.1,miss,
task_95_2,dev_95,offload,115.98020000000001,115.98020000000001,115.9946,115.9972,14.399999999994861,2.6000000000000005,14.396344539493956,31.396344539489863,0.007198172269746978,23.400000000000002,miss,
task_39_0,dev_39,offload,116.15390000000001,116.15390000000001,116.1661,116.1683,12.199999999992883,2.2,12.246317130918664,26.646317130913523,0.006123158565459332,26.700000000000003,hit,
task_3_6,dev_3,offload,116.2903,116.2903,116.30430000000001,116.3069,14.000000000010004,2.6000000000000005,14.049934297685654,30.649934297682492,0.007024967148842827,29.2,miss,
task_90_1,dev_90,offload,116.32820000000001,116.32820000000001,116.34070000000001,116.343,12.500000000002842,2.3,12.480846695862716,27.280846695856646,0.006240423347931358,28.800000000000004,hit,
task_2_2,dev_2,offload,116.36550000000001,116.36550000000001,116.37620000000001,116.37830000000001,10.699999999999932,2.1,10.736783892952857,23.536783892951448,0.005368391946476429,27.6,hit,
task_0_3,dev_0,offload,116.75880000000001,116.75880000000001,116.77120000000001,116.7735,12.399999999999523,2.3,12.43534614766506,27.135346147655667,0.0062176730738325294,26.500000000000004,miss,
task_180_4,dev_180,offload,116.7955,116.7955,116.80590000000001,116.8079,10.400000000004184,2.0,10.403657873006576,22.8036578730061,0.0052018289365032885,27.0,hit,
task_34_2,dev_34,offload,117.0235,117.0235,117.03500000000001,117.0372,11.500000000012278,2.2,11.500154552627805,25.20015455262785,0.0057500772763139025,21.8,miss,
task_62_4,dev_62,offload,117.08000000000001,117.08000000000001,117.0899,117.09190000000001,9.899999999987585,2.0,9.916650171997746,21.81665017199488,0.004958325085998873,28.3,hit,
task_93_3,dev_93,offload,117.1602,117.1602,117.17410000000001,117.17660000000001,13.900000000006685,2.5,13.925743615177563,30.325743615181974,0.006962871807588781,20.200000000000003,miss,
task_21_6,dev_21,offload,117.433,117.433,117.4469,117.44940000000001,13.899999999992474,2.5,13.896930423832861,30.296930423837274,0.006948465211916431,20.7,miss,
task_4_2,dev_4,offload,117.8832,117.8832,117.8966,117.8991,13.400000000004297,2.5,13.439848798038096,29.33984879804012,0.006719924399019048,25.900000000000002,miss,
task_181_1,dev_181,offload,117.96940000000001,117.96940000000001,117.98310000000001,117.98570000000001,13.700000000000045,2.6000000000000005,13.6671667788806,29.96716677888169,0.0068335833894403,29.2,miss,
task_100_1,dev_100,local,118.02730000000001,118.02730000000001,,,0.0,0.0,0.0,,0.0,21.6,drop,
task_171_2,dev_171,offload,118.51320000000001,118.51320000000001,118.5244,118.52640000000001,11.199999999988108,2.0,11.193200131078324,24.393200131075982,0.005596600065539162,25.3,hit,
task_80_2,dev_80,offload,118.5832,118.5832,118.59570000000001,118.598,12.500000000002842,2.3,12.47468156013417,27.2746815601281,0.006237340780067086,29.8,hit,
task_154_2,dev_154,offload,118.62360000000001,118.62360000000001,118.6375,118.64,13.899999999992474,2.5,13.918073722126197,30.318073722116395,0.0069590368610630985,29.500000000000004,miss,
task_161_3,dev_161,offload,118.90700000000001,118.90700000000001,118.91860000000001,118.9208,11.600000000001387,2.2,11.607651906170771,25.407651906159927,0.005803825953085385,20.0,miss,
task_97_5,dev_97,offload,118.92620000000001,118.92620000000001,118.9396,118.94200000000001,13.399999999990087,2.4000000000000004,13.376142717031783,29.176142717030487,0.006688071358515892,25.8,miss,
task_113_4,dev_113,offload,118.933,118.933,118.9461,118.94850000000001,13.099999999994338,2.4000000000000004,13.12451319324174,28.624513193244695,0.00656225659662087,26.8,miss,
task_193_3,dev_193,offload,119.1191,119.1191,119.13180000000001,119.1341,12.700000000009481,2.3,12.72023089767292,27.72023089767349,0.00636011544883646,24.200000000000003,miss,
task_21_7,dev_21,offload,119.1619,119.1619,119.1723,119.1742,10.400000000004184,1.9,10.425131859207807,22.725131859204012,0.005212565929603904,20.200000000000003,miss,
task_47_2,dev_47,offload,119.5719,119.5719,119.58670000000001,119.58940000000001,14.80000000000814,2.7,14.785952456507573,32.28595245652008,0.007392976228253786,28.200000000000003,miss,
task_161_4,dev_161,offload,119.5991,119.5991,119.61070000000001,119.61280000000001,11.600000000001387,2.1,11.642886426957183,25.34288642695723,0.0058214432134785915,25.6,hit,
task_148_2,dev_148,offload,119.6879,119.6879,119.70280000000001,119.7055,14.90000000001146,2.7,14.872422322498489,32.4724223225001,0.007436211161249245,23.200000000000003,miss,
task_65_2,dev_65,offload,119.9855,119.9855,119.9996,120.0023,14.099999999999113,2.7,14.14381593033784,30.94381593034132,0.00707190796516892,25.900000000000002,miss,
task_186_3,dev_186,offload,119.99990000000001,119.99990000000001,120.0108,120.01280000000001,10.89999999999236,2.0,10.892939063963949,23.79293906396586,0.005446469531981975,24.400000000000002,hit,
task_150_3,dev_150,offload,120.0258,120.0258,120.0364,120.0383,10.599999999996612,1.9,10.583900727447912,23.083900727450754,0.005291950363723956,26.500000000000004,hit,
task_199_2,dev_199,offload,120.0797,120.0797,120.09270000000001,120.0951,13.00000000000523,2.4000000000000004,12.993114384592058,28.393114384591694,0.006496557192296029,24.400000000000002,miss,
task_78_1,dev_78,offload,120.1337,120.1337,120.14670000000001,120.1491,13.00000000000523,2.4000000000000004,13.032278579421638,28.432278579421272,0.0065161392897108185,28.800000000000004,hit,
task_13_0,dev_13,offload,120.4633,120.4633,120.4779,120.48060000000001,14.6000000000015,2.7,14.572817585771062,31.87281758577693,0.007286408792885531,30.000000000000004,miss,
task_111_2,dev_111,local,120.49980000000001,120.49980000000001,,,0.0,0.0,0.0,,0.0,27.8,drop,
task_105_2,dev_105,offload,120.83040000000001,120.83040000000001,120.84020000000001,120.842,9.799999999998477,1.8000000000000003,9.796217220115828,21.396217220103004,0.004898108610057914,24.6,hit,
task_188_2,dev_188,offload,120.9688,120.9688,120.9807,120.9829,11.899999999997135,2.2,11.875277257963317,25.975277257962432,0.005937638628981659,29.900000000000002,hit,
task_78_2,dev_78,offload,121.20240000000001,121.20240000000001,121.2153,121.21770000000001,12.899999999987699,2.4000000000000004,12.9330610247112,28.233061024707517,0.0064665305123556005,24.0,miss,
task_32_2,dev_32,offload,121.4972,121.4972,121.50800000000001,121.51,10.800000000003251,2.0,10.819435764021238,23.619435764019826,0.005409717882010619,25.8,hit,
task_122_1,dev_122,offload,121.5321,121.5321,121.54310000000001,121.54530000000001,11.00000000000989,2.2,10.985425789138816,24.185425789150685,0.0054927128945694076,23.1,miss,
task_193_4,dev_193,offload,121.8952,121.8952,121.9077,121.91000000000001,12.500000000002842,2.3,12.452847333151725,27.252847333159863,0.006226423666575862,29.8,hit,
task_28_0,dev_28,offload,122.1255,122.1255,122.13900000000001,122.14150000000001,13.500000000007617,2.5,13.533710216820836,29.53371021682618,0.006766855108410418,21.400000000000002,miss,
task_185_2,dev_185,offload,122.7389,122.7389,122.7517,122.754,12.79999999999859,2.3,12.837920060211383,27.93792006021527,0.006418960030105692,25.8,miss,
task_131_4,dev_131,offload,123.289,123.289,123.30170000000001,123.304,12.700000000009481,2.3,12.72837982723028,27.728379827230846,0.006364189913615139,23.400000000000002,miss,
task_48_0,dev_48,offload,123.75280000000001,123.75280000000001,123.7643,123.7664,11.499999999998067,2.1,11.451746593679381,25.051746593676107,0.00572587329683969,24.900000000000002,miss,
task_66_4,dev_66,offload,123.7838,123.7838,123.7968,123.7992,13.00000000000523,2.4000000000000004,13.010926816897282,28.410926816896918,0.006505463408448641,26.700000000000003,miss,
task_155_5,dev_155,offload,123.90570000000001,123.90570000000001,123.91720000000001,123.9193,11.499999999998067,2.1,11.544479242678163,25.14447924267489,0.005772239621339081,28.800000000000004,hit,
task_173_3,dev_173,offload,123.9641,123.9641,123.9753,123.9773,11.20000000000232,2.0,11.178231883983706,24.378231883981364,0.005589115941991853,28.6,hit,
task_117_1,dev_117,offload,123.9782,123.9782,123.9906,123.9929,12.399999999999523,2.3,12.364996959262113,27.064996959266935,0.006182498479631057,26.6,miss,
task_74_5,dev_74,offload,124.0245,124.0245,124.03790000000001,124.0403,13.400000000004297,2.4000000000000004,13.357143984707735,29.157143984706437,0.006678571992353867,20.3,miss,
task_78_3,dev_78,offload,124.67930000000001,124.67930000000001,124.6919,124.69420000000001,12.599999999991951,2.3,12.562220807086513,27.46222080708376,0.0062811104035432564,26.500000000000004,miss,
task_34_3,dev_34,offload,124.7566,124.7566,124.77390000000001,124.777,17.300000000005866,3.1000000000000005,17.3235861179165,37.72358611791159,0.008661793058958249,24.0,miss,
task_169_2,dev_169,offload,124.84190000000001,124.84190000000001,124.8553,124.85780000000001,13.399999999990087,2.5,13.433968472269171,29.333968472271195,0.0067169842361345855,22.500000000000004,miss,
task_196_1,dev_196,offload,124.9556,124.9556,124.96780000000001,124.97000000000001,12.200000000007094,2.2,12.17592371454834,26.575923714557412,0.006087961857274169,20.800000000000004,miss,
task_150_4,dev_150,local,125.1392,125.1392,,,0.0,0.0,0.0,,0.0,26.700000000000003,drop,
task_86_2,dev_86,offload,125.349,125.349,125.3597,125.3617,10.699999999999932,2.0,10.667723617426052,23.367723617421323,0.005333861808713026,21.5,miss,
task_45_3,dev_45,offload,125.4214,125.4214,125.43,125.4316,8.600000000001273,1.6,8.557514906687153,18.757514906684698,0.0042787574533435764,21.0,hit,
task_92_1,dev_92,offload,125.42760000000001,125.42760000000001,125.43820000000001,125.4401,10.599999999996612,1.9,10.561915003428384,23.061915003417013,0.005280957501714192,25.400000000000002,hit,
task_195_3,dev_195,offload,125.4818,125.4818,125.4945,125.49680000000001,12.69999999999527,2.3,12.699204995705914,27.69920499570648,0.006349602497852957,22.700000000000003,miss,
task_176_3,dev_176,local,125.524,125.524,,,0.0,0.0,0.0,,0.0,21.5,drop,
task_31_2,dev_31,offload,125.5579,125.5579,125.56920000000001,125.57130000000001,11.300000000005639,2.1,11.321468110090304,24.7214681100946,0.005660734055045152,28.800000000000004,hit,
task_121_2,dev_121,offload,125.5823,125.5823,125.59700000000001,125.59970000000001,14.70000000000482,2.7,14.719347221158385,32.11934722116757,0.007359673610579193,26.8,miss,
task_177_4,dev_177,offload,125.60010000000001,125.60010000000001,125.6118,125.6139,11.699999999990496,2.1,11.74455391269872,25.544553912687874,0.00587227695634936,24.1,miss,
task_150_5,dev_150,local,126.07100000000001,126.07100000000001,,,0.0,0.0,0.0,,0.0,25.7,drop,
task_132_3,dev_132,offload,126.3764,126.3764,126.3872,126.3892,10.800000000003251,2.0,10.84990827392807,23.649908273926663,0.005424954136964036,26.6,hit,
task_179_1,dev_179,offload,126.47070000000001,126.47070000000001,126.4829,126.4851,12.199999999992883,2.2,12.235456214263417,26.635456214258276,0.006117728107131708,26.6,miss,
task_141_3,dev_141,offload,126.50810000000001,126.50810000000001,126.51820000000001,126.52000000000001,10.099999999994225,1.8000000000000003,10.097022138036731,21.997022138033866,0.005048511069018366,21.1,miss,
task_1_2,dev_1,offload,126.57610000000001,126.57610000000001,126.5899,126.59240000000001,13.799999999989154,2.5,13.798471438311129,30.09847143831222,0.006899235719155564,26.8,miss,
task_0_4,dev_0,offload,126.71990000000001,126.71990000000001,126.73010000000001,126.732,10.199999999997544,1.9,10.157369112182373,22.257369112171936,0.005078684556091186,20.1,miss,
task_122_2,dev_122,offload,127.1618,127.1618,127.1721,127.1742,10.300000000000864,2.1,10.296007518170349,22.69600751816987,0.005148003759085174,25.1,hit,
task_195_4,dev_195,local,127.27820000000001,127.27820000000001,,,0.0,0.0,0.0,,0.0,27.0,drop,
task_84_3,dev_84,offload,127.9993,127.9993,128.0128,128.0152,13.499999999993406,2.4000000000000004,13.525253076712271,29.425253076700084,0.006762626538356136,25.6,miss,
task_81_4,dev_81,local,128.1338,128.1338,,,0.0,0.0,0.0,,0.0,23.0,drop,
task_134_2,dev_134,offload,128.3308,128.3308,128.3428,128.3449,12.000000000000455,2.1,11.981386833845812,26.081386833830713,0.005990693416922906,28.0,hit,
task_50_4,dev_50,offload,128.7305,128.7305,128.7439,128.7464,13.399999999990087,2.5,13.410046347715273,29.310046347703086,0.006705023173857637,29.8,hit,
task_61_5,dev_61,offload,129.1873,129.1873,129.1989,129.201,11.600000000015598,2.1,11.570127379305188,25.270127379305233,0.005785063689652594,23.400000000000002,miss,
task_98_0,dev_98,offload,129.3406,129.3406,129.3536,129.356,13.00000000000523,2.4000000000000004,12.971797677288745,28.37179767728838,0.006485898838644372,20.400000000000002,miss,
task_97_6,dev_97,offload,129.733,129.733,129.7474,129.75,14.399999999994861,2.6000000000000005,14.38349799938438,31.38349799938029,0.00719174899969219,25.0,miss,
task_63_6,dev_63,offload,129.7911,129.7911,129.8016,129.8035,10.500000000007503,1.9,10.499696892581937,22.89969689259567,0.005249848446290969,26.8,hit,
task_146_1,dev_146,offload,130.05190000000002,130.05190000000002,130.06220000000002,130.0641,10.300000000000864,1.9,10.287559944554255,22.487559944532926,0.005143779972277128,30.000000000000004,hit,
task_20_2,dev_20,offload,130.1766,130.1766,130.1907,130.1933,14.099999999984902,2.6000000000000005,14.065737526663748,30.765737526649694,0.007032868763331874,23.5,miss,
task_193_5,dev_193,offload,130.20940000000002,130.20940000000002,130.22140000000002,130.2236,12.000000000000455,2.2,12.025759033746134,26.225759033734356,0.0060128795168730665,23.3,miss,
task_124_2,dev_124,offload,130.6209,130.6209,130.63670000000002,130.6395,15.800000000012915,2.8,15.776902466670506,34.376902466662685,0.007888451233335253,27.400000000000002,miss,
task_56_3,dev_56,offload,130.78300000000002,130.78300000000002,130.79670000000002,130.7992,13.700000000000045,2.5,13.723086323289753,29.923086323287524,0.006861543161644877,20.900000000000002,miss,
task_17_3,dev_17,offload,130.9293,130.9293,130.9442,130.9469,14.899999999983038,2.7,14.860538879371576,32.46053887935898,0.007430269439685788,29.7,miss,
task_147_2,dev_147,offload,131.01940000000002,131.01940000000002,131.0334,131.0359,13.999999999981583,2.5,13.956932181959536,30.456932181938846,0.006978466090979768,21.3,miss,
task_144_2,dev_144,offload,131.073,131.073,131.0839,131.0858,10.89999999999236,1.9,10.93218343431088,23.73218343430947,0.00546609171715544,25.900000000000002,hit,
task_171_3,dev_171,offload,131.54510000000002,131.54510000000002,131.5586,131.5611,13.499999999993406,2.5,13.474365711870675,29.474365711861807,0.006737182855935338,26.1,miss,
task_50_5,dev_50,offload,131.5872,131.5872,131.5987,131.6008,11.500000000012278,2.1,11.510631977267757,25.110631977264482,0.005755315988633878,28.400000000000002,hit,
task_157_3,dev_157,offload,132.3913,132.3913,132.4069,132.40970000000002,15.600000000006276,2.8,15.567544574636331,33.96754457465029,0.007783772287318165,24.5,miss,
task_140_4,dev_140,offload,132.4956,132.4956,132.50650000000002,132.5086,10.900000000020782,2.1,10.923015323474312,23.92301532347954,0.0054615076617371555,20.1,miss,
task_144_3,dev_144,offload,132.657,132.657,132.67010000000002,132.6724,13.10000000000855,2.3,13.130154603957772,28.530154603957406,0.006565077301978886,29.2,hit,
task_170_1,dev_170,offload,132.6989,132.6989,132.7122,132.71460000000002,13.299999999986767,2.4000000000000004,13.273788119991107,28.9737881200007,0.006636894059995554,29.400000000000002,hit,
task_13_1,dev_13,offload,133.0249,133.0249,133.0398,133.04250000000002,14.90000000001146,2.7,14.908254054693474,32.5082540547093,0.007454127027346737,24.7,miss,
task_69_4,dev_69,offload,133.05110000000002,133.05110000000002,133.0636,133.0659,12.499999999988631,2.3,12.46734331171489,27.26734331169461,0.006233671655857445,29.6,hit,
task_67_0,dev_67,offload,133.2928,133.2928,133.30370000000002,133.3057,10.900000000020782,2.0,10.862304530047124,23.762304530049036,0.005431152265023562,22.9,miss,
task_162_3,dev_162,offload,133.3279,133.3279,133.3377,133.3397,9.800000000012687,2.0,9.842868675976119,21.642868675969936,0.004921434337988059,29.2,hit,
task_158_5,dev_158,offload,133.3847,133.3847,133.39690000000002,133.3991,12.200000000007094,2.2,12.227914415891563,26.627914415886423,0.006113957207945782,27.1,hit,
task_151_3,dev_151,offload,133.81,133.81,133.823,133.8254,13.00000000000523,2.4000000000000004,13.047139193505046,28.447139193504682,0.006523569596752523,24.400000000000002,miss,
task_115_4,dev_115,offload,134.5941,134.5941,134.60750000000002,134.6099,13.400000000018508,2.4000000000000004,13.446554246625245,29.246554246638162,0.006723277123312623,26.200000000000003,miss,
task_70_5,dev_70,offload,134.9634,134.9634,134.9754,134.9776,12.000000000000455,2.2,11.990041580172523,26.190041580160745,0.005995020790086261,23.599999999999998,miss,
task_89_4,dev_89,offload,135.1165,135.1165,135.131,135.1336,14.499999999998181,2.6000000000000005,14.472057604685933,31.57205760468516,0.007236028802342967,29.400000000000002,miss,
task_22_2,dev_22,offload,135.5791,135.5791,135.5893,135.59130000000002,10.199999999997544,2.0,10.222285611528255,22.42228561153535,0.005111142805764127,24.900000000000002,hit,
task_172_3,dev_172,offload,136.6008,136.6008,136.6114,136.6133,10.600000000010823,1.9,10.567628675753225,23.06762867577028,0.0052838143378766125,29.900000000000002,hit,
task_120_2,dev_120,offload,136.9958,136.9958,137.0075,137.0097,11.699999999990496,2.2,11.744958155079724,25.644958155086407,0.005872479077539862,21.3,miss,
task_139_3,dev_139,offload,137.1141,137.1141,137.1282,137.1308,14.099999999984902,2.6000000000000005,14.132820511763587,30.832820511749535,0.007066410255881794,24.6,miss,
task_39_1,dev_39,offload,137.42170000000002,137.42170000000002,137.4349,137.4373,13.199999999983447,2.4000000000000004,13.18500481876542,28.785004818743275,0.006592502409382709,27.1,miss,
task_154_3,dev_154,offload,137.6867,137.6867,137.6982,137.7002,11.500000000012278,2.0,11.527319213229887,25.027319213223294,0.005763659606614944,23.700000000000003,miss,
task_196_2,dev_196,offload,137.8479,137.8479,137.8611,137.86350000000002,13.199999999983447,2.4000000000000004,13.153454878229946,28.75345487823622,0.006576727439114973,21.7,miss,
task_136_0,dev_136,offload,138.16410000000002,138.16410000000002,138.1771,138.17950000000002,12.999999999976808,2.4000000000000004,13.035862397083834,28.43586239708347,0.006517931198541917,28.900000000000002,hit,
task_113_5,dev_113,offload,138.2247,138.2247,138.2375,138.2398,12.79999999999859,2.3,12.797861008658423,27.8978610086481,0.006398930504329211,26.8,miss,
task_119_2,dev_119,offload,138.5745,138.5745,138.58880000000002,138.5914,14.300000000019963,2.6000000000000005,14.279660205484397,31.179660205476985,0.007139830102742198,24.400000000000002,miss,
task_150_6,dev_150,offload,138.8641,138.8641,138.8767,138.87900000000002,12.599999999991951,2.3,12.553179018734484,27.453179018745942,0.006276589509367242,21.8,miss,
task_173_4,dev_173,offload,138.9126,138.9126,138.92430000000002,138.9264,11.700000000018917,2.1,11.700500736913213,25.500500736916578,0.005850250368456607,24.5,miss,
task_143_4,dev_143,offload,139.30790000000002,139.30790000000002,139.31990000000002,139.3221,12.000000000000455,2.2,12.046601095350459,26.246601095338683,0.0060233005476752295,28.3,hit,
task_153_4,dev_153,offload,139.45180000000002,139.45180000000002,139.463,139.4651,11.199999999973898,2.1,11.239015155321747,24.539015155308512,0.005619507577660873,25.0,hit,
task_78_4,dev_78,offload,139.4854,139.4854,139.49880000000002,139.50130000000001,13.400000000018508,2.5,13.438410496245698,29.338410496261933,0.006719205248122849,22.500000000000004,miss,
task_4_3,dev_4,offload,139.6189,139.6189,139.6312,139.6334,12.300000000010414,2.2,12.304103359755128,26.80410335975331,0.006152051679877564,25.8,miss,
task_20_3,dev_20,offload,139.7444,139.7444,139.7563,139.7585,11.899999999997135,2.2,11.893403002786854,25.993403002771757,0.005946701501393427,26.6,hit,
task_197_3,dev_197,local,139.9437,139.9437,,,0.0,0.0,0.0,,0.0,25.0,drop,
task_82_2,dev_82,offload,140.01080000000002,140.01080000000002,140.0212,140.0233,10.399999999975762,2.1,10.443044344164827,22.943044344153456,0.0052215221720824136,28.200000000000003,hit,
task_183_3,dev_183,offload,140.70250000000001,140.70250000000001,140.7136,140.7158,11.099999999999,2.2,11.117146896522621,24.417146896509387,0.005558573448261311,22.000000000000004,miss,
task_89_5,dev_89,local,140.9317,140.9317,,,0.0,0.0,0.0,,0.0,24.1,drop,
task_47_3,dev_47,offload,141.5209,141.5209,141.5337,141.536,12.79999999999859,2.3,12.752104625769864,27.85210462575954,0.006376052312884932,21.3,miss,
task_75_2,dev_75,offload,141.52870000000001,141.52870000000001,141.538,141.5397,9.29999999999609,1.7000000000000002,9.317344527098284,20.317344527093965,0.004658672263549142,20.3,miss,
task_136_1,dev_136,offload,141.5606,141.5606,141.5712,141.5731,10.600000000010823,1.9,10.59045331663533,23.090453316652383,0.005295226658317665,20.6,miss,
task_82_3,dev_82,offload,141.67090000000002,141.67090000000002,141.6834,141.6859,12.499999999988631,2.5,12.504704367391291,27.50470436737765,0.006252352183695646,29.400000000000002,hit,
task_6_1,dev_6,offload,141.7518,141.7518,141.7662,141.7689,14.399999999994861,2.7,14.406663158552695,31.506663158551923,0.007203331579276348,28.6,miss,
task_166_2,dev_166,offload,141.85060000000001,141.85060000000001,141.86350000000002,141.8659,12.90000000000191,2.4000000000000004,12.90313282477197,28.203132824768286,0.0064515664123859845,24.200000000000003,miss,
task_14_2,dev_14,offload,142.2554,142.2554,142.2681,142.27030000000002,12.69999999999527,2.2,12.662348131354479,27.562348131365937,0.00633117406567724,25.500000000000004,miss,
task_184_2,dev_184,offload,142.436,142.436,142.4496,142.452,13.599999999996726,2.4000000000000004,13.644705456744399,29.64470545673553,0.0068223527283722,23.900000000000002,miss,
task_134_3,dev_134,offload,143.2701,143.2701,143.2835,143.2859,13.399999999990087,2.4000000000000004,13.362028680042988,29.162028680027483,0.0066810143400214935,24.400000000000002,miss,
task_65_3,dev_65,offload,143.9357,143.9357,143.9471,143.94920000000002,11.400000000008959,2.1,11.43626297611116,24.936262976132987,0.00571813148805558,26.6,hit,
task_20_4,dev_20,offload,144.32580000000002,144.32580000000002,144.33880000000002,144.34120000000001,13.00000000000523,2.4000000000000004,12.992601058050495,28.392601058050133,0.006496300529025247,27.6,miss,
task_75_3,dev_75,offload,144.3265,144.3265,144.33610000000002,144.33790000000002,9.600000000006048,1.8000000000000003,9.620301189544238,21.020301189553194,0.004810150594772119,26.8,hit,
task_33_0,dev_33,offload,144.3446,144.3446,144.3582,144.3607,13.599999999996726,2.5,13.61275028180242,29.712750281796872,0.00680637514090121,23.0,miss,
task_16_2,dev_16,offload,144.3624,144.3624,144.37630000000001,144.3788,13.900000000006685,2.5,13.935530005143994,30.335530005148406,0.006967765002571997,27.900000000000002,miss,
task_11_2,dev_11,offload,144.7629,144.7629,144.7761,144.7785,13.200000000011869,2.4000000000000004,13.173980583704155,28.773980583710433,0.006586990291852078,24.7,miss,
task_93_4,dev_93,offload,144.8904,144.8904,144.9022,144.9044,11.799999999993815,2.2,11.838947794318099,25.838947794328103,0.005919473897159049,21.9,miss,
task_116_4,dev_116,offload,144.9607,144.9607,144.9737,144.9761,13.00000000000523,2.4000000000000004,12.97273851991347,28.372738519913106,0.0064863692599567355,29.0,hit,
task_147_3,dev_147,offload,145.36350000000002,145.36350000000002,145.3753,145.3775,11.799999999993815,2.2,11.803320447615615,25.803320447597198,0.005901660223807808,28.7,hit,
task_82_4,dev_82,offload,145.7575,145.7575,145.7695,145.77190000000002,12.000000000000455,2.4000000000000004,11.986303208781466,26.386303208804748,0.005993151604390733,27.3,hit,
task_118_2,dev_118,offload,145.9403,145.9403,145.9528,145.95510000000002,12.499999999988631,2.3,12.50772335695957,27.30772335696771,0.006253861678479785,20.3,miss,
task_187_2,dev_187,offload,146.1034,146.1034,146.116,146.1183,12.600000000020373,2.3,12.578665039156565,27.478665039168025,0.006289332519578282,23.5,miss,
task_19_3,dev_19,offload,146.10750000000002,146.10750000000002,146.12130000000002,146.12380000000002,13.800000000003365,2.5,13.768087396129985,30.068087396131077,0.006884043698064992,24.6,miss,
task_156_1,dev_156,offload,146.1156,146.1156,146.12900000000002,146.1314,13.400000000018508,2.4000000000000004,13.36702506726693,29.167025067279845,0.006683512533633465,24.3,miss,
task_81_5,dev_81,offload,146.4323,146.4323,146.4453,146.4477,13.00000000000523,2.4000000000000004,12.967410922297452,28.36741092229709,0.006483705461148726,20.0,miss,
task_52_2,dev_52,offload,146.6604,146.6604,146.6756,146.6784,15.199999999992997,2.8,15.189895424209121,33.1898954242098,0.0075949477121045605,24.400000000000002,miss,
task_72_3,dev_72,offload,146.8681,146.8681,146.88160000000002,146.88410000000002,13.500000000021828,2.5,13.508648373306203,29.508648373325755,0.006754324186653102,20.200000000000003,miss,
task_68_7,dev_68,offload,147.0212,147.0212,147.0334,147.03560000000002,12.200000000007094,2.2,12.152982964307519,26.552982964330802,0.0060764914821537595,27.700000000000003,hit,
task_16_3,dev_16,offload,147.6528,147.6528,147.6668,147.66930000000002,13.999999999981583,2.5,13.968805645235827,30.468805645243556,0.006984402822617914,22.4,miss,
task_71_1,dev_71,offload,147.6849,147.6849,147.6955,147.69740000000002,10.600000000010823,1.9,10.644578990796457,23.14457899081351,0.0053222894953982285,27.400000000000002,hit,
task_27_2,dev_27,offload,148.4822,148.4822,148.49360000000001,148.4957,11.400000000008959,2.1,11.441060740008439,24.941060740001845,0.00572053037000422,20.800000000000004,miss,
task_42_2,dev_42,offload,148.5034,148.5034,148.5136,148.5156,10.199999999997544,2.0,10.174714756848088,22.374714756855184,0.005087357378424044,26.8,hit,
task_85_5,dev_85,offload,148.6026,148.6026,148.61450000000002,148.6167,11.900000000025557,2.2,11.857585186237497,25.95758518625082,0.005928792593118748,26.6,hit,
task_19_4,dev_19,offload,148.6177,148.6177,148.6291,148.6312,11.399999999980537,2.1,11.362440336607529,24.862440336600933,0.005681220168303764,24.800000000000004,miss,
task_89_6,dev_89,offload,148.8151,148.8151,148.82590000000002,148.8279,10.800000000017462,2.0,10.757681209014542,23.557681209013133,0.005378840604507271,22.000000000000004,miss,
task_192_0,dev_192,offload,148.88490000000002,148.88490000000002,148.8982,148.9006,13.299999999986767,2.4000000000000004,13.331349792254573,29.031349792235744,0.006665674896127286,28.6,miss,
task_63_7,dev_63,offload,148.8965,148.8965,148.9078,148.9099,11.300000000005639,2.1,11.262474913252232,24.66247491324232,0.005631237456626116,23.599999999999998,miss,
task_30_5,dev_30,offload,148.95440000000002,148.95440000000002,148.9704,148.9733,15.999999999991132,2.9000000000000004,16.03203476161086,34.932034761584575,0.00801601738080543,23.0,miss,
task_138_4,dev_138,offload,149.1562,149.1562,149.16840000000002,149.1706,12.200000000007094,2.2,12.245086188862732,26.645086188857594,0.006122543094431366,26.000000000000004,miss,
task_126_3,dev_126,offload,149.2285,149.2285,149.2399,149.24200000000002,11.400000000008959,2.1,11.393250357378255,24.893250357400085,0.005696625178689127,28.0,hit,
task_65_4,dev_65,offload,149.7199,149.7199,149.73080000000002,149.7328,10.900000000020782,2.0,10.901168009162083,23.801168009163995,0.005450584004581042,20.5,miss,
task_156_2,dev_156,offload,149.9292,149.9292,149.94320000000002,149.94580000000002,14.000000000010004,2.6000000000000005,13.98787509780001,30.58787509781106,0.006993937548900006,23.1,miss,
task_35_3,dev_35,offload,149.98950000000002,149.98950000000002,150.00320000000002,150.00560000000002,13.700000000000045,2.4000000000000004,13.663873458915194,29.763873458909647,0.006831936729457597,22.2,miss,
task_143_5,dev_143,offload,150.0916,150.0916,150.1062,150.1089,14.6000000000015,2.7,14.613668720023453,31.91366872002932,0.007306834360011726,23.1,miss,
task_163_0,dev_163,offload,150.3089,150.3089,150.3223,150.3249,13.400000000018508,2.6000000000000005,13.44778811234907,29.447788112368624,0.006723894056174535,25.6,miss,
task_30_6,dev_30,offload,151.4257,151.4257,151.4368,151.43880000000001,11.099999999999,2.0,11.126374323420725,24.226374323429276,0.005563187161710363,22.000000000000004,miss,
task_48_1,dev_48,offload,151.4453,151.4453,151.4565,151.45850000000002,11.20000000000232,2.0,11.197076870660485,24.397076870672354,0.0055985384353302425,29.8,hit,
task_95_3,dev_95,offload,151.7389,151.7389,151.7517,151.75400000000002,12.79999999999859,2.3,12.762521794689723,27.862521794707824,0.006381260897344861,27.8,miss,
task_90_2,dev_90,local,151.8813,151.8813,,,0.0,0.0,0.0,,0.0,24.800000000000004,drop,
task_36_2,dev_36,offload,151.8937,151.8937,151.9076,151.9101,13.900000000006685,2.5,13.927122231313572,30.327122231317983,0.006963561115656785,24.200000000000003,miss,
task_29_2,dev_29,offload,152.18550000000002,152.18550000000002,152.2015,152.20440000000002,15.999999999991132,2.9000000000000004,15.988214298704083,34.88821429870622,0.007994107149352041,26.4,miss,
task_174_4,dev_174,offload,152.80030000000002,152.80030000000002,152.8141,152.8166,13.799999999974943,2.5,13.824109751506324,30.124109751478994,0.006912054875753162,22.1,miss,
task_133_0,dev_133,offload,152.8427,152.8427,152.85590000000002,152.8583,13.200000000011869,2.4000000000000004,13.170779795251493,28.770779795257766,0.006585389897625746,24.200000000000003,miss,
task_129_3,dev_129,offload,152.9173,152.9173,152.931,152.9335,13.700000000000045,2.5,13.69549836168633,29.8954983616841,0.006847749180843164,26.500000000000004,miss,
task_74_6,dev_74,offload,153.0359,153.0359,153.049,153.0513,13.10000000000855,2.3,13.095672947438986,28.49567294743862,0.006547836473719493,20.400000000000002,miss,
task_74_7,dev_74,offload,153.0474,153.0474,153.06130000000002,153.06380000000001,13.900000000006685,2.5,13.868660806263115,30.268660806267526,0.0069343304031315575,21.6,miss,
task_58_4,dev_58,offload,153.311,153.311,153.32160000000002,153.3235,10.600000000010823,1.9,10.564722784717128,23.064722784705758,0.005282361392358564,25.2,hit,
task_83_2,dev_83,offload,153.4112,153.4112,153.42350000000002,153.4258,12.300000000010414,2.3,12.336588220555706,26.936588220557205,0.006168294110277853,25.6,miss,
task_33_1,dev_33,offload,153.63590000000002,153.63590000000002,153.6482,153.65040000000002,12.299999999981992,2.2,12.284034272672125,26.784034272670304,0.006142017136336063,23.5,miss,
task_16_4,dev_16,offload,153.83100000000002,153.83100000000002,153.8419,153.84390000000002,10.89999999999236,2.0,10.883599071397343,23.78359907139925,0.005441799535698672,24.6,hit,
task_82_5,dev_82,offload,154.15970000000002,154.15970000000002,154.1703,154.1724,10.599999999982401,2.1,10.564949911709869,23.264949911705138,0.005282474955854935,26.3,hit,
task_5_1,dev_5,offload,154.2793,154.2793,154.2913,154.2936,12.000000000000455,2.3,12.008276841605467,26.308276841597007,0.006004138420802733,21.3,miss,
task_79_5,dev_79,offload,154.7332,154.7332,154.74530000000001,154.7475,12.100000000003774,2.2,12.126085206588932,26.426085206580474,0.006063042603294466,28.1,hit,
task_145_2,dev_145,offload,154.96970000000002,154.96970000000002,154.9819,154.9841,12.199999999978672,2.2,12.190784281610844,26.590784281605707,0.006095392140805422,27.5,hit,
task_90_3,dev_90,offload,155.19070000000002,155.19070000000002,155.20250000000001,155.2046,11.799999999993815,2.1,11.775997981449377,25.675997981427642,0.005887998990724688,25.500000000000004,miss,
task_189_3,dev_189,offload,155.3446,155.3446,155.358,155.3604,13.399999999990087,2.4000000000000004,13.386137311975917,29.186137311960408,0.006693068655987958,23.8,miss,
task_7_5,dev_7,offload,155.3947,155.3947,155.40890000000002,155.41150000000002,14.200000000016644,2.6000000000000005,14.215008277697878,31.015008277715566,0.007107504138848939,23.0,miss,
task_7_6,dev_7,offload,155.4109,155.4109,155.4224,155.4245,11.500000000012278,2.1,11.513641541896625,25.11364154189335,0.005756820770948312,22.9,miss,
task_18_2,dev_18,offload,155.4283,155.4283,155.43890000000002,155.4408,10.600000000010823,1.9,10.607659745454187,23.107659745442817,0.005303829872727093,21.5,miss,
task_193_6,dev_193,offload,155.5061,155.5061,155.5171,155.5191,10.99999999999568,2.0,10.989774259524868,23.989774259530098,0.005494887129762434,21.6,miss,
task_77_2,dev_77,offload,155.674,155.674,155.68900000000002,155.6917,15.00000000001478,2.7,15.017377246588106,32.71737724657883,0.007508688623294053,24.800000000000004,miss,
task_15_5,dev_15,offload,155.7832,155.7832,155.7939,155.7958,10.700000000014143,1.9,10.739023863879897,23.33902386390027,0.005369511931939948,28.200000000000003,hit,
task_91_4,dev_91,offload,155.8151,155.8151,155.8278,155.83010000000002,12.69999999999527,2.3,12.704166159290933,27.704166159305714,0.006352083079645467,20.200000000000003,miss,
task_102_5,dev_102,offload,156.0276,156.0276,156.0378,156.0398,10.199999999997544,2.0,10.249035699063567,22.449035699070663,0.005124517849531784,23.200000000000003,hit,
task_85_6,dev_85,offload,156.0712,156.0712,156.0833,156.0855,12.100000000003774,2.2,12.10090540350111,26.40090540349265,0.006050452701750556,26.200000000000003,miss,
task_35_4,dev_35,offload,156.6404,156.6404,156.6534,156.6557,13.00000000000523,2.3,12.966524173449825,28.266524173446143,0.006483262086724912,24.200000000000003,miss,
task_128_4,dev_128,offload,157.72560000000001,157.72560000000001,157.73780000000002,157.74,12.200000000007094,2.2,12.188970769402985,26.588970769397847,0.006094485384701492,21.3,miss,
task_177_5,dev_177,offload,158.3403,158.3403,158.3543,158.3569,13.999999999981583,2.6000000000000005,14.040338489201918,30.640338489184547,0.007020169244600959,27.6,miss,
task_26_0,dev_26,offload,158.6157,158.6157,158.6278,158.6301,12.100000000003774,2.3,12.130480173667635,26.530480173662497,0.0060652400868338174,22.500000000000004,miss,
task_5_2,dev_5,offload,158.8077,158.8077,158.8193,158.8214,11.599999999987176,2.1,11.56921849902536,25.269218499025406,0.00578460924951268,26.000000000000004,hit,
task_194_2,dev_194,offload,158.9024,158.9024,158.917,158.9196,14.6000000000015,2.6000000000000005,14.631239995019687,31.831239995022234,0.007315619997509844,24.400000000000002,miss,
task_170_2,dev_170,offload,158.9773,158.9773,158.9908,158.9933,13.499999999993406,2.5,13.464102684731865,29.464102684722995,0.006732051342365933,25.500000000000004,miss,
task_75_4,dev_75,offload,159.5026,159.5026,159.5121,159.5138,9.500000000002728,1.7000000000000002,9.544728573158972,20.74472857316129,0.004772364286579486,29.6,hit,
task_141_4,dev_141,offload,159.5345,159.5345,159.5475,159.5499,13.00000000000523,2.4000000000000004,12.980290077034205,28.38029007703384,0.006490145038517103,25.400000000000002,miss,
task_18_3,dev_18,offload,159.5993,159.5993,159.613,159.6155,13.700000000000045,2.5,13.74993228471579,29.94993228471356,0.006874966142357895,24.900000000000002,miss,
task_55_2,dev_55,offload,159.75320000000002,159.75320000000002,159.7674,159.7699,14.199999999988222,2.5,14.247361747583843,30.947361747569794,0.007123680873791922,26.500000000000004,miss,
task_131_5,dev_131,offload,159.892,159.892,159.9086,159.91160000000002,16.60000000001105,3.0,16.629989561707593,36.229989561732964,0.008314994780853796,20.200000000000003,miss,
task_75_5,dev_75,offload,159.8934,159.8934,159.9069,159.9093,13.499999999993406,2.4000000000000004,13.533066036537754,29.433066036525567,0.006766533018268877,20.900000000000002,miss,
task_83_3,dev_83,offload,160.1344,160.1344,160.1488,160.1514,14.399999999994861,2.6000000000000005,14.384186633197794,31.3841866331937,0.007192093316598897,20.400000000000002,miss,
task_191_6,dev_191,offload,160.2952,160.2952,160.30620000000002,160.3082,11.000000000024102,2.0,10.952075387392139,23.952075387397368,0.005476037693696069,21.9,miss,
task_89_7,dev_89,offload,160.32680000000002,160.32680000000002,160.3382,160.3403,11.399999999980537,2.1,11.435098423172478,24.935098423165883,0.00571754921158624,26.9,hit,
task_192_1,dev_192,offload,160.3905,160.3905,160.4036,160.406,13.10000000000855,2.4000000000000004,13.10785452368853,28.607854523691486,0.006553927261844265,21.400000000000002,miss,
task_156_3,dev_156,offload,160.458,160.458,160.4711,160.4735,13.10000000000855,2.4000000000000004,13.077502375101815,28.57750237510477,0.006538751187550908,23.400000000000002,miss,
task_91_5,dev_91,offload,160.8343,160.8343,160.8469,160.8492,12.599999999991951,2.3,12.61566420495658,27.51566420493962,0.00630783210247829,28.5,hit,
task_47_4,dev_47,offload,160.8409,160.8409,160.85340000000002,160.8557,12.500000000017053,2.3,12.547284130199262,27.347284130207402,0.006273642065099631,23.1,miss,
task_121_3,dev_121,offload,161.2793,161.2793,161.2923,161.2947,13.00000000000523,2.4000000000000004,12.97047214933886,28.370472149338497,0.0064852360746694305,29.500000000000004,hit,
task_143_6,dev_143,offload,161.3291,161.3291,161.3428,161.3453,13.700000000000045,2.5,13.68902840579481,29.88902840579258,0.006844514202897405,21.8,miss,
task_97_7,dev_97,local,161.334,161.334,,,0.0,0.0,0.0,,0.0,25.7,drop,
task_130_3,dev_130,offload,161.6517,161.6517,161.6629,161.66490000000002,11.20000000000232,2.0,11.22396016556357,24.423960165575437,0.005611980082781785,27.5,hit,
task_153_5,dev_153,offload,161.78,161.78,161.7953,161.7981,15.299999999996317,2.8,15.330382818647404,33.43038281865141,0.0076651914093237026,28.1,miss,
task_107_1,dev_107,offload,161.8937,161.8937,161.9067,161.9091,13.00000000000523,2.4000000000000004,13.009516824847081,28.40951682484672,0.006504758412423541,27.1,miss,
task_56_4,dev_56,offload,161.9704,161.9704,161.9849,161.9875,14.499999999998181,2.6000000000000005,14.466941811062743,31.56694181106197,0.007233470905531371,25.500000000000004,miss,
task_199_3,dev_199,offload,162.5376,162.5376,162.55110000000002,162.55360000000002,13.500000000021828,2.5,13.519872108584046,29.5198721086036,0.006759936054292023,24.3,miss,
task_164_2,dev_164,offload,162.5581,162.5581,162.57070000000002,162.5731,12.600000000020373,2.4000000000000004,12.612832566416355,27.612832566431134,0.006306416283208177,21.400000000000002,miss,
task_25_2,dev_25,offload,162.71470000000002,162.71470000000002,162.7253,162.7272,10.599999999982401,1.9,10.616903529678815,23.116903529667447,0.005308451764839408,27.0,hit,
task_119_3,dev_119,offload,162.7586,162.7586,162.77270000000001,162.77530000000002,14.100000000013324,2.6000000000000005,14.127870980858606,30.827870980872977,0.007063935490429303,26.700000000000003,miss,
task_59_2,dev_59,offload,162.79420000000002,162.79420000000002,162.8056,162.8077,11.399999999980537,2.1,11.374590551813904,24.87459055180731,0.005687295275906952,26.4,hit,
task_124_3,dev_124,offload,162.94570000000002,162.94570000000002,162.9583,162.9605,12.599999999991951,2.2,12.633952181526942,27.433952181506662,0.006316976090763471,22.9,miss,
task_116_5,dev_116,offload,163.0274,163.0274,163.0397,163.0419,12.300000000010414,2.2,12.290593229905872,26.790593229904054,0.0061452966149529355,29.400000000000002,hit,
task_27_3,dev_27,offload,163.12210000000002,163.12210000000002,163.1344,163.13660000000002,12.299999999981992,2.2,12.277853391768819,26.777853391767,0.006138926695884409,26.000000000000004,miss,
task_167_2,dev_167,offload,163.2176,163.2176,163.23090000000002,163.2333,13.300000000015189,2.4000000000000004,13.323722395747227,29.02372239575682,0.006661861197873613,21.1,miss,
task_76_1,dev_76,offload,163.3126,163.3126,163.3262,163.3287,13.599999999996726,2.5,13.602256418923302,29.702256418917756,0.006801128209461651,24.800000000000004,miss,
task_175_3,dev_175,offload,163.32580000000002,163.32580000000002,163.34040000000002,163.34300000000002,14.6000000000015,2.6000000000000005,14.582083070557392,31.78208307055994,0.007291041535278696,21.1,miss,
task_8_2,dev_8,offload,163.4276,163.4276,163.4378,163.43970000000002,10.199999999997544,1.9,10.197226475369618,22.297226475373392,0.0050986132376848094,26.700000000000003,hit,
task_64_4,dev_64,offload,163.5551,163.5551,163.5669,163.56900000000002,11.799999999993815,2.1,11.84482527488439,25.744825274891074,0.005922412637442195,24.5,miss,
task_50_6,dev_50,local,163.8032,163.8032,,,0.0,0.0,0.0,,0.0,20.1,drop,
task_80_3,dev_80,offload,164.34130000000002,164.34130000000002,164.3519,164.3539,10.599999999982401,2.0,10.618890243907252,23.218890243899203,0.005309445121953626,23.1,miss,
task_133_1,dev_133,offload,164.34910000000002,164.34910000000002,164.3623,164.3647,13.199999999983447,2.4000000000000004,13.245473536813643,28.845473536791495,0.006622736768406821,26.3,miss,
task_176_4,dev_176,offload,164.62890000000002,164.62890000000002,164.64090000000002,164.6431,12.000000000000455,2.2,12.013990010537634,26.213990010525855,0.006006995005268817,22.9,miss,
task_141_5,dev_141,offload,164.6844,164.6844,164.6971,164.6996,12.69999999999527,2.5,12.724461577865005,27.924461577858004,0.006362230788932503,22.1,miss,
task_123_3,dev_123,offload,164.79510000000002,164.79510000000002,164.8091,164.8117,13.999999999981583,2.6000000000000005,13.98755479798732,30.58755479796995,0.00699377739899366,20.1,miss,
task_10_3,dev_10,offload,164.87730000000002,164.87730000000002,164.8891,164.8912,11.799999999993815,2.1,11.775039620896582,25.675039620874845,0.005887519810448291,23.700000000000003,miss,
task_127_5,dev_127,offload,164.987,164.987,164.9978,164.99980000000002,10.800000000017462,2.0,10.826139264131903,23.626139264158915,0.005413069632065952,29.900000000000002,hit,
task_148_3,dev_148,offload,165.1781,165.1781,165.1875,165.1892,9.399999999999409,1.7000000000000002,9.413132030469118,20.513132030468118,0.004706566015234559,28.0,hit,
task_176_5,dev_176,offload,165.25750000000002,165.25750000000002,165.2691,165.27120000000002,11.599999999987176,2.1,11.601215728738335,25.30121572873838,0.0058006078643691675,20.400000000000002,miss,
task_71_2,dev_71,offload,165.46120000000002,165.46120000000002,165.47070000000002,165.47240000000002,9.500000000002728,1.7000000000000002,9.529118411971243,20.729118411973563,0.004764559205985622,22.2,hit,
task_81_6,dev_81,offload,165.49210000000002,165.49210000000002,165.50480000000002,165.5071,12.69999999999527,2.3,12.733393860018985,27.733393860005343,0.006366696930009493,28.6,hit,
task_39_2,dev_39,local,165.6089,165.6089,,,0.0,0.0,0.0,,0.0,23.700000000000003,drop,
task_16_5,dev_16,offload,165.6234,165.6234,165.6381,165.64090000000002,14.70000000000482,2.8,14.714169770299385,32.21416977031189,0.007357084885149693,29.0,miss,
task_87_1,dev_87,offload,165.76680000000002,165.76680000000002,165.7818,165.7845,14.999999999986358,2.7,15.036730717523549,32.73673071751427,0.007518365358761775,26.1,miss,
task_144_4,dev_144,local,166.0094,166.0094,,,0.0,0.0,0.0,,0.0,22.6,drop,
task_83_4,dev_83,offload,166.0933,166.0933,166.1047,166.10680000000002,11.400000000008959,2.1,11.382196982765521,24.88219698278735,0.00569109849138276,22.3,miss,
task_97_8,dev_97,offload,166.1378,166.1378,166.1533,166.1561,15.500000000002956,2.8,15.50539322355376,33.8053932235644,0.00775269661177688,24.800000000000004,miss,
task_30_7,dev_30,offload,166.4182,166.4182,166.4314,166.43380000000002,13.199999999983447,2.4000000000000004,13.223935981173126,28.823935981179403,0.006611967990586563,27.200000000000003,miss,
task_49_2,dev_49,offload,166.483,166.483,166.49720000000002,166.49980000000002,14.200000000016644,2.6000000000000005,14.235586436078055,31.035586436095745,0.007117793218039028,27.0,miss,
task_195_5,dev_195,offload,166.5402,166.5402,166.5558,166.5586,15.600000000006276,2.8,15.638856395131066,34.038856395145025,0.007819428197565533,28.6,miss,
task_130_4,dev_130,offload,166.5421,166.5421,166.5539,166.55610000000001,11.799999999993815,2.2,11.784520753309891,25.784520753319896,0.005892260376654946,20.6,miss,
task_181_2,dev_181,offload,166.5672,166.5672,166.5815,166.5843,14.299999999991542,2.8,14.324226563551578,31.424226563550803,0.007162113281775789,29.7,miss,
task_47_5,dev_47,offload,166.7405,166.7405,166.7525,166.7547,12.000000000000455,2.2,11.978494190683502,26.178494190700146,0.0059892470953417515,27.700000000000003,hit,
task_55_3,dev_55,offload,166.854,166.854,166.86950000000002,166.87220000000002,15.500000000002956,2.7,15.492180644721303,33.69218064472862,0.007746090322360652,22.9,miss,
task_160_4,dev_160,offload,166.8907,166.8907,166.90550000000002,166.9083,14.80000000000814,2.8,14.793162487360087,32.39316248734749,0.007396581243680043,26.000000000000004,miss,
task_11_3,dev_11,offload,166.9334,166.9334,166.946,166.94830000000002,12.599999999991951,2.3,12.593812167641937,27.493812167653395,0.006296906083820969,27.0,miss,
task_173_5,dev_173,offload,167.001,167.001,167.0145,167.017,13.499999999993406,2.5,13.471690771413158,29.47169077140429,0.006735845385706579,23.599999999999998,miss,
task_70_6,dev_70,offload,167.0526,167.0526,167.0661,167.0686,13.499999999993406,2.5,13.487654335316071,29.487654335307205,0.006743827167658036,28.400000000000002,miss,
task_12_3,dev_12,offload,167.2056,167.2056,167.2182,167.22050000000002,12.599999999991951,2.3,12.55095556508877,27.45095556510023,0.006275477782544385,29.500000000000004,hit,
task_120_3,dev_120,offload,167.2328,167.2328,167.24550000000002,167.24790000000002,12.700000000023692,2.4000000000000004,12.684108540789046,27.784108540807146,0.0063420542703945225,20.400000000000002,miss,
task_127_6,dev_127,offload,167.4597,167.4597,167.471,167.47310000000002,11.300000000005639,2.1,11.250593090539178,24.650593090557685,0.005625296545269589,23.5,miss,
task_62_5,dev_62,offload,167.8228,167.8228,167.8348,167.8372,12.000000000000455,2.4000000000000004,11.985204292269286,26.38520429226415,0.005992602146134643,21.1,miss,
task_5_3,dev_5,offload,167.9137,167.9137,167.92600000000002,167.9282,12.300000000010414,2.2,12.258754025940785,26.758754025938966,0.006129377012970392,26.3,miss,
task_121_4,dev_121,local,167.9581,167.9581,,,0.0,0.0,0.0,,0.0,26.6,drop,
task_71_3,dev_71,offload,168.0582,168.0582,168.0705,168.0728,12.300000000010414,2.3,12.342918050389095,26.942918050390595,0.006171459025194548,22.1,miss,
task_86_3,dev_86,offload,168.142,168.142,168.15540000000001,168.1579,13.400000000018508,2.5,13.395646706170348,29.29564670618658,0.006697823353085174,29.6,hit,
task_58_5,dev_58,offload,168.2187,168.2187,168.2306,168.2328,11.899999999997135,2.2,11.869114127111517,25.969114127096418,0.005934557063555759,28.5,hit,
task_147_4,dev_147,offload,169.0078,169.0078,169.0189,169.0209,11.099999999999,2.0,11.058940735604958,24.158940735613506,0.005529470367802479,21.2,miss,
task_116_6,dev_116,offload,169.0864,169.0864,169.0985,169.10070000000002,12.100000000003774,2.2,12.115918530785514,26.415918530805477,0.006057959265392757,21.1,miss,
task_68_8,dev_68,offload,169.1017,169.1017,169.1157,169.1183,14.000000000010004,2.6000000000000005,14.010175306590488,30.61017530660154,0.007005087653295244,27.0,miss,
task_58_6,dev_58,offload,169.3937,169.3937,169.40630000000002,169.4086,12.600000000020373,2.3,12.593587787472348,27.493587787483808,0.006296793893736174,21.9,miss,
task_178_3,dev_178,offload,169.4367,169.4367,169.4498,169.4522,13.10000000000855,2.4000000000000004,13.06240905565581,28.562409055658765,0.006531204527827904,24.400000000000002,miss,
task_88_0,dev_88,offload,169.6979,169.6979,169.7116,169.7141,13.700000000000045,2.5,13.718683171070154,29.918683171067926,0.006859341585535077,23.200000000000003,miss,
task_114_1,dev_114,offload,169.7048,169.7048,169.7168,169.71890000000002,12.000000000000455,2.1,11.995245596147843,26.095245596161167,0.005997622798073921,29.8,hit,
task_174_5,dev_174,offload,169.8862,169.8862,169.8984,169.9006,12.200000000007094,2.2,12.21091510825828,26.610915108253142,0.00610545755412914,22.9,miss,
task_83_5,dev_83,offload,169.9496,169.9496,169.9636,169.96620000000001,14.000000000010004,2.6000000000000005,13.999970776683952,30.599970776695002,0.006999985388341976,24.0,miss,
task_84_4,dev_84,offload,170.25,170.25,170.2636,170.26600000000002,13.599999999996726,2.4000000000000004,13.56236707615418,29.562367076173736,0.00678118353807709,22.000000000000004,miss,
task_126_4,dev_126,offload,170.287,170.287,170.2997,170.3021,12.69999999999527,2.4000000000000004,12.72018047624139,27.820180476231066,0.006360090238120696,24.6,miss,
task_114_2,dev_114,offload,170.8468,170.8468,170.8589,170.86100000000002,12.100000000003774,2.1,12.091664525537512,26.291664525554154,0.006045832262768756,20.5,miss,
task_117_2,dev_117,offload,170.9137,170.9137,170.9266,170.9289,12.90000000000191,2.3,12.876617474120128,28.076617474113124,0.006438308737060063,25.500000000000004,miss,
task_36_3,dev_36,offload,171.1754,171.1754,171.1901,171.1928,14.70000000000482,2.7,14.71257332813424,32.11257332814343,0.00735628666406712,23.8,miss,
task_142_2,dev_142,offload,171.3023,171.3023,171.3154,171.318,13.10000000000855,2.6000000000000005,13.101875461571034,28.80187546158063,0.006550937730785517,24.800000000000004,miss,
task_132_4,dev_132,offload,172.2528,172.2528,172.2655,172.26780000000002,12.69999999999527,2.3,12.692779286127031,27.69277928614181,0.006346389643063516,25.7,miss,
task_97_9,dev_97,offload,172.2679,172.2679,172.2801,172.28230000000002,12.200000000007094,2.2,12.154298607199156,26.55429860722244,0.006077149303599578,29.8,hit,
task_141_6,dev_141,offload,172.3125,172.3125,172.32410000000002,172.3262,11.600000000015598,2.1,11.626721059089844,25.32672105908989,0.005813360529544922,23.900000000000002,miss,
task_123_4,dev_123,offload,172.33200000000002,172.33200000000002,172.34570000000002,172.34820000000002,13.700000000000045,2.5,13.700465696958133,29.900465696955905,0.006850232848479067,24.800000000000004,miss,
task_47_6,dev_47,offload,172.4559,172.4559,172.4693,172.4717,13.399999999990087,2.4000000000000004,13.404089371091866,29.204089371076357,0.006702044685545932,25.3,miss,
task_16_6,dev_16,offload,172.50130000000001,172.50130000000001,172.5141,172.5164,12.79999999999859,2.3,12.775525911093393,27.87552591108307,0.006387762955546696,24.400000000000002,miss,
task_177_6,dev_177,offload,172.7441,172.7441,172.7563,172.7585,12.200000000007094,2.2,12.238900116748411,26.638900116743272,0.006119450058374206,22.4,miss,
task_70_7,dev_70,offload,173.0856,173.0856,173.09990000000002,173.10250000000002,14.300000000019963,2.6000000000000005,14.337595122161973,31.23759512218298,0.0071687975610809865,25.400000000000002,miss,
task_32_3,dev_32,offload,173.18380000000002,173.18380000000002,173.1927,173.1944,8.89999999998281,1.7000000000000002,8.878260221393443,19.478260221375844,0.004439130110696721,26.9,hit,
task_185_3,dev_185,offload,173.2818,173.2818,173.2965,173.2992,14.70000000000482,2.7,14.687137606912602,32.087137606921786,0.007343568803456301,22.6,miss,
task_0_5,dev_0,offload,174.63150000000002,174.63150000000002,174.6424,174.64450000000002,10.89999999999236,2.1,10.93818713503824,23.93818713504347,0.00546909356751912,23.400000000000002,miss,
task_178_4,dev_178,offload,174.63250000000002,174.63250000000002,174.64180000000002,174.64350000000002,9.29999999999609,1.7000000000000002,9.327138534657053,20.327138534652732,0.004663569267328526,28.200000000000003,hit,
task_194_3,dev_194,offload,174.74810000000002,174.74810000000002,174.76170000000002,174.7641,13.599999999996726,2.4000000000000004,13.55135225773581,29.55135225772694,0.006775676128867905,25.0,miss,
task_143_7,dev_143,offload,174.76780000000002,174.76780000000002,174.7785,174.78050000000002,10.699999999985721,2.0,10.736899346524705,23.436899346519976,0.005368449673262353,22.700000000000003,miss,
task_141_7,dev_141,offload,175.0444,175.0444,175.0577,175.0601,13.300000000015189,2.4000000000000004,13.331555476145223,29.031555476154818,0.006665777738072611,28.200000000000003,miss,
task_198_2,dev_198,offload,175.14090000000002,175.14090000000002,175.1533,175.15560000000002,12.399999999985312,2.3,12.382951514945406,27.082951514950224,0.006191475757472703,22.000000000000004,miss,
task_191_7,dev_191,offload,175.2649,175.2649,175.2768,175.279,11.899999999997135,2.2,11.874628502843949,25.97462850282885,0.005937314251421974,20.200000000000003,miss,
task_145_3,dev_145,offload,175.26760000000002,175.26760000000002,175.2809,175.2833,13.299999999986767,2.4000000000000004,13.271486890310829,28.971486890292002,0.006635743445155415,23.1,miss,
task_94_5,dev_94,offload,175.8784,175.8784,175.8895,175.8915,11.099999999999,2.0,11.076232342294048,24.176232342302598,0.0055381161711470245,27.1,hit,
task_53_1,dev_53,offload,176.108,176.108,176.1223,176.1249,14.299999999991542,2.6000000000000005,14.284908259306091,31.18490825929868,0.007142454129653046,22.700000000000003,miss,
task_81_7,dev_81,offload,176.4058,176.4058,176.4187,176.42100000000002,12.90000000000191,2.3,12.876582799303335,28.076582799324754,0.006438291399651668,27.200000000000003,miss,
task_46_2,dev_46,offload,176.6389,176.6389,176.6526,176.6552,13.700000000000045,2.6000000000000005,13.656094321859657,29.956094321860746,0.006828047160929828,20.900000000000002,miss,
task_2_3,dev_2,offload,176.6817,176.6817,176.69320000000002,176.6955,11.500000000012278,2.3,11.477489232172877,25.277489232176244,0.005738744616086438,23.200000000000003,miss,
task_12_4,dev_12,offload,176.68640000000002,176.68640000000002,176.6986,176.70080000000002,12.199999999978672,2.2,12.188368954914067,26.58836895490893,0.006094184477457033,21.7,miss,
task_62_6,dev_62,offload,176.73600000000002,176.73600000000002,176.74790000000002,176.7503,11.899999999997135,2.4000000000000004,11.944558342640702,26.244558342632246,0.005972279171320351,22.6,miss,
task_12_5,dev_12,offload,176.7936,176.7936,176.8055,176.8077,11.899999999997135,2.2,11.932332804002664,26.032332804015986,0.005966166402001332,24.5,miss,
task_113_6,dev_113,offload,177.1356,177.1356,177.1483,177.1507,12.69999999999527,2.4000000000000004,12.704152942704903,27.80415294269458,0.006352076471352452,27.5,miss,
task_103_5,dev_103,offload,177.15550000000002,177.15550000000002,177.16670000000002,177.1687,11.20000000000232,2.0,11.165449725169319,24.365449725152764,0.00558272486258466,24.7,hit,
task_179_2,dev_179,offload,177.2765,177.2765,177.2894,177.2918,12.90000000000191,2.4000000000000004,12.946368115549664,28.24636811554598,0.006473184057774832,23.400000000000002,miss,
task_38_1,dev_38,offload,177.419,177.419,177.431,177.4332,12.000000000000455,2.2,12.04662390410325,26.24662390409147,0.006023311952051625,20.200000000000003,miss,
task_182_2,dev_182,offload,177.4735,177.4735,177.4854,177.48780000000002,11.899999999997135,2.4000000000000004,11.948064634792676,26.24806463481264,0.005974032317396338,27.700000000000003,hit,
task_132_5,dev_132,offload,177.7427,177.7427,177.7563,177.7588,13.599999999996726,2.5,13.624072067352888,29.72407206734734,0.006812036033676444,25.7,miss,
task_54_4,dev_54,offload,177.9521,177.9521,177.96710000000002,177.96980000000002,15.00000000001478,2.7,15.020862617600425,32.720862617619574,0.0075104313088002125,21.7,miss,
task_24_5,dev_24,offload,178.00920000000002,178.00920000000002,178.02360000000002,178.02620000000002,14.399999999994861,2.6000000000000005,14.38266464570254,31.382664645698448,0.00719133232285127,28.0,miss,
task_60_2,dev_60,offload,178.0564,178.0564,178.0692,178.07160000000002,12.79999999999859,2.4000000000000004,12.817636087789468,28.017636087810885,0.006408818043894734,27.6,miss,
task_100_2,dev_100,offload,178.0696,178.0696,178.0809,178.083,11.300000000005639,2.1,11.3497646612124,24.749764661202487,0.0056748823306062,20.6,miss,
task_143_8,dev_143,offload,178.1038,178.1038,178.11710000000002,178.11950000000002,13.300000000015189,2.4000000000000004,13.26246688296522,28.962466882974816,0.00663123344148261,29.7,hit,
task_177_7,dev_177,offload,178.1895,178.1895,178.2004,178.2024,10.89999999999236,2.0,10.88091506558767,23.780915065589582,0.005440457532793835,22.9,miss,
task_69_5,dev_69,offload,178.291,178.291,178.3058,178.3085,14.80000000000814,2.7,14.769059874067864,32.26905987408037,0.007384529937033932,27.3,miss,
task_11_4,dev_11,offload,178.5156,178.5156,178.52700000000002,178.5291,11.400000000008959,2.1,11.368956123163418,24.868956123156824,0.005684478061581709,21.2,miss,
task_187_3,dev_187,offload,178.6655,178.6655,178.678,178.68030000000002,12.499999999988631,2.3,12.458814178714407,27.258814178722545,0.006229407089357203,29.0,hit,
task_78_5,dev_78,offload,178.8768,178.8768,178.8912,178.8938,14.399999999994861,2.6000000000000005,14.444088076960094,31.444088076956,0.007222044038480047,20.3,miss,
task_9_7,dev_9,offload,179.13510000000002,179.13510000000002,179.1498,179.1525,14.699999999976399,2.7,14.728841384318045,32.12884138429881,0.007364420692159023,22.500000000000004,miss,
task_67_1,dev_67,offload,179.2039,179.2039,179.2169,179.2193,13.00000000000523,2.4000000000000004,12.960287914873502,28.36028791487314,0.006480143957436751,25.1,miss,
task_66_5,dev_66,offload,179.26520000000002,179.26520000000002,179.2776,179.2799,12.399999999985312,2.3,12.377967286761056,27.077967286737454,0.006188983643380528,21.6,miss,
task_190_6,dev_190,offload,179.41910000000001,179.41910000000001,179.43120000000002,179.4334,12.100000000003774,2.2,12.108125467798141,26.40812546778968,0.006054062733899071,25.7,miss,
task_77_3,dev_77,offload,179.5769,179.5769,179.5901,179.5926,13.200000000011869,2.5,13.177093690049832,28.877093690059425,0.006588546845024916,23.3,miss,
task_9_8,dev_9,offload,179.918,179.918,179.9248,179.92600000000002,6.799999999998363,1.2000000000000002,6.762814554414207,14.762814554423983,0.0033814072772071035,23.5,hit,
task_147_5,dev_147,offload,180.0328,180.0328,180.04600000000002,180.04840000000002,13.200000000011869,2.4000000000000004,13.186117555311439,28.786117555317716,0.006593058777655719,26.6,miss,
task_111_3,dev_111,offload,180.1113,180.1113,180.12390000000002,180.1262,12.600000000020373,2.3,12.644969595986161,27.54496959599762,0.006322484797993081,21.1,miss,
task_150_7,dev_150,offload,180.2442,180.2442,180.2543,180.2561,10.099999999994225,1.8000000000000003,10.131944385283187,22.031944385280323,0.005065972192641594,24.3,hit,
task_88_1,dev_88,offload,181.03400000000002,181.03400000000002,181.0454,181.0475,11.399999999980537,2.1,11.419350693651996,24.919350693645402,0.005709675346825998,24.0,miss,
task_45_4,dev_45,offload,181.089,181.089,181.1004,181.10250000000002,11.400000000008959,2.1,11.40633224213754,24.906332242159365,0.0057031661210687696,23.0,miss,
task_151_4,dev_151,offload,181.3211,181.3211,181.3317,181.33360000000002,10.600000000010823,1.9,10.611178171821933,23.111178171838986,0.005305589085910967,25.2,hit,
task_10_4,dev_10,offload,181.57260000000002,181.57260000000002,181.5864,181.5889,13.799999999974943,2.5,13.84140310049596,30.14140310046863,0.00692070155024798,28.5,miss,
task_125_4,dev_125,offload,181.6763,181.6763,181.6894,181.6918,13.10000000000855,2.4000000000000004,13.12453978112486,28.624539781127815,0.00656226989056243,24.3,miss,
task_59_3,dev_59,offload,181.68890000000002,181.68890000000002,181.705,181.7079,16.099999999994452,2.9000000000000004,16.070372855110588,35.070372855087626,0.008035186427555293,23.5,miss,
task_23_5,dev_23,offload,181.78750000000002,181.78750000000002,181.7997,181.80190000000002,12.199999999978672,2.2,12.188021198978122,26.58802119897298,0.006094010599489061,23.1,miss,
task_35_5,dev_35,offload,182.09810000000002,182.09810000000002,182.1088,182.1108,10.699999999985721,2.0,10.712077497412336,23.41207749740761,0.005356038748706168,25.400000000000002,hit,
task_199_4,dev_199,offload,182.1012,182.1012,182.114,182.1163,12.79999999999859,2.3,12.787665026927327,27.887665026917006,0.006393832513463663,29.6,hit,
task_162_4,dev_162,offload,182.7537,182.7537,182.7646,182.76680000000002,10.89999999999236,2.2,10.856767037256626,23.956767037265173,0.005428383518628313,29.7,hit,
task_28_1,dev_28,offload,182.9299,182.9299,182.943,182.9454,13.10000000000855,2.4000000000000004,13.136867048787783,28.63686704879074,0.006568433524393891,27.8,miss,
task_15_6,dev_15,offload,183.1371,183.1371,183.1518,183.1544,14.70000000000482,2.6000000000000005,14.654242503839543,31.954242503845407,0.007327121251919771,25.900000000000002,miss,
task_31_3,dev_31,offload,183.2906,183.2906,183.3023,183.30440000000002,11.699999999990496,2.1,11.681045423737826,25.481045423741193,0.0058405227118689135,25.7,hit,
task_11_5,dev_11,offload,183.6087,183.6087,183.619,183.6209,10.300000000000864,1.9,10.30834178936547,22.508341789372565,0.005154170894682735,21.9,miss,
task_191_8,dev_191,offload,184.32420000000002,184.32420000000002,184.3383,184.3409,14.099999999984902,2.6000000000000005,14.130040234959829,30.830040234945777,0.007065020117479915,22.6,miss,
task_150_8,dev_150,offload,184.43380000000002,184.43380000000002,184.44930000000002,184.4521,15.500000000002956,2.8,15.455475061744444,33.75547506172666,0.007727737530872222,28.0,miss,
task_73_3,dev_73,offload,184.53570000000002,184.53570000000002,184.54770000000002,184.5499,12.000000000000455,2.2,12.030241227320314,26.230241227308536,0.006015120613660157,24.1,miss,
task_158_6,dev_158,offload,184.60150000000002,184.60150000000002,184.6146,184.61700000000002,13.099999999980128,2.4000000000000004,13.054530075590181,28.554530075593135,0.006527265037795091,24.1,miss,
task_98_1,dev_98,offload,184.7005,184.7005,184.71200000000002,184.7141,11.500000000012278,2.1,11.519541145998625,25.11954114599535,0.005759770572999313,27.3,hit,
task_101_1,dev_101,offload,184.8557,184.8557,184.869,184.87140000000002,13.299999999986767,2.4000000000000004,13.292530861453056,28.99253086146265,0.0066462654307265275,25.7,miss,
task_40_1,dev_40,offload,184.9574,184.9574,184.9687,184.9708,11.300000000005639,2.1,11.252845144987404,24.65284514497749,0.0056264225724937025,29.0,hit,
task_143_9,dev_143,offload,185.4495,185.4495,185.4606,185.4626,11.099999999999,2.0,11.073164108477044,24.173164108485594,0.0055365820542385225,27.3,hit,
task_149_0,dev_149,offload,185.48420000000002,185.48420000000002,185.4967,185.499,12.499999999988631,2.3,12.526708010981917,27.326708010961635,0.006263354005490959,27.6,hit,
task_167_3,dev_167,offload,185.5891,185.5891,185.6026,185.60510000000002,13.499999999993406,2.5,13.462041542036559,29.462041542056113,0.0067310207710182795,25.400000000000002,miss,
task_106_2,dev_106,offload,185.6103,185.6103,185.622,185.6242,11.700000000018917,2.2,11.719889874799852,25.61988987480654,0.0058599449373999265,29.0,hit,
task_62_7,dev_62,offload,185.74550000000002,185.74550000000002,185.7567,185.7589,11.199999999973898,2.2,11.211110308280537,24.611110308270625,0.005605555154140268,20.400000000000002,miss,
task_71_4,dev_71,offload,185.988,185.988,186.0009,186.0033,12.90000000000191,2.4000000000000004,12.929437834857053,28.22943783485337,0.006464718917428527,24.7,miss,
task_10_5,dev_10,offload,186.03400000000002,186.03400000000002,186.04860000000002,186.0513,14.6000000000015,2.7,14.559061310853139,31.859061310830583,0.007279530655426569,28.3,miss,
task_192_2,dev_192,offload,186.05180000000001,186.05180000000001,186.0641,186.0663,12.299999999981992,2.2,12.319985524027604,26.819985524025785,0.006159992762013802,22.3,miss,
task_40_2,dev_40,offload,186.2956,186.2956,186.30890000000002,186.31140000000002,13.300000000015189,2.5,13.324218017505636,29.12421801751855,0.006662109008752818,29.6,hit,
task_1_3,dev_1,offload,186.4205,186.4205,186.4332,186.43550000000002,12.69999999999527,2.3,12.672960419306035,27.672960419320816,0.006336480209653017,23.200000000000003,miss,
task_169_3,dev_169,offload,186.52210000000002,186.52210000000002,186.535,186.53740000000002,12.899999999973488,2.4000000000000004,12.888953165775023,28.188953165771338,0.006444476582887512,22.700000000000003,miss,
task_92_2,dev_92,offload,186.7246,186.7246,186.73510000000002,186.737,10.500000000007503,1.9,10.5040369253884,22.90403692537371,0.0052520184626942,24.1,hit,
task_125_5,dev_125,offload,186.82090000000002,186.82090000000002,186.83360000000002,186.8359,12.69999999999527,2.3,12.72744874665933,27.72744874664569,0.006363724373329665,22.2,miss,
task_118_3,dev_118,offload,186.9837,186.9837,186.9948,186.9968,11.099999999999,2.0,11.088839953031743,24.188839953040294,0.005544419976515871,26.3,hit,
task_98_2,dev_98,offload,187.23590000000002,187.23590000000002,187.2477,187.2499,11.799999999993815,2.2,11.784184576468176,25.78418457644976,0.005892092288234088,20.5,miss,
task_64_5,dev_64,offload,187.2559,187.2559,187.2701,187.2726,14.200000000016644,2.5,14.23848666831874,30.938486668333113,0.00711924333415937,26.500000000000004,miss,
task_130_5,dev_130,offload,187.4497,187.4497,187.4609,187.46290000000002,11.20000000000232,2.0,11.197688806154124,24.397688806165995,0.005598844403077062,22.3,miss,
task_104_5,dev_104,offload,187.51340000000002,187.51340000000002,187.5249,187.5269,11.499999999983856,2.0,11.480726818261076,24.98072681825448,0.005740363409130538,20.900000000000002,miss,
task_184_3,dev_184,offload,187.7604,187.7604,187.7733,187.7756,12.90000000000191,2.3,12.862891716388134,28.06289171638113,0.006431445858194067,28.6,hit,
task_90_4,dev_90,offload,187.8077,187.8077,187.8194,187.82160000000002,11.699999999990496,2.2,11.65699570072022,25.556995700726905,0.00582849785036011,28.3,hit,
task_71_5,dev_71,offload,187.89000000000001,187.89000000000001,187.90390000000002,187.90640000000002,13.900000000006685,2.5,13.85833337182219,30.258333371826602,0.006929166685911096,27.0,miss,
task_114_3,dev_114,offload,188.00910000000002,188.00910000000002,188.02210000000002,188.0244,13.00000000000523,2.3,12.977739471850407,28.277739471846722,0.006488869735925204,28.900000000000002,hit,
task_193_7,dev_193,offload,188.2687,188.2687,188.2816,188.28400000000002,12.90000000000191,2.4000000000000004,12.922267964401277,28.222267964426017,0.0064611339822006385,29.300000000000004,hit,
task_166_3,dev_166,offload,188.5473,188.5473,188.56060000000002,188.56310000000002,13.300000000015189,2.5,13.342084454376874,29.14208445438979,0.006671042227188437,21.6,miss,
task_190_7,dev_190,offload,188.6561,188.6561,188.67010000000002,188.67260000000002,14.000000000010004,2.5,13.970341997890584,30.470341997898316,0.006985170998945292,26.3,miss,
task_44_4,dev_44,offload,188.7821,188.7821,188.7931,188.79510000000002,10.99999999999568,2.0,11.035163260692354,24.035163260697583,0.005517581630346177,27.1,hit,
task_156_4,dev_156,offload,188.98090000000002,188.98090000000002,188.99280000000002,188.995,11.899999999997135,2.2,11.886804225920972,25.986804225905875,0.005943402112960486,22.700000000000003,miss,
task_108_2,dev_108,local,189.0398,189.0398,,,0.0,0.0,0.0,,0.0,24.5,drop,
task_199_5,dev_199,offload,189.2444,189.2444,189.2567,189.2589,12.299999999981992,2.2,12.289222365431463,26.789222365429644,0.006144611182715732,26.8,hit,
task_24_6,dev_24,offload,189.51670000000001,189.51670000000001,189.5278,189.52980000000002,11.099999999999,2.0,11.137692502849914,24.237692502858465,0.005568846251424957,25.500000000000004,hit,
task_124_4,dev_124,offload,189.5748,189.5748,189.58610000000002,189.5881,11.300000000005639,2.0,11.325193306044893,24.62519330603166,0.005662596653022447,26.8,hit,
task_46_3,dev_46,offload,189.6806,189.6806,189.69410000000002,189.69660000000002,13.500000000021828,2.5,13.461198084871505,29.46119808489106,0.006730599042435752,29.500000000000004,hit,
task_46_4,dev_46,offload,189.77960000000002,189.77960000000002,189.7913,189.79350000000002,11.699999999990496,2.2,11.748254578796246,25.64825457880293,0.0058741272893981225,27.700000000000003,hit,
task_7_7,dev_7,offload,190.1095,190.1095,190.12120000000002,190.1233,11.700000000018917,2.1,11.741582747348966,25.54158274735233,0.005870791373674483,24.400000000000002,miss,
task_72_4,dev_72,offload,190.2263,190.2263,190.2388,190.24110000000002,12.499999999988631,2.3,12.50197106657963,27.301971066587768,0.006250985533289815,24.5,miss,
task_102_6,dev_102,offload,190.3454,190.3454,190.35850000000002,190.36110000000002,13.10000000000855,2.6000000000000005,13.103845034030783,28.80384503404038,0.006551922517015391,27.900000000000002,miss,
task_100_3,dev_100,offload,190.3668,190.3668,190.37990000000002,190.38240000000002,13.10000000000855,2.5,13.079944156619394,28.67994415662567,0.006539972078309697,24.400000000000002,miss,
task_133_2,dev_133,offload,190.5036,190.5036,190.5173,190.5198,13.700000000000045,2.5,13.66578223337312,29.865782233370894,0.00683289111668656,28.1,miss,
task_12_6,dev_12,offload,190.5642,190.5642,190.5771,190.5795,12.90000000000191,2.4000000000000004,12.881168042340677,28.181168042336992,0.006440584021170339,27.0,miss,
task_139_4,dev_139,offload,190.5824,190.5824,190.5943,190.59650000000002,11.899999999997135,2.2,11.942921325767955,26.04292132578128,0.005971460662883977,24.6,miss,
task_66_6,dev_66,offload,190.8024,190.8024,190.8158,190.81830000000002,13.399999999990087,2.5,13.368217628616929,29.268217628633163,0.006684108814308465,23.0,miss,
task_76_2,dev_76,offload,191.23700000000002,191.23700000000002,191.24790000000002,191.2499,10.89999999999236,2.0,10.948531319402123,23.84853131937561,0.005474265659701062,21.7,miss,
task_108_3,dev_108,offload,191.304,191.304,191.31550000000001,191.3176,11.500000000012278,2.1,11.454328341428669,25.054328341425396,0.005727164170714334,22.2,miss,
task_35_6,dev_35,offload,191.95520000000002,191.95520000000002,191.9682,191.97050000000002,12.999999999976808,2.3,13.033108306457816,28.333108306454132,0.006516554153228908,28.7,hit,
task_114_4,dev_114,offload,192.10590000000002,192.10590000000002,192.11860000000001,192.1208,12.69999999999527,2.2,12.657799024026048,27.557799024009086,0.006328899512013024,23.5,miss,
task_66_7,dev_66,offload,192.116,192.116,192.12650000000002,192.1285,10.500000000007503,2.0,10.491600452640984,22.991600452629616,0.005245800226320492,28.1,hit,
task_115_5,dev_115,offload,192.25660000000002,192.25660000000002,192.27100000000002,192.27360000000002,14.399999999994861,2.6000000000000005,14.387948250638999,31.387948250634906,0.007193974125319499,21.8,miss,
task_186_4,dev_186,offload,192.3176,192.3176,192.3296,192.33190000000002,12.000000000000455,2.3,11.984979664748346,26.284979664768308,0.005992489832374173,22.4,miss,
task_22_3,dev_22,offload,192.6433,192.6433,192.65210000000002,192.65390000000002,8.800000000007913,1.8000000000000003,8.761458739846205,19.361458739857028,0.0043807293699231024,25.6,hit,
task_118_4,dev_118,offload,192.83530000000002,192.83530000000002,192.8463,192.84830000000002,10.99999999999568,2.0,11.02436372808598,24.02436372809121,0.00551218186404299,23.1,miss,
task_141_8,dev_141,offload,193.46110000000002,193.46110000000002,193.4746,193.4771,13.499999999993406,2.5,13.524312445590079,29.52431244558121,0.006762156222795039,23.0,miss,
task_135_7,dev_135,offload,194.2169,194.2169,194.2295,194.23170000000002,12.599999999991951,2.2,12.631629605188518,27.431629605196658,0.006315814802594259,28.1,hit,
task_90_5,dev_90,offload,194.22650000000002,194.22650000000002,194.2389,194.24120000000002,12.399999999985312,2.3,12.406799927993369,27.10679992799819,0.006203399963996685,28.5,hit,
task_164_3,dev_164,offload,194.24460000000002,194.24460000000002,194.26010000000002,194.2628,15.500000000002956,2.7,15.46480070627035,33.66480070624925,0.007732400353135174,20.900000000000002,miss,
task_5_4,dev_5,offload,194.73250000000002,194.73250000000002,194.7474,194.7501,14.899999999983038,2.7,14.87392931732722,32.47392931731462,0.00743696465866361,20.900000000000002,miss,
task_19_5,dev_19,offload,194.96460000000002,194.96460000000002,194.9742,194.9759,9.599999999977626,1.7000000000000002,9.555151421168837,20.855151421146054,0.004777575710584419,20.7,miss,
task_63_8,dev_63,offload,195.03580000000002,195.03580000000002,195.0504,195.0531,14.599999999973079,2.7,14.621491619850719,31.921491619828164,0.00731074580992536,21.3,miss,
task_62_8,dev_62,offload,195.05780000000001,195.05780000000001,195.06830000000002,195.0704,10.500000000007503,2.1,10.494500187562554,23.094500187554505,0.005247250093781277,29.300000000000004,hit,
task_62_9,dev_62,offload,195.16750000000002,195.16750000000002,195.17770000000002,195.1797,10.199999999997544,2.0,10.201524013541798,22.401524013520472,0.005100762006770899,28.400000000000002,hit,
task_3_7,dev_3,offload,195.3221,195.3221,195.3343,195.3365,12.200000000007094,2.2,12.196294986649328,26.59629498664419,0.006098147493324664,30.000000000000004,hit,
task_152_3,dev_152,offload,195.5402,195.5402,195.5521,195.5543,11.899999999997135,2.2,11.889416288638584,25.98941628865191,0.005944708144319292,23.8,miss,
task_1_4,dev_1,offload,195.8992,195.8992,195.9122,195.9146,13.00000000000523,2.4000000000000004,12.981181626673793,28.38118162667343,0.006490590813336896,29.400000000000002,hit,
task_50_7,dev_50,offload,196.99,196.99,197.002,197.0042,12.000000000000455,2.2,11.975053960855448,26.17505396084367,0.005987526980427724,24.6,miss,
task_160_5,dev_160,local,197.13250000000002,197.13250000000002,,,0.0,0.0,0.0,,0.0,26.000000000000004,drop,
task_136_2,dev_136,offload,197.22220000000002,197.22220000000002,197.23520000000002,197.23760000000001,13.00000000000523,2.4000000000000004,13.005368338423297,28.40536833842293,0.006502684169211649,26.500000000000004,miss,
task_97_10,dev_97,offload,197.2827,197.2827,197.2913,197.2929,8.600000000001273,1.6,8.63192706113645,18.831927061133996,0.004315963530568225,20.800000000000004,hit,
task_93_5,dev_93,offload,197.627,197.627,197.6372,197.6391,10.199999999997544,1.9,10.227577509695125,22.327577509698898,0.005113788754847562,21.400000000000002,miss,
task_192_3,dev_192,offload,197.6672,197.6672,197.67770000000002,197.6797,10.500000000007503,2.0,10.52126618012886,23.021266180117493,0.00526063309006443,23.1,hit,
task_29_3,dev_29,offload,197.7765,197.7765,197.79080000000002,197.79340000000002,14.300000000019963,2.6000000000000005,14.305982053277992,31.205982053299003,0.007152991026638996,23.400000000000002,miss,
task_177_8,dev_177,offload,198.1361,198.1361,198.1482,198.15040000000002,12.100000000003774,2.2,12.139459614790326,26.43945961481029,0.006069729807395163,24.0,miss,
task_21_8,dev_21,offload,198.4139,198.4139,198.4249,198.42690000000002,10.99999999999568,2.0,10.998307798381193,23.99830779838642,0.005499153899190597,27.1,hit,
task_85_7,dev_85,offload,198.6116,198.6116,198.6266,198.6293,14.999999999986358,2.7,15.045034235853539,32.74503423584426,0.007522517117926769,20.1,miss,
task_151_5,dev_151,offload,198.68290000000002,198.68290000000002,198.69420000000002,198.6963,11.300000000005639,2.1,11.34937187259408,24.749371872584167,0.00567468593629704,21.0,miss,
task_32_4,dev_32,offload,198.92690000000002,198.92690000000002,198.9419,198.9446,14.999999999986358,2.7,15.025589356099736,32.72558935609046,0.007512794678049869,27.8,miss,
task_87_2,dev_87,offload,199.25150000000002,199.25150000000002,199.26420000000002,199.2665,12.69999999999527,2.3,12.747936338704687,27.747936338691044,0.006373968169352344,26.9,miss,
task_134_4,dev_134,offload,199.42780000000002,199.42780000000002,199.43970000000002,199.4418,11.899999999997135,2.1,11.867792308342413,25.867792308323995,0.005933896154171206,27.8,hit,
task_105_3,dev_105,offload,199.58440000000002,199.58440000000002,199.5993,199.6021,14.899999999983038,2.8,14.859575300778099,32.55957530076882,0.007429787650389049,23.3,miss,
task_8_3,dev_8,offload,199.627,199.627,199.6403,199.64270000000002,13.299999999986767,2.4000000000000004,13.307394170044553,29.007394170054148,0.006653697085022277,29.500000000000004,hit,
task_118_5,dev_118,offload,199.7059,199.7059,199.71970000000002,199.72220000000002,13.800000000003365,2.5,13.779373588172794,30.079373588173887,0.006889686794086397,25.2,miss,
task_63_9,dev_63,offload,199.82940000000002,199.82940000000002,199.8383,199.84,8.89999999998281,1.7000000000000002,8.866675084932373,19.466675084914776,0.004433337542466186,24.1,hit,
task_130_6,dev_130,offload,199.99210000000002,199.99210000000002,200.00490000000002,200.0072,12.79999999999859,2.3,12.768432529216085,27.868432529205762,0.006384216264608043,29.6,hit,
task_159_4,dev_159,offload,200.08970000000002,200.08970000000002,200.102,200.10420000000002,12.299999999981992,2.2,12.292265847655335,26.792265847653518,0.0061461329238276675,29.7,hit,
task_189_4,dev_189,local,200.09900000000002,200.09900000000002,,,0.0,0.0,0.0,,0.0,22.700000000000003,drop,
task_158_7,dev_158,offload,200.3016,200.3016,200.31660000000002,200.3193,15.00000000001478,2.7,15.041646565408598,32.74164656539932,0.0075208232827042995,28.200000000000003,miss,
task_181_3,dev_181,offload,200.8274,200.8274,200.84120000000001,200.8437,13.800000000003365,2.5,13.802699618949404,30.102699618950496,0.006901349809474702,28.5,miss,
task_97_11,dev_97,offload,200.98690000000002,200.98690000000002,200.9973,200.9992,10.399999999975762,1.9,10.35219047222588,22.65219047220787,0.00517609523611294,29.6,hit,
task_176_6,dev_176,offload,201.22220000000002,201.22220000000002,201.23600000000002,201.23850000000002,13.800000000003365,2.5,13.75825652574134,30.05825652574243,0.00687912826287067,24.3,miss,
task_176_7,dev_176,offload,201.24790000000002,201.24790000000002,201.26090000000002,201.26330000000002,13.00000000000523,2.4000000000000004,13.019124386793417,28.41912438679305,0.006509562193396708,22.500000000000004,miss,
task_131_6,dev_131,offload,201.4805,201.4805,201.49470000000002,201.4973,14.200000000016644,2.6000000000000005,14.221959047063898,31.021959047053166,0.007110979523531949,29.0,miss,
task_67_2,dev_67,offload,201.5841,201.5841,201.5975,201.59990000000002,13.399999999990087,2.4000000000000004,13.425705813740633,29.22570581375355,0.006712852906870317,25.6,miss,
task_62_10,dev_62,offload,201.62800000000001,201.62800000000001,201.6371,201.6389,9.09999999998945,1.8000000000000003,9.062296253329938,19.9622962533223,0.004531148126664969,20.900000000000002,hit,
task_148_4,dev_148,offload,201.9918,201.9918,202.0047,202.007,12.90000000000191,2.3,12.870970119755754,28.07097011974875,0.006435485059877876,25.400000000000002,miss,
task_129_4,dev_129,offload,202.0491,202.0491,202.0595,202.06140000000002,10.400000000004184,1.9,10.37555517787796,22.675555177888373,0.00518777758893898,27.1,hit,
task_28_2,dev_28,offload,202.23590000000002,202.23590000000002,202.2486,202.2509,12.69999999999527,2.3,12.739452745922222,27.73945274590858,0.006369726372961111,25.7,miss,
task_101_2,dev_101,offload,202.6396,202.6396,202.6508,202.6528,11.20000000000232,2.0,11.161252311947647,24.361252311959518,0.005580626155973824,26.8,hit,
task_147_6,dev_147,offload,202.8624,202.8624,202.87730000000002,202.88000000000002,14.90000000001146,2.7,14.905038108574116,32.50503810858994,0.007452519054287058,27.200000000000003,miss,
task_197_4,dev_197,offload,203.1962,203.1962,203.2109,203.2136,14.70000000000482,2.7,14.660777369030052,32.060777369039236,0.0073303886845150264,22.6,miss,
task_21_9,dev_21,offload,203.3084,203.3084,203.3202,203.32240000000002,11.799999999993815,2.2,11.78680707393983,25.786807073949834,0.005893403536969915,20.200000000000003,miss,
task_125_6,dev_125,offload,203.46120000000002,203.46120000000002,203.4736,203.4759,12.399999999985312,2.3,12.359544508053327,27.059544508029724,0.0061797722540266635,28.800000000000004,hit,
task_160_6,dev_160,offload,203.64360000000002,203.64360000000002,203.6553,203.6575,11.699999999990496,2.2,11.684154160684344,25.584154160662607,0.0058420770803421715,28.200000000000003,hit,
task_80_4,dev_80,offload,204.02110000000002,204.02110000000002,204.03650000000002,204.0394,15.399999999999636,2.9000000000000004,15.351647649240677,33.651647649222895,0.007675823824620338,25.2,miss,
task_192_4,dev_192,offload,204.1968,204.1968,204.20860000000002,204.2108,11.800000000022237,2.2,11.84005799088124,25.840057990891246,0.00592002899544062,24.1,miss,
task_108_4,dev_108,offload,204.32920000000001,204.32920000000001,204.34040000000002,204.3424,11.20000000000232,2.0,11.18568688302045,24.3856868830039,0.005592843441510225,20.200000000000003,miss,
task_197_5,dev_197,offload,204.4743,204.4743,204.4882,204.4907,13.900000000006685,2.5,13.930906479371899,30.33090647937631,0.00696545323968595,21.2,miss,
task_45_5,dev_45,offload,204.983,204.983,204.9941,204.9961,11.099999999999,2.0,11.125638962266242,24.225638962274793,0.005562819481133121,24.400000000000002,hit,
task_109_1,dev_109,offload,205.8676,205.8676,205.8776,205.8794,9.999999999990905,1.8000000000000003,9.974055955117455,21.774055955111272,0.004987027977558727,21.400000000000002,miss,
task_166_4,dev_166,offload,206.0684,206.0684,206.08020000000002,206.0824,11.800000000022237,2.2,11.782505398850267,25.782505398860273,0.005891252699425134,20.1,miss,
task_156_5,dev_156,offload,206.27530000000002,206.27530000000002,206.287,206.28910000000002,11.699999999990496,2.1,11.686862423116038,25.486862423119405,0.005843431211558019,24.200000000000003,miss,
task_178_5,dev_178,offload,206.28220000000002,206.28220000000002,206.2971,206.2998,14.899999999983038,2.7,14.881207573190114,32.481207573177514,0.007440603786595057,28.200000000000003,miss,
task_94_6,dev_94,offload,206.377,206.377,206.3924,206.3951,15.399999999999636,2.7,15.385710017002205,33.485710017006205,0.007692855008501103,24.7,miss,
task_59_4,dev_59,offload,206.8356,206.8356,206.8471,206.8492,11.500000000012278,2.1,11.47041680171941,25.070416801716135,0.005735208400859704,24.0,miss,
task_129_5,dev_129,offload,207.3347,207.3347,207.3462,207.34830000000002,11.500000000012278,2.1,11.532321652219752,25.132321652244897,0.005766160826109876,25.6,hit,
task_132_6,dev_132,offload,207.359,207.359,207.37210000000002,207.3745,13.10000000000855,2.4000000000000004,13.058226267184061,28.558226267187017,0.00652911313359203,27.8,miss,
task_81_8,dev_81,offload,207.37630000000001,207.37630000000001,207.38760000000002,207.3897,11.300000000005639,2.1,11.326040064133032,24.72604006412312,0.005663020032066516,25.0,hit,
task_86_4,dev_86,offload,207.43120000000002,207.43120000000002,207.44420000000002,207.44660000000002,13.00000000000523,2.4000000000000004,12.957777855590331,28.357777855589966,0.006478888927795166,22.3,miss,
task_194_4,dev_194,offload,207.6005,207.6005,207.6125,207.6146,12.000000000000455,2.1,11.972461129474148,26.07246112945905,0.005986230564737074,24.7,miss,
task_5_5,dev_5,offload,207.6887,207.6887,207.6998,207.70180000000002,11.099999999999,2.0,11.105112424439213,24.205112424447762,0.005552556212219607,20.0,miss,
task_16_7,dev_16,offload,207.929,207.929,207.94070000000002,207.9428,11.700000000018917,2.1,11.67863005535711,25.478630055360476,0.005839315027678554,22.500000000000004,miss,
task_182_3,dev_182,offload,208.03220000000002,208.03220000000002,208.0438,208.04610000000002,11.599999999987176,2.3,11.57802553255788,25.478025532564565,0.00578901276627894,28.6,hit,
task_160_7,dev_160,offload,208.0327,208.0327,208.044,208.04610000000002,11.300000000005639,2.1,11.255799490755889,24.6557994907744,0.005627899745377945,29.2,hit,
task_156_6,dev_156,offload,208.2243,208.2243,208.2374,208.2398,13.10000000000855,2.4000000000000004,13.069912588165925,28.569912588168883,0.006534956294082963,27.400000000000002,miss,
task_148_5,dev_148,offload,208.244,208.244,208.258,208.2606,14.000000000010004,2.6000000000000005,14.011561211674277,30.611561211685327,0.007005780605837139,29.400000000000002,miss,
task_64_6,dev_64,offload,208.5201,208.5201,208.5342,208.5367,14.099999999984902,2.5,14.143808736556315,30.743808736538945,0.0070719043682781575,25.6,miss,
task_142_3,dev_142,offload,208.81650000000002,208.81650000000002,208.82690000000002,208.829,10.400000000004184,2.1,10.438560024197418,22.93856002418605,0.005219280012098709,26.4,hit,
task_10_6,dev_10,offload,208.9057,208.9057,208.9178,208.92000000000002,12.100000000003774,2.2,12.13975746145263,26.439757461472595,0.006069878730726315,27.3,hit,
task_111_4,dev_111,offload,208.93030000000002,208.93030000000002,208.94250000000002,208.9447,12.200000000007094,2.2,12.212819801322215,26.612819801317077,0.0061064099006611075,20.6,miss,
task_164_4,dev_164,offload,209.3033,209.3033,209.3158,209.318,12.499999999988631,2.2,12.506378315201966,27.206378315206784,0.006253189157600983,29.300000000000004,hit,
task_114_5,dev_114,offload,209.4154,209.4154,209.42780000000002,209.43,12.400000000013733,2.2,12.418157469954046,27.018157469955547,0.0062090787349770235,26.500000000000004,miss,
task_109_2,dev_109,offload,209.46800000000002,209.46800000000002,209.482,209.4846,13.999999999981583,2.6000000000000005,14.001714362855324,30.601714362837953,0.007000857181427662,22.1,miss,
task_82_6,dev_82,offload,209.4828,209.4828,209.4942,209.4965,11.400000000008959,2.3,11.361393609284189,25.061393609284234,0.005680696804642094,24.200000000000003,miss,
task_151_6,dev_151,offload,209.5081,209.5081,209.5205,209.52280000000002,12.399999999985312,2.3,12.396980993771978,27.096980993776796,0.006198490496885989,21.9,miss,
task_127_7,dev_127,offload,209.5627,209.5627,209.57670000000002,209.57930000000002,14.000000000010004,2.6000000000000005,14.036629091269374,30.636629091280426,0.007018314545634687,21.2,miss,
task_39_3,dev_39,offload,209.56400000000002,209.56400000000002,209.5754,209.57750000000001,11.399999999980537,2.1,11.427034082828582,24.92703408282199,0.005713517041414291,24.900000000000002,miss,
task_6_2,dev_6,offload,209.59230000000002,209.59230000000002,209.6063,209.6089,13.999999999981583,2.6000000000000005,13.992507248360038,30.592507248342667,0.006996253624180019,24.6,miss,
task_191_9,dev_191,offload,209.82520000000002,209.82520000000002,209.8373,209.83960000000002,12.099999999975353,2.3,12.103043612739766,26.50304361273463,0.006051521806369883,29.7,hit,
task_27_4,dev_27,offload,209.9391,209.9391,209.9515,209.9538,12.400000000013733,2.3,12.380086743780977,27.0800867437858,0.006190043371890488,28.7,hit,
task_125_7,dev_125,offload,210.0174,210.0174,210.02960000000002,210.032,12.200000000007094,2.4000000000000004,12.210987142693748,26.810987142695247,0.0061054935713468735,26.9,hit,
task_11_6,dev_11,offload,210.09,210.09,210.1021,210.10430000000002,12.100000000003774,2.2,12.09465425607419,26.394654256094153,0.006047327128037095,27.200000000000003,hit,
task_171_4,dev_171,offload,210.1647,210.1647,210.18,210.18280000000001,15.299999999996317,2.8,15.268251493631439,33.36825149363544,0.00763412574681572,24.200000000000003,miss,
task_20_5,dev_20,offload,210.17430000000002,210.17430000000002,210.18550000000002,210.1876,11.20000000000232,2.1,11.180729880319422,24.48072988030619,0.005590364940159711,28.5,hit,
task_186_5,dev_186,offload,210.2921,210.2921,210.30530000000002,210.30780000000001,13.200000000011869,2.5,13.238929681069445,28.93892968107904,0.006619464840534723,24.6,miss,
task_196_3,dev_196,offload,210.61960000000002,210.61960000000002,210.6338,210.6364,14.199999999988222,2.6000000000000005,14.204938680437664,31.004938680426932,0.0071024693402188315,20.0,miss,
task_1_5,dev_1,offload,211.0139,211.0139,211.0257,211.02790000000002,11.799999999993815,2.2,11.837785393666438,25.83778539367644,0.005918892696833219,29.1,hit,
task_85_8,dev_85,offload,211.27190000000002,211.27190000000002,211.28580000000002,211.28830000000002,13.900000000006685,2.5,13.85903277677432,30.25903277677873,0.00692951638838716,28.6,miss,
task_130_7,dev_130,offload,211.3034,211.3034,211.3137,211.31560000000002,10.300000000000864,1.9,10.309320559830205,22.5093205598373,0.0051546602799151025,23.0,hit,
task_25_3,dev_25,offload,211.61870000000002,211.61870000000002,211.6312,211.6335,12.499999999988631,2.3,12.48940388886423,27.28940388884395,0.006244701944432115,20.800000000000004,miss,
task_168_3,dev_168,offload,211.6775,211.6775,211.69320000000002,211.6961,15.700000000009595,2.9000000000000004,15.67880078794023,34.27880078793241,0.007839400393970115,21.9,miss,
task_63_10,dev_63,offload,211.9609,211.9609,211.9727,211.97480000000002,11.799999999993815,2.1,11.765503000174883,25.665503000181566,0.005882751500087441,26.8,hit,
task_64_7,dev_64,offload,212.33190000000002,212.33190000000002,212.3433,212.3453,11.399999999980537,2.0,11.403388997185823,24.803388997175908,0.005701694498592912,23.0,miss,
task_110_3,dev_110,offload,212.3786,212.3786,212.3905,212.39270000000002,11.899999999997135,2.2,11.935491751705108,26.035491751718432,0.005967745875852554,25.1,miss,
task_77_4,dev_77,offload,212.448,212.448,212.4616,212.4641,13.599999999996726,2.5,13.611196521753806,29.711196521748256,0.006805598260876903,20.200000000000003,miss,
task_184_4,dev_184,offload,212.6681,212.6681,212.67940000000002,212.6814,11.300000000005639,2.0,11.314463185832661,24.614463185819428,0.005657231592916331,25.2,hit,
task_197_6,dev_197,offload,212.727,212.727,212.7408,212.7433,13.800000000003365,2.5,13.816524791858784,30.116524791859874,0.006908262395929392,23.700000000000003,miss,
task_119_4,dev_119,offload,212.7682,212.7682,212.7818,212.7843,13.599999999996726,2.5,13.644742167388017,29.74474216738247,0.006822371083694009,27.8,miss,
task_163_1,dev_163,offload,212.7778,212.7778,212.79080000000002,212.79330000000002,13.00000000000523,2.5,12.989804233046927,28.48980423304988,0.006494902116523463,29.400000000000002,hit,
task_74_8,dev_74,offload,213.5531,213.5531,213.5652,213.56730000000002,12.100000000003774,2.1,12.120697651620725,26.320697651637367,0.006060348825810363,25.900000000000002,miss,
task_95_4,dev_95,offload,213.6588,213.6588,213.6704,213.6725,11.599999999987176,2.1,11.636221472405971,25.336221472406017,0.005818110736202985,26.6,hit,
task_170_3,dev_170,offload,213.66750000000002,213.66750000000002,213.6797,213.6819,12.199999999978672,2.2,12.249714213728382,26.649714213723243,0.006124857106864191,25.0,miss,
task_122_3,dev_122,offload,213.8187,213.8187,213.8281,213.83,9.399999999999409,1.9,9.434813869631137,20.734813869636774,0.004717406934815568,24.800000000000004,hit,
task_86_5,dev_86,offload,214.06150000000002,214.06150000000002,214.07670000000002,214.0796,15.199999999992997,2.9000000000000004,15.193175468454955,33.29317546843053,0.0075965877342274776,23.3,miss,
task_134_5,dev_134,offload,214.1936,214.1936,214.20940000000002,214.21220000000002,15.800000000012915,2.8,15.779521377850738,34.37952137787134,0.007889760688925369,23.400000000000002,miss,
task_199_6,dev_199,offload,214.25820000000002,214.25820000000002,214.27270000000001,214.27530000000002,14.499999999998181,2.6000000000000005,14.479936622676663,31.579936622675888,0.007239968311338331,21.0,miss,
task_104_6,dev_104,offload,214.3855,214.3855,214.40040000000002,214.40300000000002,14.90000000001146,2.6000000000000005,14.926067163974276,32.42606716398678,0.007463033581987138,28.400000000000002,miss,
task_47_7,dev_47,offload,214.4511,214.4511,214.46370000000002,214.466,12.600000000020373,2.3,12.591379061692505,27.491379061703967,0.0062956895308462525,24.400000000000002,miss,
task_187_4,dev_187,offload,214.47390000000001,214.47390000000001,214.4858,214.488,11.899999999997135,2.2,11.939692362441255,26.03969236242616,0.005969846181220627,26.200000000000003,hit,
task_134_6,dev_134,offload,214.5182,214.5182,214.5293,214.53130000000002,11.099999999999,2.0,11.132935618141511,24.23293561815006,0.005566467809070755,20.6,miss,
task_36_4,dev_36,offload,214.53920000000002,214.53920000000002,214.5496,214.5515,10.399999999975762,1.9,10.393208992392301,22.693208992374295,0.005196604496196151,25.400000000000002,hit,
task_176_8,dev_176,offload,214.56990000000002,214.56990000000002,214.5838,214.58630000000002,13.899999999978263,2.5,13.939047339347557,30.339047339351968,0.006969523669673778,27.700000000000003,miss,
task_130_8,dev_130,offload,214.809,214.809,214.82080000000002,214.823,11.800000000022237,2.2,11.796699889484772,25.796699889494775,0.0058983499447423865,26.4,hit,
task_186_6,dev_186,offload,215.1977,215.1977,215.2101,215.2124,12.400000000013733,2.3,12.38169061237895,27.08169061238377,0.006190845306189475,28.800000000000004,hit,
task_175_4,dev_175,offload,215.43560000000002,215.43560000000002,215.44750000000002,215.4496,11.899999999997135,2.1,11.873857954260957,25.87385795424254,0.005936928977130479,20.200000000000003,miss,
task_149_1,dev_149,offload,215.5021,215.5021,215.51430000000002,215.5165,12.200000000007094,2.2,12.179481322886991,26.579481322881854,0.006089740661443495,22.000000000000004,miss,
task_31_4,dev_31,offload,215.5184,215.5184,215.5321,215.5346,13.700000000000045,2.5,13.685029519597121,29.885029519594895,0.00684251475979856,20.7,miss,
task_35_7,dev_35,offload,215.6329,215.6329,215.64790000000002,215.6506,15.00000000001478,2.7,14.977640821690619,32.677640821681344,0.007488820410845309,27.0,miss,
task_7_8,dev_7,offload,215.7458,215.7458,215.7571,215.75920000000002,11.300000000005639,2.1,11.32982045220088,24.729820452219386,0.00566491022610044,29.0,hit,
task_187_5,dev_187,offload,216.3256,216.3256,216.3381,216.34040000000002,12.499999999988631,2.3,12.533125617146702,27.333125617154842,0.006266562808573351,24.5,miss,
task_124_5,dev_124,offload,216.3443,216.3443,216.3562,216.3583,11.899999999997135,2.1,11.919792685883296,25.9197926858933,0.005959896342941648,27.1,hit,
task_16_8,dev_16,offload,216.81560000000002,216.81560000000002,216.8271,216.82920000000001,11.499999999983856,2.1,11.496265950382536,25.096265950379262,0.005748132975191268,23.8,miss,
task_33_2,dev_33,offload,217.10490000000001,217.10490000000001,217.11630000000002,217.1184,11.400000000008959,2.1,11.449465535214099,24.949465535207505,0.00572473276760705,22.700000000000003,miss,
task_144_5,dev_144,offload,217.2501,217.2501,217.2645,217.2671,14.399999999994861,2.6000000000000005,14.446567642169017,31.446567642164922,0.007223283821084508,25.1,miss,
task_172_4,dev_172,offload,217.60340000000002,217.60340000000002,217.6182,217.6209,14.799999999979718,2.7,14.84893455541007,32.34893455539415,0.007424467277705035,22.6,miss,
task_176_9,dev_176,offload,218.167,218.167,218.178,218.18,10.99999999999568,2.0,11.01837716343353,24.01837716343876,0.005509188581716765,22.700000000000003,miss,
task_43_6,dev_43,offload,218.4565,218.4565,218.47,218.4725,13.499999999993406,2.5,13.514416091985478,29.51441609197661,0.006757208045992739,21.400000000000002,miss,
task_37_4,dev_37,offload,218.62060000000002,218.62060000000002,218.6352,218.6379,14.599999999973079,2.7,14.579358843035827,31.87935884301327,0.007289679421517914,27.900000000000002,miss,
task_185_4,dev_185,offload,218.65820000000002,218.65820000000002,218.67170000000002,218.6742,13.499999999993406,2.5,13.454216299527994,29.454216299519125,0.006727108149763997,28.6,miss,
task_110_4,dev_110,offload,220.4754,220.4754,220.48950000000002,220.4922,14.100000000013324,2.7,14.143966095120073,30.94396609510934,0.007071983047560036,25.400000000000002,miss,
task_111_5,dev_111,offload,220.5986,220.5986,220.6131,220.6158,14.499999999998181,2.7,14.530244621190159,31.730244621192703,0.007265122310595079,27.5,miss,
task_26_1,dev_26,offload,220.7607,220.7607,220.7717,220.77380000000002,10.99999999999568,2.1,11.015607080607651,24.1156070806162,0.0055078035403038255,26.3,hit,
task_96_3,dev_96,offload,220.79950000000002,220.79950000000002,220.81380000000001,220.81640000000002,14.299999999991542,2.6000000000000005,14.29193269428598,31.19193269427857,0.007145966347142991,24.3,miss,
task_161_5,dev_161,offload,221.08290000000002,221.08290000000002,221.0959,221.0984,12.999999999976808,2.5,13.028524765036616,28.52852476501115,0.0065142623825183085,28.5,miss,
task_10_7,dev_10,offload,221.4986,221.4986,221.51180000000002,221.51420000000002,13.200000000011869,2.4000000000000004,13.249478987131049,28.849478987137324,0.0066247394935655245,24.800000000000004,miss,
task_103_6,dev_103,offload,221.51930000000002,221.51930000000002,221.5285,221.5302,9.19999999999277,1.7000000000000002,9.236740496246757,20.136740496239117,0.004618370248123379,20.400000000000002,hit,
task_64_8,dev_64,offload,221.60170000000002,221.60170000000002,221.61350000000002,221.6156,11.799999999993815,2.1,11.773029936017158,25.673029935995423,0.005886514968008579,26.700000000000003,hit,
task_105_4,dev_105,offload,221.7826,221.7826,221.7965,221.799,13.900000000006685,2.5,13.901696901102882,30.30169690110729,0.0069508484505514416,22.700000000000003,miss,
task_172_5,dev_172,offload,222.3009,222.3009,222.31400000000002,222.31640000000002,13.10000000000855,2.4000000000000004,13.149761633979693,28.64976163398265,0.006574880816989846,23.3,miss,
task_164_5,dev_164,offload,222.45000000000002,222.45000000000002,222.4626,222.4648,12.599999999991951,2.2,12.586679285953323,27.38667928593304,0.006293339642976662,21.8,miss,
task_65_5,dev_65,offload,222.72830000000002,222.72830000000002,222.7409,222.7432,12.599999999991951,2.3,12.638614160201966,27.538614160185006,0.006319307080100983,24.800000000000004,miss,
task_131_7,dev_131,local,222.8008,222.8008,,,0.0,0.0,0.0,,0.0,29.0,drop,
task_174_6,dev_174,offload,222.83890000000002,222.83890000000002,222.8529,222.8555,13.999999999981583,2.6000000000000005,14.002878252426203,30.602878252408832,0.0070014391262131015,27.0,miss,
task_83_6,dev_83,offload,222.96,222.96,222.97220000000002,222.9744,12.200000000007094,2.2,12.214557515642671,26.614557515637532,0.006107278757821335,21.7,miss,
task_7_9,dev_7,local,223.1841,223.1841,,,0.0,0.0,0.0,,0.0,26.3,drop,
task_1_6,dev_1,offload,223.3228,223.3228,223.3343,223.3364,11.500000000012278,2.1,11.459311504689616,25.05931150468634,0.005729655752344808,22.500000000000004,miss,
task_86_6,dev_86,offload,223.3265,223.3265,223.3382,223.34040000000002,11.699999999990496,2.2,11.707491116371898,25.607491116378583,0.005853745558185949,21.400000000000002,miss,
task_84_5,dev_84,offload,223.4719,223.4719,223.4849,223.4872,13.00000000000523,2.3,13.007690993747314,28.30769099374363,0.006503845496873657,27.8,miss,
task_60_3,dev_60,offload,223.5978,223.5978,223.6098,223.61200000000002,12.000000000000455,2.2,11.955405070793313,26.155405070809955,0.005977702535396656,23.599999999999998,miss,
task_89_8,dev_89,offload,224.0077,224.0077,224.02020000000002,224.0225,12.500000000017053,2.3,12.483700417084096,27.283700417092234,0.006241850208542048,21.1,miss,
task_50_8,dev_50,offload,224.18820000000002,224.18820000000002,224.20270000000002,224.20530000000002,14.499999999998181,2.6000000000000005,14.473397746206894,31.57339774620612,0.007236698873103447,27.700000000000003,miss,
task_188_3,dev_188,offload,224.3221,224.3221,224.33780000000002,224.3407,15.700000000009595,2.9000000000000004,15.669974701763984,34.26997470175616,0.007834987350881992,26.700000000000003,miss,
task_136_3,dev_136,offload,224.83530000000002,224.83530000000002,224.8467,224.8488,11.399999999980537,2.1,11.420588222616788,24.920588222610192,0.005710294111308394,23.700000000000003,miss,
task_54_5,dev_54,offload,225.2615,225.2615,225.2733,225.27550000000002,11.799999999993815,2.2,11.77499909032133,25.774999090331335,0.005887499545160665,29.300000000000004,hit,
task_171_5,dev_171,offload,225.461,225.461,225.47500000000002,225.47750000000002,14.000000000010004,2.5,13.968580710145424,30.468580710153155,0.006984290355072712,23.200000000000003,miss,
task_112_4,dev_112,offload,225.94510000000002,225.94510000000002,225.95610000000002,225.9581,10.99999999999568,2.0,10.95276105864194,23.952761058618748,0.00547638052932097,22.9,miss,
task_169_4,dev_169,offload,226.0162,226.0162,226.0268,226.02870000000001,10.600000000010823,1.9,10.58420989577577,23.084209895792824,0.005292104947887885,26.4,hit,
task_102_7,dev_102,offload,226.31150000000002,226.31150000000002,226.3249,226.32760000000002,13.399999999990087,2.7,13.370424205102966,29.470424205097416,0.006685212102551483,23.400000000000002,miss,
task_190_8,dev_190,offload,226.66080000000002,226.66080000000002,226.6725,226.6746,11.699999999990496,2.1,11.70812932139486,25.508129321369804,0.00585406466069743,20.200000000000003,miss,
task_155_6,dev_155,offload,226.7563,226.7563,226.7715,226.7742,15.199999999992997,2.7,15.182791953437246,33.08279195343461,0.0075913959767186226,28.400000000000002,miss,
task_44_5,dev_44,offload,226.90910000000002,226.90910000000002,226.9203,226.9223,11.199999999973898,2.0,11.214734075688568,24.414734075672015,0.005607367037844284,20.800000000000004,miss,
task_176_10,dev_176,offload,226.92940000000002,226.92940000000002,226.94150000000002,226.9437,12.100000000003774,2.2,12.130921528443642,26.430921528435185,0.006065460764221821,22.2,miss,
task_16_9,dev_16,offload,227.64630000000002,227.64630000000002,227.65730000000002,227.6593,10.99999999999568,2.0,10.975352599672517,23.975352599649327,0.005487676299836259,29.900000000000002,hit,
task_196_4,dev_196,offload,227.8931,227.8931,227.90470000000002,227.9068,11.600000000015598,2.1,11.63779232544577,25.337792325445815,0.005818896162722884,27.0,hit,
task_108_5,dev_108,offload,227.9137,227.9137,227.92600000000002,227.9283,12.300000000010414,2.3,12.342070844313733,26.942070844315232,0.006171035422156867,25.1,miss,
task_181_4,dev_181,offload,228.55700000000002,228.55700000000002,228.56920000000002,228.5714,12.200000000007094,2.2,12.239702483749943,26.639702483744806,0.006119851241874971,27.0,hit,
task_75_6,dev_75,offload,228.72490000000002,228.72490000000002,228.7366,228.73870000000002,11.699999999990496,2.1,11.704260861298874,25.50426086130224,0.005852130430649437,20.800000000000004,miss,
task_68_9,dev_68,local,228.8047,228.8047,,,0.0,0.0,0.0,,0.0,26.500000000000004,drop,
task_17_4,dev_17,offload,228.82770000000002,228.82770000000002,228.8408,228.84320000000002,13.099999999980128,2.4000000000000004,13.149629338101562,28.649629338104518,0.006574814669050781,28.200000000000003,miss,
task_157_4,dev_157,offload,229.0883,229.0883,229.1005,229.1027,12.200000000007094,2.2,12.162402368454291,26.562402368449153,0.006081201184227145,20.7,miss,
task_138_5,dev_138,offload,229.8358,229.8358,229.8494,229.8519,13.599999999996726,2.5,13.566762798835363,29.666762798829815,0.006783381399417682,23.900000000000002,miss,
task_133_3,dev_133,offload,229.8754,229.8754,229.88750000000002,229.8897,12.100000000003774,2.2,12.08774621279165,26.387746212783192,0.006043873106395825,21.1,miss,
task_159_5,dev_159,offload,230.0174,230.0174,230.02970000000002,230.0319,12.300000000010414,2.2,12.255160377513285,26.755160377511466,0.006127580188756642,26.000000000000004,miss,
task_56_5,dev_56,offload,230.20950000000002,230.20950000000002,230.2218,230.22400000000002,12.299999999981992,2.2,12.283177488508988,26.78317748850717,0.006141588744254494,24.200000000000003,miss,
task_169_5,dev_169,offload,230.3829,230.3829,230.39370000000002,230.3957,10.800000000017462,2.0,10.799345426688333,23.599345426686924,0.005399672713344167,21.1,miss,
task_163_2,dev_163,offload,230.4204,230.4204,230.4334,230.4358,13.00000000000523,2.4000000000000004,12.971107613944476,28.371107613944112,0.006485553806972238,22.8,miss,
task_159_6,dev_159,offload,230.8547,230.8547,230.8648,230.8666,10.099999999994225,1.8000000000000003,10.104402639575275,22.00440263957241,0.005052201319787637,28.3,hit,
task_198_3,dev_198,offload,230.8898,230.8898,230.9033,230.9058,13.499999999993406,2.5,13.491053240962376,29.49105324095351,0.006745526620481188,29.6,hit,
task_155_7,dev_155,offload,231.40560000000002,231.40560000000002,231.4188,231.42110000000002,13.199999999983447,2.3,13.227118011646851,28.727118011649807,0.006613559005823426,21.6,miss,
task_79_6,dev_79,offload,231.5575,231.5575,231.57240000000002,231.57510000000002,14.90000000001146,2.7,14.883574401209689,32.48357440122551,0.007441787200604844,21.8,miss,
task_36_5,dev_36,offload,231.6335,231.6335,231.64690000000002,231.6493,13.400000000018508,2.4000000000000004,13.382532250408824,29.182532250421737,0.0066912661252044115,25.3,miss,
task_22_4,dev_22,offload,231.8255,231.8255,231.83790000000002,231.84040000000002,12.400000000013733,2.5,12.437329458682337,27.337329458693794,0.006218664729341169,28.6,hit,
task_184_5,dev_184,offload,231.87290000000002,231.87290000000002,231.88510000000002,231.8873,12.200000000007094,2.2,12.1701462347959,26.570146234790762,0.006085073117397951,27.5,hit,
task_44_6,dev_44,offload,231.92540000000002,231.92540000000002,231.93810000000002,231.9403,12.69999999999527,2.2,12.681500839615996,27.581500839599034,0.006340750419807998,26.9,miss,
task_140_5,dev_140,offload,232.1183,232.1183,232.1295,232.13160000000002,11.20000000000232,2.1,11.203058022722711,24.5030580227379,0.0056015290113613555,24.800000000000004,hit,
task_13_2,dev_13,offload,232.1371,232.1371,232.15030000000002,232.1527,13.200000000011869,2.4000000000000004,13.215466397083496,28.81546639708977,0.006607733198541748,21.8,miss,
task_102_8,dev_102,offload,232.40200000000002,232.40200000000002,232.4118,232.4138,9.799999999984266,2.0,9.818114244444729,21.618114244438544,0.004909057122222365,25.500000000000004,hit,
task_19_6,dev_19,offload,232.4547,232.4547,232.4675,232.46980000000002,12.79999999999859,2.3,12.813909071273484,27.913909071291584,0.006406954535636742,20.7,miss,
task_186_7,dev_186,offload,232.5513,232.5513,232.56580000000002,232.5685,14.500000000026603,2.7,14.46642946199129,31.666429461993836,0.007233214730995645,25.1,miss,
task_188_4,dev_188,offload,233.59150000000002,233.59150000000002,233.6054,233.6079,13.899999999978263,2.5,13.871286729733601,30.27128672970959,0.006935643364866801,20.3,miss,
task_126_5,dev_126,offload,233.6003,233.6003,233.6123,233.61460000000002,12.000000000000455,2.3,12.04101212863925,26.341012128659216,0.006020506064319625,21.5,miss,
task_156_7,dev_156,offload,233.7751,233.7751,233.7878,233.79010000000002,12.69999999999527,2.3,12.742565655717327,27.742565655732108,0.006371282827858663,29.1,hit,
task_73_4,dev_73,offload,233.9334,233.9334,233.9488,233.9516,15.399999999999636,2.8,15.434151791292456,33.63415179129978,0.007717075895646228,27.900000000000002,miss,
task_170_4,dev_170,offload,234.0967,234.0967,234.1096,234.11200000000002,12.90000000000191,2.4000000000000004,12.928705294362134,28.22870529438687,0.006464352647181067,26.9,miss,
task_88_2,dev_88,offload,234.20510000000002,234.20510000000002,234.2168,234.21890000000002,11.699999999990496,2.1,11.737999961074117,25.53799996107748,0.005868999980537058,26.1,hit,
task_112_5,dev_112,offload,234.31400000000002,234.31400000000002,234.3272,234.3296,13.199999999983447,2.4000000000000004,13.240723268062338,28.840723268040193,0.006620361634031169,20.7,miss,
task_164_6,dev_164,offload,234.38320000000002,234.38320000000002,234.3967,234.3991,13.499999999993406,2.4000000000000004,13.467124773951738,29.36712477393955,0.006733562386975869,24.7,miss,
task_103_7,dev_103,offload,234.9418,234.9418,234.9533,234.9554,11.500000000012278,2.1,11.465483361297077,25.0654833612938,0.005732741680648538,28.1,hit,
task_34_4,dev_34,offload,235.09380000000002,235.09380000000002,235.1044,235.1063,10.599999999982401,1.9,10.601706151431951,23.101706151420583,0.0053008530757159755,29.6,hit,
task_54_6,dev_54,offload,235.36630000000002,235.36630000000002,235.3785,235.38070000000002,12.199999999978672,2.2,12.234406099661681,26.634406099656545,0.006117203049830841,23.1,miss,
task_59_5,dev_59,offload,235.4934,235.4934,235.5037,235.50560000000002,10.300000000000864,1.9,10.278597946804268,22.478597946811362,0.0051392989734021345,26.6,hit,
task_1_7,dev_1,offload,235.5155,235.5155,235.52550000000002,235.52730000000003,10.000000000019327,1.8000000000000003,10.042816323709578,21.842816323731817,0.005021408161854789,24.0,hit,
task_149_2,dev_149,offload,235.52210000000002,235.52210000000002,235.5368,235.5395,14.699999999976399,2.7,14.745458608692099,32.14545860867286,0.007372729304346049,21.3,miss,
task_122_4,dev_122,offload,235.82010000000002,235.82010000000002,235.8317,235.834,11.599999999987176,2.3,11.61525919050177,25.515259190480034,0.005807629595250886,26.1,hit,
task_154_4,dev_154,offload,235.84400000000002,235.84400000000002,235.857,235.85930000000002,12.999999999976808,2.3,12.997211012912418,28.297211012908733,0.006498605506456209,27.700000000000003,miss,
task_148_6,dev_148,offload,235.9565,235.9565,235.96730000000002,235.9693,10.800000000017462,2.0,10.795964443951728,23.59596444395032,0.005397982221975864,21.5,miss,
task_191_10,dev_191,offload,236.2407,236.2407,236.2535,236.25590000000003,12.79999999999859,2.4000000000000004,12.83915282587609,28.03915282589751,0.006419576412938045,29.1,hit,
task_67_3,dev_67,offload,236.6656,236.6656,236.6782,236.68050000000002,12.599999999991951,2.3,12.586314262285692,27.48631426229715,0.0062931571311428455,27.1,miss,
task_103_8,dev_103,offload,236.7131,236.7131,236.7262,236.7286,13.10000000000855,2.4000000000000004,13.130930786180038,28.630930786182994,0.006565465393090019,27.400000000000002,miss,
task_12_7,dev_12,offload,237.0755,237.0755,237.0903,237.09300000000002,14.80000000000814,2.7,14.809082382075694,32.3090823820882,0.007404541191037847,29.2,miss,
task_194_5,dev_194,offload,237.1251,237.1251,237.1391,237.1416,14.000000000010004,2.5,13.987417104801999,30.48741710480973,0.0069937085524009995,25.3,miss,
task_128_5,dev_128,offload,237.316,237.316,237.32930000000002,237.3317,13.300000000015189,2.4000000000000004,13.341116035364564,29.04111603537416,0.006670558017682282,24.7,miss,
task_174_7,dev_174,offload,237.4113,237.4113,237.42520000000002,237.42770000000002,13.900000000006685,2.5,13.947834270849809,30.34783427085422,0.006973917135424904,29.1,miss,
task_184_6,dev_184,offload,237.52960000000002,237.52960000000002,237.54520000000002,237.548,15.600000000006276,2.8,15.571561486003604,33.97156148598914,0.007785780743001802,29.500000000000004,miss,
task_8_4,dev_8,offload,237.5643,237.5643,237.5766,237.5788,12.300000000010414,2.2,12.30682419894728,26.806824198945463,0.006153412099473641,28.3,hit,
task_96_4,dev_96,offload,237.67940000000002,237.67940000000002,237.6922,237.6945,12.79999999999859,2.3,12.77759609898967,27.877596098979346,0.0063887980494948355,29.900000000000002,hit,
task_99_3,dev_99,offload,237.8724,237.8724,237.8822,237.88400000000001,9.800000000012687,1.8000000000000003,9.771844537466755,21.371844537482353,0.004885922268733378,28.6,hit,
task_138_6,dev_138,offload,238.1827,238.1827,238.1952,238.19750000000002,12.499999999988631,2.3,12.508097469498843,27.308097469506983,0.006254048734749421,21.1,miss,
task_60_4,dev_60,offload,238.2717,238.2717,238.2845,238.2869,12.79999999999859,2.4000000000000004,12.763123985356332,27.963123985349327,0.006381561992678166,27.900000000000002,miss,
task_124_6,dev_124,offload,238.27190000000002,238.27190000000002,238.28470000000002,238.287,12.79999999999859,2.3,12.78427100373764,27.884271003727317,0.00639213550186882,28.900000000000002,hit,
task_22_5,dev_22,offload,238.37130000000002,238.37130000000002,238.38410000000002,238.38670000000002,12.79999999999859,2.6000000000000005,12.777711529520623,28.17771152952026,0.006388855764760311,23.0,miss,
task_73_5,dev_73,offload,238.9482,238.9482,238.9624,238.9651,14.199999999988222,2.7,14.240944343476517,31.140944343469105,0.007120472171738258,26.9,miss,
task_179_3,dev_179,offload,239.0781,239.0781,239.0903,239.0925,12.200000000007094,2.2,12.204509318628961,26.604509318623823,0.00610225465931448,23.0,miss,
task_163_3,dev_163,offload,239.0911,239.0911,239.1038,239.1061,12.69999999999527,2.3,12.652038041676711,27.65203804166307,0.006326019020838356,29.7,hit,
task_76_3,dev_76,offload,239.16250000000002,239.16250000000002,239.1764,239.1789,13.899999999978263,2.5,13.948831969005239,30.34883196898123,0.0069744159845026195,24.6,miss,
task_76_4,dev_76,offload,239.6381,239.6381,239.65120000000002,239.6536,13.10000000000855,2.4000000000000004,13.077623717503073,28.57762371750603,0.006538811858751536,23.3,miss,
task_64_9,dev_64,offload,239.6626,239.6626,239.6766,239.6791,14.000000000010004,2.5,13.960958790081962,30.46095879008969,0.006980479395040981,24.5,miss,
task_153_6,dev_153,offload,239.835,239.835,239.84660000000002,239.8487,11.600000000015598,2.1,11.58797563326304,25.287975633263088,0.00579398781663152,29.500000000000004,hit,
task_11_7,dev_11,offload,239.83710000000002,239.83710000000002,239.8496,239.8519,12.499999999988631,2.3,12.492985740571516,27.292985740551234,0.006246492870285758,21.9,miss,
task_119_5,dev_119,offload,240.0302,240.0302,240.0454,240.0482,15.199999999992997,2.8,15.225100185523083,33.225100185523765,0.0076125500927615415,21.3,miss,
task_113_7,dev_113,offload,240.08520000000001,240.08520000000001,240.09810000000002,240.1005,12.90000000000191,2.4000000000000004,12.944419246652744,28.24441924664906,0.006472209623326372,22.000000000000004,miss,
task_37_5,dev_37,offload,240.157,240.157,240.1689,240.17110000000002,11.899999999997135,2.2,11.874934656961505,25.97493465697483,0.005937467328480752,21.5,miss,
task_187_6,dev_187,offload,240.2212,240.2212,240.23250000000002,240.2346,11.300000000005639,2.1,11.31551945269938,24.715519452689467,0.0056577597263496905,28.3,hit,
task_139_5,dev_139,offload,240.3253,240.3253,240.3407,240.3435,15.399999999999636,2.8,15.438733408235615,33.638733408242935,0.0077193667041178075,23.0,miss,
task_22_6,dev_22,offload,240.68380000000002,240.68380000000002,240.69590000000002,240.69830000000002,12.100000000003774,2.4000000000000004,12.095375373969826,26.595375373968007,0.006047687686984913,25.1,miss,
task_9_9,dev_9,offload,240.70790000000002,240.70790000000002,240.71900000000002,240.721,11.099999999999,2.0,11.14332168763927,24.2433216876194,0.005571660843819635,26.500000000000004,hit,
task_54_7,dev_54,offload,240.8151,240.8151,240.82760000000002,240.8298,12.500000000017053,2.2,12.519156147072904,27.219156147077726,0.006259578073536452,27.3,hit,
task_52_3,dev_52,offload,240.8484,240.8484,240.8616,240.864,13.200000000011869,2.4000000000000004,13.228050656316684,28.828050656322958,0.0066140253281583425,20.400000000000002,miss,
task_115_6,dev_115,offload,240.8622,240.8622,240.87640000000002,240.87890000000002,14.200000000016644,2.5,14.22624697194567,30.92624697196004,0.007113123485972836,22.1,miss,
task_97_12,dev_97,offload,241.1577,241.1577,241.1707,241.1731,13.00000000000523,2.4000000000000004,13.023462289938454,28.42346228993809,0.006511731144969227,28.0,miss,
task_41_4,dev_41,offload,241.2945,241.2945,241.3075,241.3099,13.00000000000523,2.4000000000000004,13.00839205597859,28.408392055978226,0.006504196027989294,25.7,miss,
task_39_4,dev_39,offload,241.6507,241.6507,241.6622,241.66430000000003,11.500000000012278,2.1,11.548445830741079,25.148445830766228,0.00577422291537054,20.1,miss,
task_36_6,dev_36,offload,241.71020000000001,241.71020000000001,241.7244,241.727,14.199999999988222,2.6000000000000005,14.194574978339707,30.994574978328977,0.007097287489169854,20.0,miss,
task_58_7,dev_58,offload,241.9482,241.9482,241.9608,241.96310000000003,12.599999999991951,2.3,12.630881303566627,27.530881303578084,0.006315440651783313,29.2,hit,
task_156_8,dev_156,offload,241.9499,241.9499,241.96380000000002,241.96630000000002,13.900000000006685,2.5,13.889938637530628,30.289938637535037,0.006944969318765314,23.0,miss,
task_89_9,dev_89,offload,242.0436,242.0436,242.05550000000002,242.0577,11.900000000025557,2.2,11.919641633273018,26.01964163328634,0.0059598208166365095,25.2,miss,
task_40_3,dev_40,offload,242.1097,242.1097,242.12140000000002,242.1236,11.700000000018917,2.2,11.745078628077861,25.645078628084548,0.005872539314038931,27.1,hit,
task_46_5,dev_46,offload,242.2912,242.2912,242.3015,242.3034,10.300000000000864,1.9,10.313613433629245,22.513613433636337,0.005156806716814622,23.599999999999998,hit,
task_166_5,dev_166,offload,242.43390000000002,242.43390000000002,242.44490000000002,242.447,10.99999999999568,2.1,10.991176592400455,24.091176592380585,0.005495588296200228,20.800000000000004,miss,
task_156_9,dev_156,offload,242.5001,242.5001,242.5123,242.5145,12.200000000007094,2.2,12.200485217465296,26.600485217460157,0.006100242608732648,25.500000000000004,miss,
task_101_3,dev_101,offload,242.6561,242.6561,242.66930000000002,242.67170000000002,13.200000000011869,2.4000000000000004,13.217206362415558,28.817206362421835,0.006608603181207779,25.3,miss,
task_43_7,dev_43,offload,242.7597,242.7597,242.77280000000002,242.7752,13.10000000000855,2.4000000000000004,13.057262898145117,28.557262898148075,0.006528631449072559,24.800000000000004,miss,
task_145_4,dev_145,offload,243.0651,243.0651,243.0783,243.0807,13.200000000011869,2.4000000000000004,13.159726991306782,28.75972699131306,0.006579863495653391,27.0,miss,
task_96_5,dev_96,offload,243.13770000000002,243.13770000000002,243.15040000000002,243.1527,12.69999999999527,2.3,12.721226656483596,27.721226656469952,0.006360613328241798,22.9,miss,
task_163_4,dev_163,offload,243.1892,243.1892,243.1996,243.2015,10.400000000004184,1.9,10.369666491163434,22.66966649117385,0.005184833245581717,24.1,hit,
task_108_6,dev_108,offload,243.20850000000002,243.20850000000002,243.22060000000002,243.2228,12.100000000003774,2.2,12.097412134565587,26.39741213455713,0.006048706067282794,26.1,miss,
task_146_2,dev_146,offload,243.2545,243.2545,243.2688,243.2715,14.299999999991542,2.7,14.334191484665888,31.334191484661794,0.007167095742332944,26.700000000000003,miss,
task_97_13,dev_97,offload,243.3264,243.3264,243.3377,243.33980000000003,11.300000000005639,2.1,11.275206841786785,24.67520684180529,0.005637603420893393,24.7,hit,
task_67_4,dev_67,offload,243.341,243.341,243.35490000000001,243.3574,13.900000000006685,2.5,13.882135219199611,30.282135219204022,0.006941067609599806,23.200000000000003,miss,
task_142_4,dev_142,offload,244.23420000000002,244.23420000000002,244.2451,244.24730000000002,10.89999999999236,2.2,10.880099577359708,23.980099577368257,0.005440049788679854,29.900000000000002,hit,
task_176_11,dev_176,offload,244.44680000000002,244.44680000000002,244.4591,244.4614,12.299999999981992,2.3,12.332234076962443,26.932234076935522,0.006166117038481221,28.1,hit,
task_103_9,dev_103,offload,244.45100000000002,244.45100000000002,244.464,244.46640000000002,12.999999999976808,2.4000000000000004,12.983381187981456,28.383381187981094,0.006491690593990728,21.2,miss,
task_23_6,dev_23,offload,244.5312,244.5312,244.5446,244.5471,13.399999999990087,2.5,13.433764783909627,29.33376478389744,0.006716882391954814,28.3,miss,
task_80_5,dev_80,offload,244.723,244.723,244.73610000000002,244.73860000000002,13.10000000000855,2.5,13.097243131712725,28.697243131719,0.006548621565856363,22.000000000000004,miss,
task_30_8,dev_30,offload,245.2854,245.2854,245.2988,245.30120000000002,13.399999999990087,2.4000000000000004,13.359760636920425,29.159760636933342,0.006679880318460213,23.700000000000003,miss,
task_40_4,dev_40,offload,245.312,245.312,245.3248,245.3272,12.79999999999859,2.4000000000000004,12.785342787058253,27.985342787051252,0.006392671393529127,28.3,hit,
task_81_9,dev_81,offload,245.3536,245.3536,245.3665,245.369,12.90000000000191,2.5,12.934134846807249,28.334134846806883,0.006467067423403625,23.200000000000003,miss,
task_146_3,dev_146,offload,245.6123,245.6123,245.62380000000002,245.626,11.500000000012278,2.2,11.503658095532517,25.20365809553256,0.005751829047766258,21.0,miss,
task_198_4,dev_198,local,245.6903,245.6903,,,0.0,0.0,0.0,,0.0,27.700000000000003,drop,
task_87_3,dev_87,offload,245.8597,245.8597,245.8733,245.8758,13.599999999996726,2.5,13.638369604495567,29.738369604490018,0.006819184802247784,24.800000000000004,miss,
task_129_6,dev_129,offload,245.9019,245.9019,245.91410000000002,245.9163,12.200000000007094,2.2,12.216382943363973,26.616382943358836,0.006108191471681987,25.7,miss,
task_101_4,dev_101,offload,246.0112,246.0112,246.02370000000002,246.026,12.500000000017053,2.3,12.469437025296143,27.269437025304285,0.006234718512648072,24.6,miss,
task_51_7,dev_51,offload,246.3205,246.3205,246.33450000000002,246.33710000000002,14.000000000010004,2.6000000000000005,13.975470995378311,30.57547099538936,0.006987735497689156,22.1,miss,
task_63_11,dev_63,offload,246.34300000000002,246.34300000000002,246.35760000000002,246.36030000000002,14.6000000000015,2.7,14.64063867115954,31.940638671165406,0.00732031933557977,25.7,miss,
task_133_4,dev_133,offload,246.5447,246.5447,246.5582,246.56070000000003,13.499999999993406,2.5,13.545091788264651,29.545091788284203,0.006772545894132326,20.5,miss,
task_170_5,dev_170,local,247.2971,247.2971,,,0.0,0.0,0.0,,0.0,23.900000000000002,drop,
task_163_5,dev_163,offload,247.4482,247.4482,247.46110000000002,247.4635,12.90000000000191,2.4000000000000004,12.90879745174687,28.208797451743187,0.006454398725873435,25.900000000000002,miss,
task_191_11,dev_191,offload,247.4618,247.4618,247.4761,247.4787,14.299999999991542,2.6000000000000005,14.261015789991458,31.161015789984045,0.007130507894995729,23.900000000000002,miss,
task_28_3,dev_28,offload,247.6962,247.6962,247.7101,247.7126,13.900000000006685,2.5,13.90979419496874,30.30979419497315,0.00695489709748437,27.6,miss,
task_11_8,dev_11,offload,247.74790000000002,247.74790000000002,247.7612,247.76360000000003,13.299999999986767,2.4000000000000004,13.257856950656652,28.957856950666248,0.006628928475328326,20.1,miss,
task_173_6,dev_173,offload,247.9564,247.9564,247.9685,247.97070000000002,12.100000000003774,2.2,12.1194377662552,26.419437766275163,0.006059718883127599,25.1,miss,
task_52_4,dev_52,local,248.2048,248.2048,,,0.0,0.0,0.0,,0.0,25.7,drop,
task_197_7,dev_197,offload,248.23420000000002,248.23420000000002,248.24790000000002,248.25050000000002,13.700000000000045,2.6000000000000005,13.651156674519262,29.951156674520355,0.006825578337259631,20.3,miss,
task_5_6,dev_5,offload,248.23530000000002,248.23530000000002,248.2478,248.2501,12.499999999988631,2.3,12.452808746566886,27.252808746546606,0.006226404373283443,25.500000000000004,miss,
task_5_7,dev_5,offload,248.62400000000002,248.62400000000002,248.6389,248.6416,14.899999999983038,2.7,14.926134802556916,32.52613480254432,0.007463067401278458,20.800000000000004,miss,
task_4_4,dev_4,offload,248.7733,248.7733,248.7869,248.78930000000003,13.599999999996726,2.4000000000000004,13.644112331021011,29.644112331040567,0.006822056165510505,22.4,miss,
task_35_8,dev_35,offload,248.8529,248.8529,248.8676,248.8702,14.70000000000482,2.6000000000000005,14.678011178197329,31.978011178203197,0.007339005589098664,25.1,miss,
task_184_7,dev_184,offload,249.03330000000003,249.03330000000003,249.0465,249.0488,13.199999999983447,2.3,13.241155018558988,28.741155018533522,0.006620577509279494,25.400000000000002,miss,
task_120_4,dev_120,offload,249.36180000000002,249.36180000000002,249.37460000000002,249.377,12.79999999999859,2.4000000000000004,12.785244216979725,27.985244216972724,0.006392622108489863,28.3,hit,
task_81_10,dev_81,offload,250.03580000000002,250.03580000000002,250.0479,250.05010000000001,12.099999999975353,2.2,12.11027444405639,26.410274444047932,0.006055137222028195,28.400000000000002,hit,
task_32_5,dev_32,offload,250.04600000000002,250.04600000000002,250.05810000000002,250.0603,12.100000000003774,2.2,12.122218122959527,26.42221812295107,0.006061109061479763,25.8,miss,
task_154_5,dev_154,offload,250.06410000000002,250.06410000000002,250.0789,250.0815,14.799999999979718,2.6000000000000005,14.791679835678046,32.19167983565881,0.007395839917839023,22.9,miss,
task_82_7,dev_82,offload,250.1963,250.1963,250.20690000000002,250.209,10.600000000010823,2.1,10.630046095136784,23.330046095132055,0.005315023047568392,26.700000000000003,hit,
task_99_4,dev_99,offload,250.3016,250.3016,250.31550000000001,250.318,13.900000000006685,2.5,13.930032754256233,30.330032754260642,0.006965016377128117,21.0,miss,
task_60_5,dev_60,offload,250.3461,250.3461,250.35760000000002,250.3598,11.500000000012278,2.2,11.530806777058785,25.23080677705883,0.005765403388529392,24.7,miss,
task_192_5,dev_192,offload,251.0954,251.0954,251.1097,251.1123,14.299999999991542,2.6000000000000005,14.257401382026776,31.157401382019366,0.007128700691013388,27.6,miss,
task_150_9,dev_150,offload,251.47140000000002,251.47140000000002,251.48520000000002,251.48770000000002,13.800000000003365,2.5,13.818808084420793,30.118808084421886,0.006909404042210397,20.200000000000003,miss,
task_76_5,dev_76,offload,251.6661,251.6661,251.68050000000002,251.68310000000002,14.400000000023283,2.6000000000000005,14.420364642609279,31.420364642633608,0.007210182321304639,25.500000000000004,miss,
task_174_8,dev_174,offload,252.55130000000003,252.55130000000003,252.5651,252.5676,13.799999999974943,2.5,13.83741200285854,30.137412002831212,0.00691870600142927,29.0,miss,
task_132_7,dev_132,offload,252.6845,252.6845,252.69930000000002,252.702,14.80000000000814,2.7,14.779095323391003,32.27909532337509,0.007389547661695501,25.3,miss,
task_196_5,dev_196,offload,252.7638,252.7638,252.77800000000002,252.78060000000002,14.200000000016644,2.6000000000000005,14.151995272438358,30.951995272456045,0.007075997636219179,21.2,miss,
task_105_5,dev_105,offload,253.05610000000001,253.05610000000001,253.0694,253.07180000000002,13.299999999986767,2.4000000000000004,13.307200697525925,29.00720069753552,0.006653600348762962,20.800000000000004,miss,
task_62_11,dev_62,offload,253.05900000000003,253.05900000000003,253.0713,253.0738,12.299999999981992,2.5,12.311465302028138,27.111465302007858,0.006155732651014069,22.3,miss,
task_174_9,dev_174,offload,253.06400000000002,253.06400000000002,253.0774,253.0798,13.399999999990087,2.4000000000000004,13.387654040613235,29.187654040597728,0.006693827020306618,24.7,miss,
task_98_3,dev_98,offload,253.4334,253.4334,253.4462,253.44850000000002,12.79999999999859,2.3,12.769229116341021,27.869229116359122,0.006384614558170511,26.200000000000003,miss,
task_123_5,dev_123,offload,253.56740000000002,253.56740000000002,253.58190000000002,253.58450000000002,14.499999999998181,2.6000000000000005,14.48615331249185,31.586153312491078,0.007243076656245925,24.900000000000002,miss,
task_44_7,dev_44,offload,253.59320000000002,253.59320000000002,253.6071,253.6096,13.899999999978263,2.5,13.857643913713373,30.257643913689364,0.006928821956856687,21.400000000000002,miss,
task_143_10,dev_143,offload,253.95350000000002,253.95350000000002,253.9667,253.96910000000003,13.199999999983447,2.4000000000000004,13.225222313792209,28.825222313798484,0.006612611156896105,27.900000000000002,miss,
task_47_8,dev_47,offload,254.01420000000002,254.01420000000002,254.0269,254.0294,12.69999999999527,2.5,12.678904011691362,27.87890401168436,0.006339452005845681,26.9,miss,
task_181_5,dev_181,offload,254.0261,254.0261,254.03900000000002,254.0414,12.90000000000191,2.4000000000000004,12.909427033541505,28.20942703353782,0.006454713516770752,29.2,hit,
task_59_6,dev_59,offload,254.2443,254.2443,254.25580000000002,254.2579,11.500000000012278,2.1,11.469974128896308,25.069974128893033,0.005734987064448154,23.0,miss,
task_125_8,dev_125,offload,254.3016,254.3016,254.3134,254.31550000000001,11.799999999993815,2.1,11.758524179134673,25.65852417914136,0.005879262089567337,24.400000000000002,miss,
task_39_5,dev_39,offload,254.49970000000002,254.49970000000002,254.51260000000002,254.51500000000001,12.90000000000191,2.4000000000000004,12.884197189738837,28.18419718973515,0.006442098594869418,28.1,miss,
task_75_7,dev_75,offload,254.61790000000002,254.61790000000002,254.6287,254.63070000000002,10.79999999998904,2.0,10.824692838068257,23.62469283806685,0.005412346419034129,22.700000000000003,miss,
task_58_8,dev_58,offload,254.7552,254.7552,254.76940000000002,254.77200000000002,14.200000000016644,2.6000000000000005,14.174975083525103,30.974975083542795,0.0070874875417625514,28.200000000000003,miss,
task_153_7,dev_153,offload,254.8365,254.8365,254.8496,254.852,13.10000000000855,2.4000000000000004,13.107697948708891,28.607697948711845,0.006553848974354445,27.3,miss,
task_181_6,dev_181,offload,255.24360000000001,255.24360000000001,255.25570000000002,255.2579,12.100000000003774,2.2,12.052786501519096,26.352786501510636,0.006026393250759548,23.3,miss,
task_35_9,dev_35,offload,255.3467,255.3467,255.3604,255.36280000000002,13.700000000000045,2.4000000000000004,13.682691513088916,29.78269151311179,0.006841345756544458,23.3,miss,
task_36_7,dev_36,offload,255.8838,255.8838,255.8956,255.89780000000002,11.799999999993815,2.2,11.812525466550447,25.81252546656045,0.005906262733275223,25.3,miss,
task_173_7,dev_173,offload,256.28430000000003,256.28430000000003,256.2968,256.2991,12.499999999988631,2.3,12.479699571119598,27.279699571099314,0.006239849785559799,23.1,miss,
task_98_4,dev_98,offload,256.878,256.878,256.8879,256.8897,9.900000000016007,1.8000000000000003,9.888006191358775,21.588006191377694,0.004944003095679388,22.8,hit,
task_59_7,dev_59,offload,256.8829,256.8829,256.894,256.896,11.099999999999,2.0,11.089521233459292,24.189521233467843,0.005544760616729646,29.900000000000002,hit,
task_73_6,dev_73,offload,256.9418,256.9418,256.9545,256.9568,12.69999999999527,2.3,12.71834437091253,27.718344370898887,0.006359172185456265,21.5,miss,
task_193_8,dev_193,offload,257.02860000000004,257.02860000000004,257.0432,257.0459,14.599999999973079,2.7,14.578657577053509,31.878657577030953,0.007289328788526755,28.7,miss,
task_82_8,dev_82,offload,257.49600000000004,257.49600000000004,257.5086,257.5111,12.59999999996353,2.5,12.624240162637244,27.724240162598498,0.006312120081318622,21.8,miss,
task_78_6,dev_78,offload,257.6268,257.6268,257.64140000000003,257.64410000000004,14.600000000029922,2.7,14.59347542244332,31.893475422477607,0.00729673771122166,23.3,miss,
task_47_9,dev_47,offload,257.6413,257.6413,257.6551,257.6576,13.800000000003365,2.5,13.802306082905062,30.102306082906154,0.006901153041452531,21.0,miss,
task_122_5,dev_122,offload,258.0263,258.0263,258.0355,258.0373,9.200000000021191,1.8000000000000003,9.18547568512472,20.185475685148823,0.00459273784256236,20.400000000000002,hit,
task_29_4,dev_29,offload,258.3894,258.3894,258.4015,258.4037,12.099999999975353,2.2,12.058275573723998,26.358275573715538,0.006029137786861999,29.7,hit,
task_156_10,dev_156,offload,258.5916,258.5916,258.6042,258.60650000000004,12.59999999996353,2.3,12.553264135910512,27.45326413592197,0.006276632067955256,27.8,hit,
task_51_8,dev_51,offload,258.6363,258.6363,258.6495,258.6519,13.199999999983447,2.4000000000000004,13.225188327113164,28.82518832711944,0.006612594163556582,26.9,miss,
task_71_6,dev_71,offload,258.68530000000004,258.68530000000004,258.69780000000003,258.7001,12.499999999988631,2.3,12.474867686161929,27.274867686141647,0.006237433843080964,28.3,hit,
task_92_3,dev_92,offload,258.8226,258.8226,258.8345,258.8367,11.899999999968713,2.2,11.938208863711626,26.03820886369653,0.005969104431855813,23.200000000000003,miss,
task_70_8,dev_70,offload,260.0659,260.0659,260.079,260.08140000000003,13.10000000000855,2.4000000000000004,13.118528004349576,28.618528004380956,0.0065592640021747885,20.200000000000003,miss,
task_48_2,dev_48,offload,260.12350000000004,260.12350000000004,260.1352,260.13730000000004,11.699999999962074,2.1,11.668861330941924,25.468861330945288,0.005834430665470962,21.3,miss,
task_112_6,dev_112,local,260.1399,260.1399,,,0.0,0.0,0.0,,0.0,30.000000000000004,drop,
task_167_4,dev_167,offload,260.18600000000004,260.18600000000004,260.2003,260.2029,14.299999999991542,2.6000000000000005,14.316365324383854,31.21636532434802,0.007158182662191927,26.9,miss,
task_35_10,dev_35,offload,260.28950000000003,260.28950000000003,260.303,260.3054,13.499999999964984,2.4000000000000004,13.522817224312792,29.422817224300605,0.006761408612156396,20.900000000000002,miss,
task_41_5,dev_41,offload,260.46320000000003,260.46320000000003,260.4766,260.479,13.399999999990087,2.4000000000000004,13.389545686187521,29.189545686143592,0.0066947728430937605,24.900000000000002,miss,
task_11_9,dev_11,offload,260.5733,260.5733,260.58770000000004,260.5903,14.400000000023283,2.6000000000000005,14.383899843643446,31.383899843639355,0.007191949921821723,27.0,miss,
task_30_9,dev_30,offload,260.6599,260.6599,260.67240000000004,260.67470000000003,12.500000000045475,2.3,12.511458730735832,27.311458730772394,0.006255729365367916,24.7,miss,
task_174_10,dev_174,offload,260.88100000000003,260.88100000000003,260.89390000000003,260.8962,12.90000000000191,2.3,12.944397697010745,28.14439769700374,0.006472198848505372,26.8,miss,
task_181_7,dev_181,offload,261.2434,261.2434,261.257,261.2595,13.599999999996726,2.5,13.55403673054831,29.654036730542764,0.006777018365274155,25.500000000000004,miss,
task_70_9,dev_70,offload,261.3335,261.3335,261.3464,261.34880000000004,12.90000000000191,2.4000000000000004,12.882644666550005,28.182644666574745,0.006441322333275002,25.8,miss,
task_182_4,dev_182,offload,261.59700000000004,261.59700000000004,261.60810000000004,261.6103,11.099999999999,2.2,11.123690602345796,24.42369060230414,0.005561845301172898,27.700000000000003,hit,
task_44_8,dev_44,offload,261.8129,261.8129,261.8244,261.82640000000004,11.500000000012278,2.0,11.531540700587792,25.031540700609618,0.005765770350293896,26.500000000000004,hit,
task_153_8,dev_153,offload,262.05490000000003,262.05490000000003,262.06780000000003,262.0702,12.90000000000191,2.4000000000000004,12.932262911261661,28.232262911229554,0.006466131455630831,20.6,miss,
task_138_7,dev_138,offload,262.208,262.208,262.22110000000004,262.2235,13.10000000000855,2.4000000000000004,13.115754855146148,28.615754855120684,0.006557877427573074,21.0,miss,
task_33_3,dev_33,offload,262.26230000000004,262.26230000000004,262.2721,262.2739,9.799999999984266,1.8000000000000003,9.767626651105397,21.36762665109257,0.004883813325552698,28.200000000000003,hit,
task_127_8,dev_127,offload,262.9653,262.9653,262.9741,262.9757,8.800000000007913,1.6,8.794821620466553,19.194821620470737,0.004397410810233276,28.1,hit,
task_138_8,dev_138,offload,263.51140000000004,263.51140000000004,263.5236,263.5258,12.19999999995025,2.2,12.244700590267923,26.644700590234365,0.006122350295133962,26.9,hit,
task_144_6,dev_144,offload,263.903,263.903,263.9146,263.9168,11.599999999987176,2.2,11.605003418685994,25.40500341868936,0.005802501709342997,29.300000000000004,hit,
task_140_6,dev_140,offload,263.9192,263.9192,263.93350000000004,263.9362,14.300000000048385,2.7,14.260200828430625,31.260200828426534,0.0071301004142153126,22.4,miss,
task_124_7,dev_124,offload,263.91970000000003,263.91970000000003,263.9332,263.9356,13.499999999964984,2.4000000000000004,13.4734742061287,29.373474206116512,0.00673673710306435,24.900000000000002,miss,
task_177_9,dev_177,offload,264.0385,264.0385,264.0522,264.0547,13.700000000028467,2.5,13.726894319037907,29.9268943190641,0.0068634471595189536,20.5,miss,
task_24_7,dev_24,offload,264.3208,264.3208,264.3315,264.33340000000004,10.699999999985721,1.9,10.71583058442503,23.3158305844454,0.005357915292212515,28.5,hit,
task_112_7,dev_112,offload,264.58480000000003,264.58480000000003,264.5963,264.5985,11.499999999955435,2.2,11.484606898873526,25.18460689884515,0.005742303449436763,24.400000000000002,miss,
task_22_7,dev_22,offload,264.7367,264.7367,264.7505,264.7533,13.800000000003365,2.8,13.783707681415803,30.383707681455277,0.006891853840707902,20.800000000000004,miss,
task_45_6,dev_45,offload,264.7616,264.7616,264.7755,264.7782,13.900000000035106,2.7,13.870033785985187,30.470033786024658,0.0069350168929925935,22.4,miss,
task_15_7,dev_15,offload,266.0565,266.0565,266.0699,266.07230000000004,13.399999999990087,2.4000000000000004,13.387720060319634,29.18772006033255,0.006693860030159817,24.400000000000002,miss,
task_187_7,dev_187,offload,266.1563,266.1563,266.1695,266.1719,13.20000000004029,2.4000000000000004,13.218234538429842,28.818234538436116,0.006609117269214921,27.700000000000003,miss,
task_176_12,dev_176,offload,266.4131,266.4131,266.4263,266.4287,13.20000000004029,2.4000000000000004,13.249823416687455,28.84982341669373,0.006624911708343727,22.6,miss,
task_93_6,dev_93,offload,266.697,266.697,266.7093,266.7115,12.299999999981992,2.2,12.267225715173062,26.767225715171243,0.006133612857586531,29.400000000000002,hit,
task_104_7,dev_104,offload,266.7615,266.7615,266.7744,266.7767,12.90000000000191,2.3,12.941929303128223,28.14192930312122,0.006470964651564112,27.400000000000002,miss,
task_74_9,dev_74,offload,266.9658,266.9658,266.9799,266.98240000000004,14.099999999984902,2.5,14.148925688527845,30.74892568856732,0.007074462844263923,20.7,miss,
task_90_6,dev_90,offload,267.0364,267.0364,267.0487,267.0509,12.299999999981992,2.2,12.310886044483276,26.810886044481457,0.006155443022241638,23.0,miss,
task_113_8,dev_113,offload,267.03860000000003,267.03860000000003,267.0511,267.0534,12.499999999988631,2.3,12.531651418374302,27.33165141835402,0.006265825709187151,28.6,hit,
task_62_12,dev_62,offload,267.0993,267.0993,267.1114,267.1138,12.099999999975353,2.4000000000000004,12.104896515117742,26.604896515115925,0.006052448257558871,24.6,miss,
task_36_8,dev_36,offload,267.2586,267.2586,267.2697,267.2717,11.099999999999,2.0,11.066066817342904,24.166066817351453,0.005533033408671452,23.5,miss,
task_189_5,dev_189,offload,267.3512,267.3512,267.3637,267.366,12.499999999988631,2.3,12.508030557238607,27.308030557218324,0.006254015278619304,22.000000000000004,miss,
task_21_10,dev_21,offload,267.95120000000003,267.95120000000003,267.9619,267.9638,10.699999999985721,1.9,10.673007311223946,23.273007311187477,0.005336503655611973,29.2,hit,
task_112_8,dev_112,offload,268.1383,268.1383,268.1514,268.1539,13.10000000000855,2.5,13.112981079647765,28.712981079654043,0.0065564905398238825,25.900000000000002,miss,
task_92_4,dev_92,offload,268.16360000000003,268.16360000000003,268.1784,268.1811,14.799999999979718,2.7,14.772554751908766,32.27255475189285,0.007386277375954383,26.9,miss,
task_52_5,dev_52,offload,268.30580000000003,268.30580000000003,268.32050000000004,268.3232,14.70000000000482,2.7,14.716661881464281,32.116661881416626,0.00735833094073214,21.7,miss,
task_73_7,dev_73,offload,268.6433,268.6433,268.65680000000003,268.65930000000003,13.500000000021828,2.5,13.528280557762649,29.528280557782203,0.006764140278881324,23.700000000000003,miss,
task_97_14,dev_97,offload,268.66360000000003,268.66360000000003,268.67830000000004,268.68100000000004,14.70000000000482,2.7,14.653020286573192,32.05302028658238,0.007326510143286596,27.3,miss,
task_90_7,dev_90,offload,269.04740000000004,269.04740000000004,269.0593,269.0615,11.899999999968713,2.2,11.863838268484756,25.963838268469658,0.0059319191342423775,26.700000000000003,hit,
task_184_8,dev_184,offload,269.108,269.108,269.12,269.1221,12.000000000000455,2.1,11.971426902432821,26.071426902417723,0.005985713451216411,26.6,hit,
task_185_5,dev_185,offload,269.3374,269.3374,269.349,269.35110000000003,11.599999999987176,2.1,11.575747329478068,25.275747329506537,0.005787873664739034,20.800000000000004,miss,
task_83_7,dev_83,offload,269.7551,269.7551,269.7653,269.7672,10.199999999997544,1.9,10.170613317547488,22.27061331752284,0.005085306658773744,25.8,hit,
task_140_7,dev_140,offload,269.964,269.964,269.9774,269.9799,13.399999999990087,2.5,13.376739252053502,29.276739252041317,0.006688369626026751,21.7,miss,
task_98_5,dev_98,offload,270.0722,270.0722,270.0847,270.087,12.499999999988631,2.3,12.52961144714333,27.32961144712305,0.006264805723571664,28.6,hit,
task_99_5,dev_99,offload,270.1492,270.1492,270.16220000000004,270.1646,13.000000000033651,2.4000000000000004,12.964071421110074,28.36407142110971,0.006482035710555036,27.3,miss,
task_88_3,dev_88,offload,270.2421,270.2421,270.2556,270.2581,13.500000000021828,2.5,13.455812772685201,29.455812772704753,0.006727906386342601,25.3,miss,
task_198_5,dev_198,offload,270.24260000000004,270.24260000000004,270.25530000000003,270.2576,12.69999999999527,2.3,12.655145751840665,27.65514575182702,0.006327572875920333,21.5,miss,
task_149_3,dev_149,offload,270.25870000000003,270.25870000000003,270.27230000000003,270.2748,13.599999999996726,2.5,13.552419730510547,29.652419730505,0.006776209865255274,27.1,miss,
task_118_6,dev_118,offload,270.73060000000004,270.73060000000004,270.74350000000004,270.74580000000003,12.90000000000191,2.3,12.850465426791517,28.050465426784513,0.006425232713395759,26.9,miss,
task_42_3,dev_42,offload,270.8116,270.8116,270.8222,270.8243,10.600000000010823,2.1,10.639611911433624,23.339611911428896,0.005319805955716812,24.6,hit,
task_72_5,dev_72,offload,271.0136,271.0136,271.02680000000004,271.0292,13.20000000004029,2.4000000000000004,13.206876442314087,28.806876442320362,0.006603438221157044,21.7,miss,
task_193_9,dev_193,offload,271.6255,271.6255,271.63710000000003,271.6392,11.60000000004402,2.1,11.614750393362872,25.31475039339134,0.005807375196681436,22.500000000000004,miss,
task_129_7,dev_129,offload,271.73990000000003,271.73990000000003,271.7523,271.75460000000004,12.39999999995689,2.3,12.411199837065244,27.111199837070064,0.0062055999185326215,29.0,hit,
task_138_9,dev_138,offload,271.7772,271.7772,271.79310000000004,271.796,15.900000000044656,2.9000000000000004,15.890227008630342,34.69022700862916,0.007945113504315171,22.8,miss,
task_30_10,dev_30,offload,272.0563,272.0563,272.0699,272.0724,13.599999999996726,2.5,13.579145761563076,29.67914576155753,0.006789572880781538,23.8,miss,
task_79_7,dev_79,offload,272.07980000000003,272.07980000000003,272.0916,272.0938,11.799999999993815,2.2,11.79998324720066,25.79998324715382,0.00589999162360033,26.200000000000003,hit,
task_159_7,dev_159,offload,272.2219,272.2219,272.2355,272.238,13.599999999996726,2.5,13.646172909963667,29.74617290995812,0.006823086454981833,20.800000000000004,miss,
task_93_7,dev_93,offload,272.3926,272.3926,272.4046,272.4069,12.000000000000455,2.3,12.01696756251507,26.316967562506612,0.0060084837812575355,27.1,hit,
task_13_3,dev_13,offload,272.4278,272.4278,272.4398,272.442,12.000000000000455,2.2,12.013073248050757,26.213073248067403,0.006006536624025379,23.5,miss,
task_93_8,dev_93,offload,272.5573,272.5573,272.5684,272.5704,11.099999999999,2.0,11.089846862803684,24.18984686281223,0.005544923431401842,29.300000000000004,hit,
task_19_7,dev_19,offload,272.5588,272.5588,272.5702,272.57230000000004,11.399999999980537,2.1,11.438662053313616,24.93866205333544,0.005719331026656808,29.900000000000002,hit,
task_79_8,dev_79,offload,272.8632,272.8632,272.87510000000003,272.8773,11.900000000025557,2.2,11.87219623405841,25.972196234043313,0.005936098117029206,20.5,miss,
task_46_6,dev_46,offload,272.8704,272.8704,272.8832,272.8856,12.799999999970169,2.4000000000000004,12.776566835358214,27.97656683535121,0.006388283417679106,22.2,miss,
task_6_3,dev_6,offload,273.0496,273.0496,273.06190000000004,273.0642,12.300000000038835,2.3,12.299100549725308,26.899100549755232,0.006149550274862654,21.9,miss,
task_66_8,dev_66,offload,273.1249,273.1249,273.137,273.1393,12.099999999975353,2.3,12.07752209480791,26.47752209477435,0.006038761047403954,27.400000000000002,hit,
task_143_11,dev_143,offload,273.1666,273.1666,273.1807,273.18330000000003,14.099999999984902,2.6000000000000005,14.064871287048843,30.764871287063215,0.007032435643524421,29.2,miss,
task_31_5,dev_31,offload,273.3439,273.3439,273.35540000000003,273.3576,11.500000000012278,2.2,11.497202395175332,25.197202395146956,0.005748601197587666,26.8,hit,
task_94_7,dev_94,offload,273.411,273.411,273.4232,273.4254,12.200000000007094,2.2,12.238192299292423,26.638192299315705,0.006119096149646211,29.2,hit,
task_167_5,dev_167,local,273.507,273.507,,,0.0,0.0,0.0,,0.0,28.6,drop,
task_26_2,dev_26,offload,273.91,273.91,273.9241,273.92670000000004,14.099999999984902,2.6000000000000005,14.089232310551536,30.789232310565907,0.007044616155275768,23.3,miss,
task_82_9,dev_82,offload,273.9662,273.9662,273.9802,273.983,14.000000000010004,2.8,14.02942036475231,30.82942036474158,0.007014710182376155,24.400000000000002,miss,
task_10_8,dev_10,offload,274.02430000000004,274.02430000000004,274.0353,274.0373,10.999999999967258,2.0,10.997392871153526,23.997392871130334,0.005498696435576763,22.700000000000003,miss,
task_140_8,dev_140,offload,274.2013,274.2013,274.2112,274.2131,9.900000000016007,1.9,9.89476932515979,21.694769325153608,0.0049473846625798954,22.9,hit,
task_62_13,dev_62,offload,274.7797,274.7797,274.79220000000004,274.79470000000003,12.500000000045475,2.5,12.548202103067844,27.548202103111045,0.006274101051533922,28.0,hit,
task_98_6,dev_98,offload,274.8032,274.8032,274.8167,274.8192,13.500000000021828,2.5,13.482523658359694,29.48252365837925,0.006741261829179847,21.5,miss,
task_186_8,dev_186,offload,274.9266,274.9266,274.9377,274.9398,11.099999999999,2.1,11.083666709904534,24.28366670988798,0.005541833354952267,24.200000000000003,miss,
task_96_6,dev_96,offload,274.979,274.979,274.9937,274.9964,14.70000000000482,2.7,14.692264706442806,32.09226470645199,0.0073461323532214035,28.200000000000003,miss,
task_144_7,dev_144,offload,275.0045,275.0045,275.01550000000003,275.01750000000004,11.000000000024102,2.0,11.017264756619797,24.017264756653447,0.0055086323783098985,20.3,miss,
task_136_4,dev_136,offload,275.13730000000004,275.13730000000004,275.15020000000004,275.1526,12.90000000000191,2.4000000000000004,12.901176017710723,28.20117601767862,0.006450588008855362,24.900000000000002,miss,
task_53_2,dev_53,offload,275.7898,275.7898,275.8036,275.8061,13.800000000003365,2.5,13.833386298919468,30.13338629892056,0.006916693149459734,20.6,miss,
task_12_8,dev_12,offload,276.3149,276.3149,276.3258,276.3278,10.89999999999236,2.0,10.895454153902865,23.795454153904775,0.0054477270769514325,24.3,hit,
task_52_6,dev_52,offload,276.5942,276.5942,276.60720000000003,276.6096,13.000000000033651,2.4000000000000004,13.01770634261928,28.417706342618914,0.006508853171309639,22.8,miss,
task_119_6,dev_119,offload,276.69010000000003,276.69010000000003,276.70390000000003,276.70640000000003,13.800000000003365,2.5,13.769645360377604,30.069645360378694,0.006884822680188802,26.8,miss,
task_76_6,dev_76,offload,277.16290000000004,277.16290000000004,277.1745,277.1766,11.599999999987176,2.1,11.610839862967435,25.31083986293906,0.0058054199314837174,25.0,miss,
task_116_7,dev_116,drop,277.17040000000003,277.17040000000003,,,,0.0,,,0.0,29.500000000000004,drop,
task_156_11,dev_156,offload,277.17420000000004,277.17420000000004,277.1855,277.18760000000003,11.299999999948795,2.1,11.299308241447966,24.699308241438054,0.0056496541207239825,26.500000000000004,hit,
task_149_4,dev_149,offload,277.4092,277.4092,277.4193,277.4211,10.100000000022646,1.8000000000000003,10.056105442053019,21.956105442078574,0.005028052721026509,21.400000000000002,miss,
task_28_4,dev_28,offload,277.8512,277.8512,277.863,277.8652,11.799999999993815,2.2,11.842093056027363,25.842093056037367,0.0059210465280136815,24.0,miss,
task_52_7,dev_52,offload,278.0048,278.0048,278.0167,278.01890000000003,11.900000000025557,2.2,11.8540791547767,25.954079154818444,0.00592703957738835,23.0,miss,
task_64_10,dev_64,offload,278.3405,278.3405,278.35380000000004,278.3562,13.300000000015189,2.4000000000000004,13.337521692703493,29.037521692684667,0.006668760846351747,24.7,miss,
task_20_6,dev_20,offload,278.4182,278.4182,278.42900000000003,278.43100000000004,10.800000000017462,2.0,10.780082111378244,23.580082111405254,0.005390041055689122,20.3,miss,
task_99_6,dev_99,offload,278.822,278.822,278.83230000000003,278.8342,10.300000000029286,1.9,10.317669273930882,22.517669273937976,0.005158834636965441,23.400000000000002,hit,
task_191_12,dev_191,offload,279.0994,279.0994,279.11220000000003,279.1145,12.800000000027012,2.3,12.803447522325875,27.903447522343974,0.006401723761162938,21.1,miss,
task_199_7,dev_199,offload,279.3521,279.3521,279.36580000000004,279.36830000000003,13.700000000028467,2.5,13.685602261613232,29.885602261639427,0.006842801130806616,20.1,miss,
task_143_12,dev_143,offload,279.7993,279.7993,279.81,279.812,10.699999999985721,2.0,10.747602745492319,23.44760274548759,0.0053738013727461596,27.3,hit,
task_131_8,dev_131,offload,280.2985,280.2985,280.3087,280.3106,10.199999999997544,1.9,10.22807670373032,22.328076703762516,0.00511403835186516,26.500000000000004,hit,
task_74_10,dev_74,offload,280.3564,280.3564,280.3709,280.37350000000004,14.499999999998181,2.6000000000000005,14.534899876561425,31.634899876589074,0.007267449938280713,23.5,miss,
task_18_4,dev_18,local,280.66470000000004,280.66470000000004,,,0.0,0.0,0.0,,0.0,24.400000000000002,drop,
task_166_6,dev_166,offload,280.77180000000004,280.77180000000004,280.7823,280.78430000000003,10.499999999979082,2.0,10.473437477724,22.97343747771263,0.005236718738862,29.400000000000002,hit,
task_124_8,dev_124,offload,280.9524,280.9524,280.9653,280.9676,12.90000000000191,2.3,12.898678211538913,28.09867821153191,0.006449339105769457,22.9,miss,
task_151_7,dev_151,offload,281.0095,281.0095,281.024,281.02660000000003,14.499999999998181,2.6000000000000005,14.46285094319517,31.56285094322282,0.007231425471597584,22.2,miss,
task_79_9,dev_79,offload,281.0919,281.0919,281.10540000000003,281.10790000000003,13.500000000021828,2.5,13.515350039054875,29.515350039074427,0.006757675019527437,27.200000000000003,miss,
task_176_13,dev_176,offload,281.29830000000004,281.29830000000004,281.31080000000003,281.3131,12.499999999988631,2.3,12.494288859077578,27.294288859057296,0.006247144429538789,25.6,miss,
task_131_9,dev_131,offload,281.55600000000004,281.55600000000004,281.56800000000004,281.5702,12.000000000000455,2.2,12.040177230431642,26.240177230391442,0.006020088615215821,28.3,hit,
task_168_4,dev_168,offload,282.216,282.216,282.2292,282.2316,13.199999999983447,2.4000000000000004,13.209902748009075,28.80990274801535,0.006604951374004537,21.3,miss,
task_150_10,dev_150,offload,282.2222,282.2222,282.2354,282.2378,13.20000000004029,2.4000000000000004,13.244759938611933,28.84475993861821,0.0066223799693059665,25.2,miss,
task_46_7,dev_46,offload,282.3931,282.3931,282.4051,282.4073,12.000000000000455,2.2,11.960157971821243,26.160157971837886,0.005980078985910621,23.400000000000002,miss,
task_2_4,dev_2,offload,282.5403,282.5403,282.5518,282.5541,11.500000000012278,2.3,11.511792691136575,25.311792691139942,0.0057558963455682875,28.800000000000004,hit,
task_142_5,dev_142,offload,282.555,282.555,282.5674,282.5699,12.400000000013733,2.5,12.39681259640417,27.296812596415627,0.006198406298202085,27.400000000000002,hit,
task_104_8,dev_104,offload,282.6195,282.6195,282.6298,282.6316,10.299999999972442,1.8000000000000003,10.321231721818702,22.421231721794054,0.005160615860909351,25.900000000000002,hit,
task_192_6,dev_192,offload,282.6455,282.6455,282.6573,282.65950000000004,11.799999999993815,2.2,11.839770386331107,25.83977038634111,0.005919885193165554,23.200000000000003,miss,
task_163_6,dev_163,offload,282.7584,282.7584,282.7703,282.77250000000004,11.900000000025557,2.2,11.87722592656003,25.977225926601776,0.005938612963280015,28.5,hit,
task_122_6,dev_122,offload,282.9357,282.9357,282.9475,282.9499,11.799999999993815,2.4000000000000004,11.834180914302582,26.034180914319226,0.005917090457151291,21.6,miss,
task_87_4,dev_87,offload,282.9853,282.9853,282.99760000000003,282.9998,12.300000000038835,2.2,12.304974729335996,26.804974729334177,0.006152487364667998,28.5,hit,
task_41_6,dev_41,offload,283.27750000000003,283.27750000000003,283.291,283.2935,13.499999999964984,2.5,13.535406825015208,29.53540682497792,0.006767703412507604,24.200000000000003,miss,
task_30_11,dev_30,offload,283.4714,283.4714,283.4843,283.48670000000004,12.90000000000191,2.4000000000000004,12.901696847497549,28.201696847522285,0.006450848423748774,28.7,hit,
task_25_4,dev_25,offload,283.6821,283.6821,283.6948,283.69710000000003,12.69999999999527,2.3,12.671606843760413,27.671606843803616,0.006335803421880206,25.500000000000004,miss,
task_68_10,dev_68,offload,283.76210000000003,283.76210000000003,283.7756,283.7781,13.499999999964984,2.5,13.510312983569854,29.510312983532565,0.006755156491784927,23.3,miss,
task_66_9,dev_66,offload,283.976,283.976,283.9855,283.9873,9.500000000002728,1.8000000000000003,9.538486153895901,20.838486153901542,0.004769243076947951,27.8,hit,
task_182_5,dev_182,offload,284.062,284.062,284.0734,284.07570000000004,11.399999999980537,2.3,11.384324204371312,25.084324204399778,0.005692162102185656,24.3,miss,
task_198_6,dev_198,offload,284.5829,284.5829,284.5956,284.59790000000004,12.69999999999527,2.3,12.675581352103247,27.675581352146448,0.006337790676051624,20.800000000000004,miss,
task_178_6,dev_178,offload,284.7312,284.7312,284.7427,284.7448,11.500000000012278,2.1,11.51954220871734,25.119542208714066,0.00575977110435867,26.4,hit,
task_60_6,dev_60,offload,285.38800000000003,285.38800000000003,285.4028,285.4056,14.799999999979718,2.8,14.81462916449927,32.41462916445825,0.007407314582249635,29.400000000000002,miss,
task_132_8,dev_132,offload,285.53430000000003,285.53430000000003,285.5468,285.5491,12.499999999988631,2.3,12.516938556131485,27.316938556111204,0.006258469278065742,24.5,miss,
task_145_5,dev_145,offload,285.5781,285.5781,285.5907,285.593,12.600000000020373,2.3,12.631214735860503,27.531214735871963,0.006315607367930251,27.3,miss,
task_53_3,dev_53,offload,285.6981,285.6981,285.7122,285.7148,14.099999999984902,2.6000000000000005,14.054484377140902,30.754484377155272,0.007027242188570451,23.5,miss,
task_68_11,dev_68,offload,285.9939,285.9939,286.00780000000003,286.01030000000003,13.900000000035106,2.5,13.905608811728783,30.305608811761616,0.0069528044058643915,27.900000000000002,miss,
task_118_7,dev_118,offload,286.1218,286.1218,286.1317,286.1335,9.900000000016007,1.8000000000000003,9.917054178047062,21.617054178065978,0.004958527089023531,24.800000000000004,hit,
task_41_7,dev_41,offload,286.4791,286.4791,286.49170000000004,286.494,12.600000000020373,2.3,12.614645582135296,27.514645582146755,0.006307322791067648,26.3,miss,
task_151_8,dev_151,offload,286.5107,286.5107,286.5228,286.52500000000003,12.100000000032196,2.2,12.122436311518763,26.422436311567147,0.006061218155759381,26.200000000000003,miss,
task_134_7,dev_134,offload,286.63300000000004,286.63300000000004,286.6449,286.647,11.899999999968713,2.1,11.870742218969706,25.870742218922867,0.0059353711094848535,28.6,hit,
task_99_7,dev_99,offload,286.75600000000003,286.75600000000003,286.76660000000004,286.7685,10.600000000010823,1.9,10.622056370994857,23.122056370983486,0.005311028185497429,28.3,hit,
task_86_7,dev_86,offload,287.725,287.725,287.738,287.7404,12.999999999976808,2.4000000000000004,13.018244905439584,28.41824490543922,0.006509122452719792,27.1,miss,
task_101_5,dev_101,offload,287.75260000000003,287.75260000000003,287.7647,287.767,12.099999999975353,2.3,12.055128693133502,26.455128693099944,0.006027564346566751,23.8,miss,
task_197_8,dev_197,offload,287.94730000000004,287.94730000000004,287.96000000000004,287.9623,12.69999999999527,2.3,12.746314969081373,27.746314969067733,0.006373157484540687,24.200000000000003,miss,
task_55_4,dev_55,offload,288.0356,288.0356,288.0494,288.0519,13.800000000003365,2.5,13.837732592899252,30.137732592900342,0.006918866296449626,20.7,miss,
task_116_8,dev_116,offload,288.7742,288.7742,288.7865,288.7887,12.299999999981992,2.2,12.263331324350304,26.763331324348485,0.006131665662175152,28.800000000000004,hit,
task_49_3,dev_49,local,288.8011,288.8011,,,0.0,0.0,0.0,,0.0,25.2,drop,
task_87_5,dev_87,offload,288.90270000000004,288.90270000000004,288.914,288.91610000000003,11.299999999948795,2.1,11.306659484160674,24.706659484150762,0.005653329742080337,21.9,miss,
task_82_10,dev_82,offload,289.1087,289.1087,289.1241,289.1272,15.399999999999636,3.1000000000000005,15.375842474566968,33.875842474584246,0.007687921237283484,29.900000000000002,miss,
task_172_6,dev_172,offload,289.25690000000003,289.25690000000003,289.2693,289.27160000000003,12.39999999995689,2.3,12.445261996876138,27.145261996880958,0.006222630998438069,22.700000000000003,miss,
task_163_7,dev_163,offload,289.33160000000004,289.33160000000004,289.3414,289.3432,9.799999999984266,1.8000000000000003,9.785062609924362,21.385062609911536,0.004892531304962181,20.900000000000002,miss,
task_28_5,dev_28,offload,289.3378,289.3378,289.35220000000004,289.3548,14.400000000023283,2.6000000000000005,14.357236916849525,31.35723691684543,0.007178618458424762,25.0,miss,
task_161_6,dev_161,offload,289.45550000000003,289.45550000000003,289.46860000000004,289.471,13.10000000000855,2.4000000000000004,13.101506175975477,28.60150617595001,0.006550753087987738,22.9,miss,
task_32_6,dev_32,offload,289.71090000000004,289.71090000000004,289.7216,289.7235,10.699999999985721,1.9,10.661123132790102,23.26112313275363,0.005330561566395051,21.5,miss,
task_155_8,dev_155,offload,289.7404,289.7404,289.7536,289.7559,13.199999999983447,2.3,13.181786495776588,28.681786495751123,0.0065908932478882945,22.4,miss,
task_183_4,dev_183,offload,289.788,289.788,289.7998,289.802,11.799999999993815,2.2,11.838173954833099,25.838173954843104,0.005919086977416549,22.3,miss,
task_71_7,dev_71,offload,290.1265,290.1265,290.1401,290.1426,13.599999999996726,2.5,13.566548266665892,29.666548266660342,0.006783274133332946,23.700000000000003,miss,
task_109_3,dev_109,offload,290.3227,290.3227,290.3358,290.33820000000003,13.10000000000855,2.4000000000000004,13.142979106867871,28.642979106899247,0.006571489553433936,29.6,hit,
task_171_6,dev_171,offload,290.38730000000004,290.38730000000004,290.39570000000003,290.3972,8.399999999994634,1.5,8.356390156394792,18.256390156353955,0.004178195078197396,24.200000000000003,hit,
task_15_8,dev_15,offload,290.47700000000003,290.47700000000003,290.4897,290.492,12.69999999999527,2.3,12.739047731726007,27.739047731712365,0.006369523865863004,26.500000000000004,miss,
task_43_8,dev_43,offload,290.4894,290.4894,290.5032,290.5058,13.800000000003365,2.6000000000000005,13.764403727399992,30.164403727432827,0.006882201863699996,23.200000000000003,miss,
task_110_5,dev_110,offload,290.6128,290.6128,290.6267,290.6292,13.900000000035106,2.5,13.93792015405624,30.337920154089073,0.00696896007702812,26.8,miss,
task_63_12,dev_63,offload,290.67060000000004,290.67060000000004,290.6823,290.68440000000004,11.699999999962074,2.1,11.726598108496912,25.526598108500277,0.005863299054248456,27.0,hit,
task_23_7,dev_23,offload,290.7912,290.7912,290.8019,290.8039,10.699999999985721,2.0,10.699100904748251,23.39910090474352,0.005349550452374126,25.3,hit,
task_99_8,dev_99,offload,290.86830000000003,290.86830000000003,290.88030000000003,290.8825,12.000000000000455,2.2,12.007899447923522,26.20789944788332,0.006003949723961761,21.0,miss,
task_32_7,dev_32,offload,290.9941,290.9941,291.0049,291.00690000000003,10.800000000017462,2.0,10.786981054601883,23.586981054628893,0.0053934905273009415,29.500000000000004,hit,
task_149_5,dev_149,offload,291.1698,291.1698,291.183,291.1854,13.199999999983447,2.4000000000000004,13.229988676579275,28.82998867658555,0.0066149943382896375,27.5,miss,
task_7_10,dev_7,offload,291.4272,291.4272,291.4399,291.4424,12.69999999999527,2.5,12.696328342081186,27.896328342074185,0.006348164171040593,27.5,miss,
task_190_9,dev_190,offload,291.5238,291.5238,291.5381,291.5407,14.299999999991542,2.6000000000000005,14.303250741771834,31.203250741792843,0.007151625370885917,20.900000000000002,miss,
task_149_6,dev_149,local,291.5368,291.5368,,,0.0,0.0,0.0,,0.0,27.3,drop,
task_79_10,dev_79,offload,291.69280000000003,291.69280000000003,291.7061,291.7085,13.299999999958345,2.4000000000000004,13.29174562671639,28.991745626697565,0.006645872813358195,21.5,miss,
task_32_8,dev_32,offload,291.75890000000004,291.75890000000004,291.7712,291.77340000000004,12.299999999981992,2.2,12.312706213597968,26.81270621359615,0.006156353106798984,26.9,hit,
task_85_9,dev_85,offload,292.09180000000003,292.09180000000003,292.1028,292.1048,10.999999999967258,2.0,10.97457331506491,23.974573315041717,0.005487286657532456,26.500000000000004,hit,
task_121_5,dev_121,offload,292.1814,292.1814,292.19530000000003,292.19780000000003,13.900000000035106,2.5,13.915141879380327,30.31514187941316,0.006957570939690163,25.900000000000002,miss,
task_175_5,dev_175,offload,293.0271,293.0271,293.03970000000004,293.0419,12.600000000020373,2.2,12.564308959810765,27.364308959790485,0.006282154479905383,25.0,miss,
task_77_5,dev_77,offload,293.25530000000003,293.25530000000003,293.2671,293.2693,11.799999999993815,2.2,11.820648522645904,25.820648522599065,0.005910324261322952,29.6,hit,
task_47_10,dev_47,offload,293.26370000000003,293.26370000000003,293.2736,293.2754,9.899999999959164,1.8000000000000003,9.935560261448863,21.635560261410937,0.004967780130724432,23.1,hit,
task_74_11,dev_74,offload,293.303,293.303,293.3132,293.315,10.199999999997544,1.8000000000000003,10.182857752575941,22.182857752576396,0.00509142887628797,26.1,hit,
task_4_5,dev_4,offload,293.3252,293.3252,293.3404,293.3431,15.199999999992997,2.7,15.192102852380225,33.092102852377586,0.007596051426190112,23.0,miss,
task_86_8,dev_86,offload,293.53770000000003,293.53770000000003,293.5491,293.5512,11.399999999980537,2.1,11.36729765242817,24.867297652393155,0.005683648826214085,30.000000000000004,hit,
task_146_4,dev_146,offload,293.54630000000003,293.54630000000003,293.5595,293.562,13.199999999983447,2.5,13.215977061891211,28.915977061872383,0.006607988530945606,27.3,miss,
task_198_7,dev_198,offload,293.6751,293.6751,293.6886,293.6911,13.500000000021828,2.5,13.512801562283851,29.512801562303405,0.0067564007811419255,26.8,miss,
task_48_3,dev_48,offload,293.7319,293.7319,293.7431,293.74510000000004,11.200000000030741,2.0,11.215615403013896,24.415615403054186,0.005607807701506948,27.6,hit,
task_42_4,dev_42,offload,293.89410000000004,293.89410000000004,293.9051,293.9073,10.999999999967258,2.2,11.0149902642449,24.214990264228348,0.00550749513212245,28.200000000000003,hit,
task_116_9,dev_116,offload,293.9912,293.9912,294.0043,294.0067,13.10000000000855,2.4000000000000004,13.063129689698217,28.563129689729593,0.006531564844849108,25.8,miss,
task_109_4,dev_109,offload,294.027,294.027,294.0396,294.0419,12.600000000020373,2.3,12.582408680290273,27.48240868030173,0.006291204340145137,24.1,miss,
task_140_9,dev_140,offload,294.0289,294.0289,294.0432,294.0459,14.299999999991542,2.7,14.300855407296849,31.300855407292758,0.007150427703648424,26.8,miss,
task_44_9,dev_44,offload,294.1923,294.1923,294.2036,294.2056,11.300000000005639,2.0,11.324508338211153,24.62450833822634,0.005662254169105576,24.900000000000002,hit,
task_153_9,dev_153,offload,294.36670000000004,294.36670000000004,294.3765,294.3783,9.799999999984266,1.8000000000000003,9.771415530181288,21.371415530168463,0.004885707765090644,29.6,hit,
task_17_5,dev_17,offload,294.5244,294.5244,294.53610000000003,294.5382,11.700000000018917,2.1,11.67996114849435,25.479961148497715,0.005839980574247175,27.5,hit,
task_115_7,dev_115,offload,295.0863,295.0863,295.0975,295.09950000000003,11.200000000030741,2.0,11.228445641950708,24.428445641990997,0.005614222820975354,24.7,hit,
task_58_9,dev_58,offload,295.1145,295.1145,295.1274,295.1297,12.90000000000191,2.3,12.87482596074747,28.07482596074047,0.006437412980373735,23.700000000000003,miss,
task_41_8,dev_41,offload,295.1829,295.1829,295.1966,295.1991,13.699999999971624,2.5,13.681559948749538,29.881559948718888,0.006840779974374769,21.1,miss,
task_172_7,dev_172,offload,295.1859,295.1859,295.19780000000003,295.2,11.900000000025557,2.2,11.919066365371332,26.019066365356235,0.0059595331826856664,28.6,hit,
task_134_8,dev_134,offload,295.32980000000003,295.32980000000003,295.3438,295.34630000000004,13.999999999953161,2.5,13.963302672898333,30.463302672906064,0.0069816513364491664,27.900000000000002,miss,
task_103_10,dev_103,offload,295.5706,295.5706,295.58160000000004,295.5836,11.000000000024102,2.0,11.049636211675672,24.04963621165248,0.005524818105837836,25.900000000000002,hit,
task_136_5,dev_136,offload,295.6334,295.6334,295.6477,295.6503,14.299999999991542,2.6000000000000005,14.260705590917697,31.160705590938704,0.0071303527954588485,20.400000000000002,miss,
task_100_4,dev_100,offload,295.9374,295.9374,295.949,295.95120000000003,11.599999999987176,2.2,11.600373308755485,25.40037330875885,0.005800186654377743,24.900000000000002,miss,
task_127_9,dev_127,offload,296.3166,296.3166,296.3304,296.3329,13.800000000003365,2.5,13.787488488325474,30.087488488326564,0.006893744244162737,28.900000000000002,miss,
task_37_6,dev_37,offload,296.3217,296.3217,296.33160000000004,296.33340000000004,9.900000000016007,1.8000000000000003,9.934131103089642,21.634131103108558,0.004967065551544822,23.0,hit,
task_156_12,dev_156,local,296.5577,296.5577,,,0.0,0.0,0.0,,0.0,27.400000000000002,drop,
task_180_5,dev_180,offload,296.723,296.723,296.7344,296.7366,11.399999999980537,2.2,11.444080504941272,25.044080504937998,0.005722040252470636,22.500000000000004,miss,
task_19_8,dev_19,offload,296.7434,296.7434,296.7557,296.7579,12.299999999981992,2.2,12.25366665444612,26.753666654444302,0.006126833327223059,26.1,miss,
task_176_14,dev_176,offload,296.8709,296.8709,296.8816,296.8836,10.699999999985721,2.0,10.749943928819883,23.449943928815152,0.005374971964409942,22.000000000000004,miss,
task_174_11,dev_174,offload,296.93760000000003,296.93760000000003,296.95120000000003,296.9536,13.599999999996726,2.4000000000000004,13.570279993866471,29.570279993829182,0.0067851399969332355,29.7,hit,
task_70_10,dev_70,offload,297.00100000000003,297.00100000000003,297.0151,297.0177,14.099999999984902,2.6000000000000005,14.103605311125031,30.803605311082556,0.007051802655562516,25.400000000000002,miss,
task_2_5,dev_2,offload,297.23900000000003,297.23900000000003,297.253,297.2558,13.999999999953161,2.8,13.973613593152933,30.7736135931422,0.006986806796576467,29.500000000000004,miss,
task_66_10,dev_66,offload,297.5428,297.5428,297.55350000000004,297.5555,10.700000000042564,2.0,10.664740833009844,23.364740833005115,0.005332370416504922,23.900000000000002,hit,
task_69_6,dev_69,offload,297.69460000000004,297.69460000000004,297.70590000000004,297.708,11.300000000005639,2.1,11.343318390201988,24.743318390192073,0.005671659195100994,25.500000000000004,hit,
task_119_7,dev_119,offload,297.69550000000004,297.69550000000004,297.7081,297.7104,12.59999999996353,2.3,12.591469179539635,27.491469179494253,0.006295734589769817,21.5,miss,
task_94_8,dev_94,offload,297.7327,297.7327,297.7448,297.74690000000004,12.099999999975353,2.1,12.08520752207551,26.285207522092154,0.006042603761037755,24.7,miss,
task_124_9,dev_124,offload,297.80690000000004,297.80690000000004,297.81960000000004,297.8219,12.69999999999527,2.3,12.71442927700136,27.714429276987715,0.00635721463850068,22.3,miss,
task_171_7,dev_171,offload,297.8954,297.8954,297.9081,297.91040000000004,12.69999999999527,2.3,12.662110321246233,27.662110321289433,0.006331055160623117,23.3,miss,
task_185_6,dev_185,offload,297.956,297.956,297.9679,297.9701,11.899999999968713,2.2,11.857073840839838,25.95707384082474,0.005928536920419919,22.4,miss,
task_173_8,dev_173,offload,298.0928,298.0928,298.10630000000003,298.10880000000003,13.500000000021828,2.5,13.453333143314682,29.453333143334234,0.0067266665716573405,21.5,miss,
task_117_3,dev_117,offload,298.1804,298.1804,298.1917,298.1938,11.300000000005639,2.1,11.278888213214525,24.678888213204612,0.0056394441066072625,23.599999999999998,miss,
task_118_8,dev_118,offload,298.2028,298.2028,298.2144,298.2165,11.599999999987176,2.1,11.620146804911007,25.320146804882633,0.005810073402455504,28.0,hit,
task_151_9,dev_151,offload,298.28380000000004,298.28380000000004,298.2942,298.2961,10.39999999994734,1.9,10.390513304210051,22.690513304192045,0.005195256652105026,24.0,hit,
task_126_6,dev_126,offload,299.2471,299.2471,299.25960000000003,299.262,12.500000000045475,2.4000000000000004,12.512847458348453,27.412847458359913,0.006256423729174227,29.400000000000002,hit,
task_183_5,dev_183,offload,299.2559,299.2559,299.2661,299.2681,10.199999999997544,2.0,10.197343919867604,22.3973439198747,0.0050986719599338025,21.400000000000002,miss,
task_30_12,dev_30,offload,299.33770000000004,299.33770000000004,299.3493,299.3514,11.599999999987176,2.1,11.552866970559801,25.252866970531425,0.0057764334852799006,27.6,hit,
task_17_6,dev_17,offload,299.41880000000003,299.41880000000003,299.4322,299.4346,13.399999999990087,2.4000000000000004,13.377752555374471,29.177752555330542,0.006688876277687236,29.7,hit,
task_152_4,dev_152,offload,299.49150000000003,299.49150000000003,299.5047,299.5072,13.199999999983447,2.5,13.246453813215394,28.94645381319657,0.006623226906607697,23.1,miss,
task_146_5,dev_146,offload,299.5264,299.5264,299.5365,299.5384,10.099999999965803,1.9,10.055281859048298,22.055281859048755,0.005027640929524149,22.8,hit,
task_86_9,dev_86,offload,299.81100000000004,299.81100000000004,299.826,299.8288,14.999999999986358,2.8,15.03155896516964,32.83155896513526,0.00751577948258482,23.200000000000003,miss,
task_45_7,dev_45,offload,300.2235,300.2235,300.2348,300.2369,11.300000000005639,2.1,11.320025332697554,24.72002533268764,0.005660012666348777,26.3,hit,
task_75_8,dev_75,offload,300.5856,300.5856,300.601,300.6037,15.399999999999636,2.7,15.43036636970849,33.530366369712496,0.007715183184854245,29.1,miss,
task_148_7,dev_148,offload,300.5932,300.5932,300.60630000000003,300.6087,13.10000000000855,2.4000000000000004,13.147803270038764,28.6478032700133,0.006573901635019383,27.0,miss,
task_0_6,dev_0,offload,300.6924,300.6924,300.7043,300.7065,11.899999999968713,2.2,11.946235052301098,26.046235052286,0.005973117526150549,21.0,miss,
task_99_9,dev_99,offload,300.77680000000004,300.77680000000004,300.7892,300.79150000000004,12.39999999995689,2.3,12.435070000903066,27.135070000907888,0.006217535000451533,20.200000000000003,miss,
task_7_11,dev_7,offload,301.6043,301.6043,301.617,301.6193,12.69999999999527,2.3,12.723949725671353,27.72394972565771,0.0063619748628356764,22.4,miss,
task_57_1,dev_57,offload,302.23330000000004,302.23330000000004,302.2466,302.2491,13.299999999958345,2.5,13.275325979697177,29.07532597965325,0.006637662989848588,26.3,miss,
task_58_10,dev_58,offload,302.9348,302.9348,302.9477,302.95,12.90000000000191,2.3,12.871325172751078,28.071325172744075,0.006435662586375539,28.7,hit,
task_69_7,dev_69,offload,302.9553,302.9553,302.9698,302.9724,14.499999999998181,2.6000000000000005,14.515444876180785,31.615444876151592,0.007257722438090392,25.400000000000002,miss,
task_117_4,dev_117,offload,303.3872,303.3872,303.4017,303.40430000000003,14.499999999998181,2.6000000000000005,14.48316012183564,31.583160121863287,0.00724158006091782,23.900000000000002,miss,
task_137_2,dev_137,offload,303.4619,303.4619,303.4769,303.4796,14.999999999986358,2.7,14.969807427878042,32.66980742786876,0.007484903713939021,27.400000000000002,miss,
task_154_6,dev_154,offload,303.6445,303.6445,303.6566,303.6587,12.100000000032196,2.1,12.076553926362093,26.27655392637874,0.006038276963181047,23.0,miss,
task_137_3,dev_137,offload,303.8047,303.8047,303.8173,303.81960000000004,12.59999999996353,2.3,12.602430963462442,27.502430963473902,0.0063012154817312215,23.0,miss,
task_145_6,dev_145,offload,304.3559,304.3559,304.36830000000003,304.3706,12.400000000013733,2.3,12.36055095371241,27.060550953717232,0.006180275476856205,21.8,miss,
task_103_11,dev_103,offload,304.434,304.434,304.4461,304.4483,12.099999999975353,2.2,12.073466088581904,26.373466088573444,0.006036733044290952,27.8,hit,
task_89_10,dev_89,offload,304.6732,304.6732,304.68240000000003,304.6841,9.200000000021191,1.7000000000000002,9.204054139147551,20.10405413913991,0.004602027069573775,23.8,hit,
task_136_6,dev_136,offload,304.7094,304.7094,304.72110000000004,304.7232,11.700000000018917,2.1,11.742978297507822,25.542978297511187,0.005871489148753911,28.6,hit,
task_143_13,dev_143,offload,304.7181,304.7181,304.7294,304.73150000000004,11.300000000005639,2.1,11.322833722682716,24.722833722729646,0.005661416861341358,26.1,hit,
task_196_6,dev_196,offload,305.0706,305.0706,305.084,305.0864,13.399999999990087,2.4000000000000004,13.363953257898336,29.163953257911253,0.006681976628949168,29.7,hit,
task_170_6,dev_170,offload,305.47130000000004,305.47130000000004,305.483,305.4851,11.699999999962074,2.1,11.68473046051159,25.48473046045811,0.005842365230255795,29.500000000000004,hit,
task_26_3,dev_26,offload,305.4975,305.4975,305.5101,305.5125,12.600000000020373,2.4000000000000004,12.585591579255755,27.585591579242113,0.006292795789627877,27.8,hit,
task_114_6,dev_114,offload,305.9065,305.9065,305.9186,305.9207,12.100000000032196,2.1,12.070458624848106,26.27045862486475,0.006035229312424053,20.7,miss,
task_83_8,dev_83,offload,305.9327,305.9327,305.94460000000004,305.9468,11.900000000025557,2.2,11.918272707106219,26.01827270709112,0.00595913635355311,25.8,miss,
task_45_8,dev_45,offload,306.2208,306.2208,306.2352,306.2378,14.400000000023283,2.6000000000000005,14.408428995176758,31.408428995172663,0.007204214497588379,22.1,miss,
task_47_11,dev_47,offload,306.23580000000004,306.23580000000004,306.2508,306.25350000000003,14.999999999986358,2.7,15.027032400547219,32.727032400537944,0.007513516200273609,20.800000000000004,miss,
task_105_6,dev_105,offload,306.2921,306.2921,306.30240000000003,306.3043,10.300000000029286,1.9,10.25194341954613,22.451943419553224,0.005125971709773065,20.5,miss,
task_51_9,dev_51,offload,306.3811,306.3811,306.3943,306.3967,13.199999999983447,2.4000000000000004,13.188058214306814,28.78805821431309,0.006594029107153407,20.400000000000002,miss,
task_155_9,dev_155,offload,306.49100000000004,306.49100000000004,306.5063,306.509,15.299999999967895,2.7,15.329968156383273,33.329968156355534,0.007664984078191637,24.3,miss,
task_107_2,dev_107,offload,306.6769,306.6769,306.6907,306.6932,13.800000000003365,2.5,13.77327162930162,30.07327162930271,0.00688663581465081,26.700000000000003,miss,
task_139_6,dev_139,offload,306.7513,306.7513,306.7644,306.7668,13.10000000000855,2.4000000000000004,13.10730184434504,28.607301844319572,0.00655365092217252,29.0,hit,
task_55_5,dev_55,offload,306.86510000000004,306.86510000000004,306.8779,306.8802,12.799999999970169,2.3,12.789315541239771,27.88931554120103,0.006394657770619885,29.0,hit,
task_182_6,dev_182,offload,307.10880000000003,307.10880000000003,307.1232,307.1261,14.39999999996644,2.9000000000000004,14.427457441069972,31.727457441047417,0.007213728720534986,23.700000000000003,miss,
task_135_8,dev_135,offload,307.53540000000004,307.53540000000004,307.5494,307.5519,13.999999999953161,2.5,14.001201357642675,30.501201357593562,0.007000600678821337,29.8,miss,
task_82_11,dev_82,offload,307.6994,307.6994,307.711,307.7133,11.599999999987176,2.3,11.640907219572705,25.540907219550967,0.005820453609786352,27.3,hit,
task_72_6,dev_72,offload,307.74920000000003,307.74920000000003,307.7622,307.76460000000003,12.999999999976808,2.4000000000000004,12.955609065147867,28.355609065147505,0.006477804532573933,21.8,miss,
task_94_9,dev_94,offload,307.8662,307.8662,307.87710000000004,307.879,10.900000000049204,1.9,10.911938550911847,23.71193855093886,0.0054559692754559234,28.6,hit,
task_83_9,dev_83,offload,308.2346,308.2346,308.24940000000004,308.25210000000004,14.800000000036562,2.7,14.785661880770194,32.28566188081112,0.007392830940385097,27.700000000000003,miss,
task_38_2,dev_38,offload,308.3075,308.3075,308.3242,308.32730000000004,16.70000000001437,3.1000000000000005,16.716988297653494,36.51698829768551,0.008358494148826747,24.800000000000004,miss,
task_79_11,dev_79,offload,308.4295,308.4295,308.44120000000004,308.4433,11.700000000018917,2.1,11.677027969935798,25.477027969939165,0.005838513984967899,30.000000000000004,hit,
task_103_12,dev_103,offload,308.5625,308.5625,308.574,308.5761,11.500000000012278,2.1,11.509737497738811,25.109737497735537,0.0057548687488694055,27.400000000000002,hit,
task_93_9,dev_93,local,308.6417,308.6417,,,0.0,0.0,0.0,,0.0,20.5,drop,
task_147_7,dev_147,offload,308.647,308.647,308.6616,308.6643,14.600000000029922,2.7,14.584306620881092,31.884306620915382,0.007292153310440546,22.2,miss,
task_45_9,dev_45,offload,308.6685,308.6685,308.6805,308.6827,12.000000000000455,2.2,11.95129016344897,26.151290163465614,0.005975645081724485,25.400000000000002,miss,
task_44_10,dev_44,offload,309.3012,309.3012,309.31370000000004,309.3159,12.500000000045475,2.2,12.537785814068135,27.237785814072957,0.0062688929070340675,23.599999999999998,miss,
task_75_9,dev_75,offload,309.4947,309.4947,309.5074,309.5097,12.69999999999527,2.3,12.72652552765954,27.726525527645897,0.00636326276382977,22.1,miss,
task_133_5,dev_133,offload,309.76140000000004,309.76140000000004,309.7763,309.779,14.899999999954616,2.7,14.900714208368809,32.50071420832779,0.0074503571041844045,26.200000000000003,miss,
task_119_8,dev_119,offload,309.8371,309.8371,309.8475,309.8494,10.400000000004184,1.9,10.365070274417311,22.665070274399305,0.005182535137208655,23.700000000000003,hit,
task_52_8,dev_52,offload,310.00640000000004,310.00640000000004,310.0183,310.0205,11.899999999968713,2.2,11.908591911738588,26.008591911723492,0.005954295955869294,20.6,miss,
task_151_10,dev_151,offload,310.01460000000003,310.01460000000003,310.02930000000003,310.03200000000004,14.70000000000482,2.7,14.678486060261092,32.07848606027028,0.007339243030130546,24.3,miss,
task_180_6,dev_180,offload,310.2029,310.2029,310.2148,310.21700000000004,11.900000000025557,2.2,11.850757831877038,25.950757831918786,0.005925378915938519,22.000000000000004,miss,
task_143_14,dev_143,offload,310.5958,310.5958,310.60880000000003,310.6112,13.000000000033651,2.4000000000000004,13.01693606245778,28.416936062457417,0.00650846803122889,24.7,miss,
task_56_6,dev_56,local,310.8739,310.8739,,,0.0,0.0,0.0,,0.0,24.800000000000004,drop,
task_194_6,dev_194,offload,310.97990000000004,310.97990000000004,310.9962,310.9991,16.299999999944248,2.9000000000000004,16.341299435924206,35.54129943587946,0.008170649717962103,28.3,miss,
task_106_3,dev_106,offload,311.127,311.127,311.1394,311.1417,12.400000000013733,2.3,12.402936408588422,27.102936408593244,0.006201468204294211,21.1,miss,
task_85_10,dev_85,offload,311.2585,311.2585,311.27180000000004,311.2742,13.300000000015189,2.4000000000000004,13.261630014178682,28.961630014159855,0.00663081500708934,23.200000000000003,miss,
task_192_7,dev_192,offload,311.54290000000003,311.54290000000003,311.55740000000003,311.56,14.499999999998181,2.6000000000000005,14.506578069979708,31.606578069950515,0.007253289034989854,28.6,miss,
task_159_8,dev_159,offload,311.71020000000004,311.71020000000004,311.7231,311.7255,12.899999999945067,2.4000000000000004,12.913592171980648,28.21359217194854,0.006456796085990324,20.1,miss,
task_140_10,dev_140,offload,311.761,311.761,311.77430000000004,311.77680000000004,13.300000000015189,2.5,13.340700190790127,29.14070019080304,0.006670350095395064,22.2,miss,
task_198_8,dev_198,offload,312.4278,312.4278,312.44100000000003,312.4434,13.20000000004029,2.4000000000000004,13.190057586952637,28.790057586958913,0.006595028793476319,24.800000000000004,miss,
task_23_8,dev_23,offload,312.8159,312.8159,312.8277,312.82980000000003,11.799999999993815,2.1,11.765518526883195,25.6655185269183,0.005882759263441597,21.8,miss,
task_199_8,dev_199,offload,313.5488,313.5488,313.56030000000004,313.5624,11.500000000012278,2.1,11.473534809884935,25.07353480988166,0.005736767404942468,24.900000000000002,miss,
task_25_5,dev_25,offload,313.6938,313.6938,313.70730000000003,313.70980000000003,13.500000000021828,2.5,13.51152581050067,29.511525810520226,0.006755762905250335,23.0,miss,
task_57_2,dev_57,offload,314.1634,314.1634,314.1787,314.1815,15.299999999967895,2.8,15.259194035397476,33.35919403540148,0.007629597017698738,20.7,miss,
task_73_8,dev_73,offload,314.29650000000004,314.29650000000004,314.308,314.31010000000003,11.499999999955435,2.1,11.46225546560189,25.062255465598618,0.005731127732800945,27.5,hit,
task_126_7,dev_126,offload,314.3691,314.3691,314.3822,314.3847,13.10000000000855,2.5,13.068085224404367,28.668085224410643,0.006534042612202183,20.6,miss,
task_193_10,dev_193,offload,314.7036,314.7036,314.71520000000004,314.7173,11.60000000004402,2.1,11.62107206336139,25.321072063389856,0.005810536031680695,20.800000000000004,miss,
task_144_8,dev_144,offload,314.8777,314.8777,314.8897,314.8918,12.000000000000455,2.1,11.998811253532041,26.098811253516942,0.00599940562676602,26.500000000000004,hit,
task_138_10,dev_138,offload,314.879,314.879,314.8931,314.89570000000003,14.099999999984902,2.6000000000000005,14.149254898519626,30.849254898533996,0.0070746274492598125,20.7,miss,
task_192_8,dev_192,offload,314.9406,314.9406,314.9549,314.95750000000004,14.299999999991542,2.6000000000000005,14.343890903582652,31.243890903603663,0.0071719454517913265,23.8,miss,
task_42_5,dev_42,offload,314.9413,314.9413,314.9547,314.9574,13.399999999990087,2.7,13.420738086110495,29.52073808610495,0.006710369043055248,25.0,miss,
task_44_11,dev_44,offload,315.17330000000004,315.17330000000004,315.1864,315.18870000000004,13.099999999951706,2.3,13.139805294484024,28.53980529448366,0.006569902647242012,28.200000000000003,miss,
task_148_8,dev_148,offload,315.3715,315.3715,315.3845,315.3869,12.999999999976808,2.4000000000000004,12.955168422693198,28.355168422692834,0.006477584211346599,30.000000000000004,hit,
task_109_5,dev_109,offload,315.4395,315.4395,315.4501,315.452,10.600000000010823,1.9,10.552191628728606,23.05219162871724,0.005276095814364303,27.6,hit,
task_46_8,dev_46,offload,315.7946,315.7946,315.80940000000004,315.8122,14.800000000036562,2.8,14.796786303881031,32.39678630389686,0.007398393151940515,24.900000000000002,miss,
task_15_9,dev_15,offload,315.8337,315.8337,315.84520000000003,315.84720000000004,11.500000000012278,2.0,11.533585374493137,25.033585374514963,0.005766792687246568,29.7,hit,
task_52_9,dev_52,offload,315.911,315.911,315.9245,315.927,13.500000000021828,2.5,13.536362512083937,29.53636251210349,0.006768181256041969,25.3,miss,
task_160_8,dev_160,offload,316.0847,316.0847,316.0978,316.1003,13.10000000000855,2.5,13.056591675991628,28.656591675997902,0.006528295837995814,20.800000000000004,miss,
task_90_8,dev_90,offload,316.0905,316.0905,316.10360000000003,316.106,13.10000000000855,2.4000000000000004,13.064056921667145,28.56405692164168,0.006532028460833572,25.900000000000002,miss,
task_50_9,dev_50,offload,316.46930000000003,316.46930000000003,316.482,316.4843,12.69999999999527,2.3,12.695161525028603,27.69516152501496,0.006347580762514301,20.1,miss,
task_185_7,dev_185,offload,316.5238,316.5238,316.5371,316.53950000000003,13.300000000015189,2.4000000000000004,13.267591230813077,28.96759123085109,0.006633795615406538,26.4,miss,
task_104_9,dev_104,offload,316.7241,316.7241,316.73560000000003,316.73760000000004,11.500000000012278,2.0,11.536521925293439,25.036521925315267,0.005768260962646719,20.1,miss,
task_13_4,dev_13,offload,316.7905,316.7905,316.8032,316.8055,12.69999999999527,2.3,12.657809607319404,27.65780960730576,0.006328904803659702,28.6,hit,
task_69_8,dev_69,offload,317.4913,317.4913,317.504,317.5063,12.69999999999527,2.3,12.685655319912168,27.685655319898526,0.006342827659956084,27.5,miss,
task_107_3,dev_107,offload,317.5443,317.5443,317.55510000000004,317.5571,10.800000000017462,2.0,10.801090395773173,23.60109039574334,0.005400545197886586,20.400000000000002,miss,
task_12_9,dev_12,offload,318.0384,318.0384,318.04830000000004,318.05010000000004,9.900000000016007,1.8000000000000003,9.853808618094648,21.553808618113564,0.004926904309047324,29.1,hit,
task_164_7,dev_164,offload,318.0949,318.0949,318.10740000000004,318.1096,12.500000000045475,2.2,12.528829261436407,27.228829261441227,0.006264414630718204,21.2,miss,
task_104_10,dev_104,offload,318.3594,318.3594,318.36940000000004,318.3713,10.000000000047748,1.9,9.966636813084907,21.866636813110464,0.004983318406542454,20.3,miss,
task_34_5,dev_34,offload,318.83320000000003,318.83320000000003,318.8481,318.8507,14.899999999954616,2.6000000000000005,14.861975188236535,32.36197518822062,0.007430987594118268,21.1,miss,
task_136_7,dev_136,offload,319.3207,319.3207,319.3347,319.3373,14.000000000010004,2.6000000000000005,14.023447051684137,30.62344705172361,0.007011723525842069,29.400000000000002,miss,
task_118_9,dev_118,offload,319.6141,319.6141,319.6243,319.62620000000004,10.199999999997544,1.9,10.199197545663013,22.299197545695208,0.005099598772831507,21.8,miss,
task_164_8,dev_164,offload,319.7108,319.7108,319.7232,319.72540000000004,12.400000000013733,2.2,12.351056454790921,26.951056454820844,0.0061755282273954605,28.6,hit,
task_72_7,dev_72,offload,320.0385,320.0385,320.0486,320.0504,10.100000000022646,1.8000000000000003,10.127484644134569,22.027484644160126,0.005063742322067285,27.200000000000003,hit,
task_39_6,dev_39,offload,320.1302,320.1302,320.1428,320.1451,12.600000000020373,2.3,12.589127519304917,27.489127519316376,0.0062945637596524585,29.1,hit,
task_58_11,dev_58,offload,320.1513,320.1513,320.1655,320.16810000000004,14.200000000016644,2.6000000000000005,14.16430913960154,30.964309139647654,0.00708215456980077,27.5,miss,
task_68_12,dev_68,offload,320.21700000000004,320.21700000000004,320.2298,320.2321,12.799999999970169,2.3,12.777865358276728,27.877865358237983,0.0063889326791383635,23.900000000000002,miss,
task_169_6,dev_169,offload,320.3844,320.3844,320.39750000000004,320.3999,13.10000000000855,2.4000000000000004,13.105590597774244,28.60559059774878,0.006552795298887122,20.900000000000002,miss,
task_95_5,dev_95,offload,320.5256,320.5256,320.5383,320.54060000000004,12.69999999999527,2.3,12.701911575791765,27.701911575834966,0.006350955787895882,25.7,miss,
task_75_10,dev_75,offload,320.9857,320.9857,320.99580000000003,320.99760000000003,10.100000000022646,1.8000000000000003,10.07506584505092,21.97506584507648,0.0050375329225254605,26.200000000000003,hit,
task_12_10,dev_12,offload,321.00190000000003,321.00190000000003,321.0151,321.01750000000004,13.199999999983447,2.4000000000000004,13.23223072616733,28.832230726173606,0.006616115363083665,27.5,miss,
task_142_6,dev_142,offload,321.23380000000003,321.23380000000003,321.2447,321.24690000000004,10.89999999999236,2.2,10.855441610446617,23.955441610455168,0.005427720805223309,20.6,miss,
task_111_6,dev_111,offload,321.6768,321.6768,321.69030000000004,321.69280000000003,13.500000000021828,2.5,13.467775362924012,29.467775362943566,0.006733887681462006,22.1,miss,
task_24_8,dev_24,offload,321.92830000000004,321.92830000000004,321.9408,321.94300000000004,12.499999999988631,2.2,12.547168928901606,27.247168928906426,0.006273584464450803,21.5,miss,
task_192_9,dev_192,offload,322.0145,322.0145,322.0285,322.031,14.000000000010004,2.5,13.959273573286714,30.459273573294446,0.006979636786643357,27.5,miss,
task_51_10,dev_51,local,322.2687,322.2687,,,0.0,0.0,0.0,,0.0,23.599999999999998,drop,
task_28_6,dev_28,offload,322.3294,322.3294,322.3431,322.3457,13.699999999971624,2.6000000000000005,13.710205412714691,30.010205412715784,0.006855102706357346,22.6,miss,
task_114_7,dev_114,offload,322.3816,322.3816,322.39590000000004,322.39840000000004,14.300000000048385,2.5,14.267556674842137,31.067556674888248,0.007133778337421068,24.6,miss,
task_70_11,dev_70,offload,322.5552,322.5552,322.5668,322.56890000000004,11.599999999987176,2.1,11.639281612696097,25.339281612724562,0.005819640806348048,27.8,hit,
task_122_7,dev_122,offload,322.6582,322.6582,322.6716,322.6743,13.399999999990087,2.7,13.443403560127265,29.543403560121718,0.006721701780063633,25.2,miss,
task_185_8,dev_185,offload,322.7002,322.7002,322.7115,322.71360000000004,11.300000000005639,2.1,11.320115308176343,24.72011530822327,0.005660057654088171,23.3,miss,
task_153_10,dev_153,offload,322.7933,322.7933,322.8061,322.8084,12.800000000027012,2.3,12.754234729774344,27.854234729792445,0.006377117364887172,27.3,miss,
task_107_4,dev_107,offload,322.95300000000003,322.95300000000003,322.9656,322.96790000000004,12.59999999996353,2.3,12.567373473737481,27.467373473748943,0.006283686736868741,25.6,miss,
task_117_5,dev_117,offload,323.3546,323.3546,323.3652,323.3671,10.600000000010823,1.9,10.570692055695785,23.070692055684418,0.005285346027847892,29.8,hit,
task_109_6,dev_109,offload,323.6716,323.6716,323.68350000000004,323.6857,11.900000000025557,2.2,11.867331099434818,25.96733109941972,0.005933665549717409,23.8,miss,
task_174_12,dev_174,offload,323.7388,323.7388,323.7518,323.7541,12.999999999976808,2.3,13.005430706572957,28.305430706540854,0.006502715353286478,28.200000000000003,miss,
task_2_6,dev_2,offload,323.8595,323.8595,323.872,323.8745,12.499999999988631,2.5,12.454641380211791,27.454641380198147,0.006227320690105896,20.7,miss,
task_90_9,dev_90,offload,323.9028,323.9028,323.9137,323.9157,10.89999999999236,2.0,10.852853397762745,23.752853397764653,0.005426426698881373,29.300000000000004,hit,
task_39_7,dev_39,offload,324.1811,324.1811,324.1943,324.1967,13.199999999983447,2.4000000000000004,13.16937814232159,28.769378142327866,0.006584689071160795,25.3,miss,
task_65_6,dev_65,offload,324.34290000000004,324.34290000000004,324.35630000000003,324.35880000000003,13.399999999990087,2.5,13.440351893272956,29.340351893260767,0.006720175946636478,27.3,miss,
task_80_6,dev_80,offload,324.42650000000003,324.42650000000003,324.4389,324.44120000000004,12.39999999995689,2.3,12.391301321601777,27.091301321606597,0.006195650660800888,26.3,miss,
task_109_7,dev_109,offload,325.3976,325.3976,325.4115,325.414,13.899999999978263,2.5,13.852667201214446,30.252667201190434,0.0069263336006072235,23.0,miss,
task_76_7,dev_76,local,325.4169,325.4169,,,0.0,0.0,0.0,,0.0,23.700000000000003,drop,
task_75_11,dev_75,offload,325.49850000000004,325.49850000000004,325.5134,325.516,14.899999999954616,2.6000000000000005,14.894870286397017,32.3948702863811,0.007447435143198508,26.6,miss,
task_115_8,dev_115,offload,325.51930000000004,325.51930000000004,325.53040000000004,325.5324,11.099999999999,2.0,11.134231450575596,24.234231450527304,0.005567115725287798,24.3,hit,
task_42_6,dev_42,offload,326.0253,326.0253,326.0357,326.0378,10.400000000004184,2.1,10.418570043752384,22.918570043741013,0.005209285021876192,27.900000000000002,hit,
task_131_10,dev_131,offload,326.1757,326.1757,326.1868,326.1888,11.099999999999,2.0,11.077629779742074,24.177629779750625,0.005538814889871037,28.3,hit,
task_152_5,dev_152,offload,326.3954,326.3954,326.41,326.41270000000003,14.600000000029922,2.7,14.648594494256624,31.948594494290912,0.007324297247128312,25.3,miss,
task_35_11,dev_35,offload,326.4443,326.4443,326.45910000000003,326.4617,14.800000000036562,2.6000000000000005,14.830103709371814,32.230103709381,0.007415051854685907,24.5,miss,
task_132_9,dev_132,offload,326.5079,326.5079,326.521,326.52340000000004,13.10000000000855,2.4000000000000004,13.054791021272933,28.55479102130431,0.006527395510636466,29.400000000000002,hit,
task_84_6,dev_84,offload,326.6255,326.6255,326.6383,326.64070000000004,12.800000000027012,2.4000000000000004,12.782277188751454,27.982277188801294,0.006391138594375727,20.900000000000002,miss,
task_127_10,dev_127,offload,326.7984,326.7984,326.81,326.81210000000004,11.599999999987176,2.1,11.550811696680897,25.250811696709363,0.005775405848340449,22.8,miss,
task_50_10,dev_50,local,327.0799,327.0799,,,0.0,0.0,0.0,,0.0,23.5,drop,
task_117_6,dev_117,offload,327.13800000000003,327.13800000000003,327.15110000000004,327.1535,13.10000000000855,2.4000000000000004,13.079381582016817,28.57938158199135,0.006539690791008408,22.1,miss,
task_103_13,dev_103,offload,327.3967,327.3967,327.4096,327.41200000000003,12.90000000000191,2.4000000000000004,12.916092604581173,28.21609260460591,0.006458046302290587,24.800000000000004,miss,
task_77_6,dev_77,offload,327.56620000000004,327.56620000000004,327.5783,327.58050000000003,12.099999999975353,2.2,12.111356916392653,26.411356916384193,0.0060556784581963265,27.8,hit,
task_33_4,dev_33,offload,327.5738,327.5738,327.58910000000003,327.5919,15.300000000024738,2.8,15.320390209129988,33.42039020913399,0.007660195104564994,22.9,miss,
task_125_9,dev_125,offload,328.0061,328.0061,328.0156,328.01730000000003,9.500000000002728,1.7000000000000002,9.538867686636065,20.738867686666808,0.004769433843318033,21.1,hit,
task_30_13,dev_30,offload,328.2593,328.2593,328.2714,328.2736,12.100000000032196,2.2,12.056152092396855,26.3561520923884,0.006028076046198428,25.0,miss,
task_145_7,dev_145,offload,328.3175,328.3175,328.3292,328.3313,11.700000000018917,2.1,11.732512352210156,25.532512352213523,0.005866256176105078,28.1,hit,
task_62_14,dev_62,offload,328.43870000000004,328.43870000000004,328.45050000000003,328.4529,11.799999999993815,2.4000000000000004,11.780175649281974,25.980175649241772,0.005890087824640987,20.900000000000002,miss,
task_8_5,dev_8,offload,328.5663,328.5663,328.57730000000004,328.5793,11.000000000024102,2.0,10.993651218998831,23.99365121897564,0.005496825609499416,27.400000000000002,hit,
task_64_11,dev_64,offload,328.6796,328.6796,328.69440000000003,328.697,14.800000000036562,2.6000000000000005,14.832339554007131,32.23233955401632,0.007416169777003566,22.2,miss,
task_30_14,dev_30,offload,329.19730000000004,329.19730000000004,329.2115,329.21410000000003,14.1999999999598,2.6000000000000005,14.193083047511667,30.993083047500935,0.0070965415237558335,29.7,miss,
task_197_9,dev_197,offload,329.6988,329.6988,329.7113,329.71360000000004,12.499999999988631,2.3,12.496624465287702,27.296624465324264,0.006248312232643851,21.0,miss,
task_111_7,dev_111,offload,329.84880000000004,329.84880000000004,329.8611,329.86330000000004,12.299999999981992,2.2,12.26141735171552,26.761417351713703,0.00613070867585776,28.5,hit,
task_182_7,dev_182,offload,330.0541,330.0541,330.0634,330.06530000000004,9.29999999999609,1.9,9.326910649015405,20.526910649046144,0.004663455324507702,20.6,hit,
task_145_8,dev_145,offload,330.74920000000003,330.74920000000003,330.7628,330.7653,13.599999999996726,2.5,13.596948217486196,29.696948217480646,0.0067984741087430975,22.6,miss,
task_139_7,dev_139,offload,331.2382,331.2382,331.2518,331.2543,13.599999999996726,2.5,13.5725412154224,29.67254121541685,0.0067862706077112,29.1,miss,
task_80_7,dev_80,offload,331.7527,331.7527,331.7656,331.76800000000003,12.90000000000191,2.4000000000000004,12.910399123344074,28.210399123368813,0.006455199561672037,22.8,miss,
task_156_13,dev_156,offload,331.8876,331.8876,331.8997,331.9019,12.099999999975353,2.2,12.143037763604976,26.443037763596518,0.006071518881802488,29.1,hit,
task_88_4,dev_88,offload,332.0856,332.0856,332.0967,332.0987,11.099999999999,2.0,11.101083383450721,24.20108338345927,0.00555054169172536,28.3,hit,
task_34_6,dev_34,offload,332.2276,332.2276,332.2407,332.243,13.10000000000855,2.3,13.103417665491127,28.503417665490765,0.006551708832745563,29.900000000000002,hit,
task_171_8,dev_171,offload,332.25530000000003,332.25530000000003,332.26750000000004,332.2697,12.200000000007094,2.2,12.185827404309794,26.585827404276234,0.006092913702154897,28.6,hit,
task_150_11,dev_150,offload,332.2577,332.2577,332.2688,332.2708,11.099999999999,2.0,11.123806289623847,24.223806289632396,0.005561903144811924,27.900000000000002,hit,
task_70_12,dev_70,offload,332.66360000000003,332.66360000000003,332.67650000000003,332.6789,12.90000000000191,2.4000000000000004,12.942217518844805,28.2422175188127,0.006471108759422402,22.9,miss,
task_81_11,dev_81,offload,332.73400000000004,332.73400000000004,332.7466,332.7489,12.59999999996353,2.3,12.550215655843207,27.450215655797823,0.006275107827921603,22.000000000000004,miss,
task_155_10,dev_155,offload,333.1068,333.1068,333.11940000000004,333.1216,12.600000000020373,2.2,12.6462755232252,27.446275523204918,0.0063231377616126,27.6,hit,
task_58_12,dev_58,offload,333.57410000000004,333.57410000000004,333.58930000000004,333.5921,15.199999999992997,2.8,15.172608255792078,33.17260825576434,0.007586304127896039,23.900000000000002,miss,
task_103_14,dev_103,offload,333.6601,333.6601,333.6743,333.6769,14.200000000016644,2.6000000000000005,14.182240585849092,30.982240585838362,0.007091120292924546,29.300000000000004,miss,
task_131_11,dev_131,offload,333.9767,333.9767,333.9914,333.9941,14.70000000000482,2.7,14.674753635945562,32.07475363595475,0.007337376817972781,27.700000000000003,miss,
task_63_13,dev_63,offload,334.0251,334.0251,334.0392,334.0418,14.099999999984902,2.6000000000000005,14.07704319147378,30.77704319148815,0.00703852159573689,22.500000000000004,miss,
task_199_9,dev_199,offload,334.0955,334.0955,334.10920000000004,334.11170000000004,13.700000000028467,2.5,13.654950934816132,29.854950934842325,0.006827475467408066,27.700000000000003,miss,
task_166_7,dev_166,offload,334.1532,334.1532,334.16900000000004,334.172,15.800000000012915,3.0,15.828287057528593,34.62828705752741,0.007914143528764296,23.200000000000003,miss,
task_3_8,dev_3,offload,334.26800000000003,334.26800000000003,334.2805,334.2828,12.499999999988631,2.3,12.485354862697607,27.285354862677323,0.006242677431348803,29.300000000000004,hit,
task_131_12,dev_131,offload,334.3154,334.3154,334.32480000000004,334.3265,9.40000000002783,1.7000000000000002,9.424251200493806,20.524251200492806,0.0047121256002469036,24.400000000000002,hit,
task_69_9,dev_69,offload,334.346,334.346,334.3569,334.3589,10.89999999999236,2.0,10.901220423264363,23.801220423266273,0.005450610211632181,25.1,hit,
task_119_9,dev_119,offload,334.34880000000004,334.34880000000004,334.3594,334.3613,10.59999999995398,1.9,10.564019918212733,23.064019918201364,0.005282009959106366,20.1,miss,
task_57_3,dev_57,offload,334.4205,334.4205,334.4315,334.43350000000004,11.000000000024102,2.0,10.973405125445378,23.97340512547903,0.005486702562722689,23.3,miss,
task_147_8,dev_147,offload,334.5206,334.5206,334.5319,334.534,11.300000000005639,2.1,11.252271240749453,24.652271240739537,0.005626135620374726,29.0,hit,
task_12_11,dev_12,offload,334.62330000000003,334.62330000000003,334.63660000000004,334.63910000000004,13.300000000015189,2.5,13.26586320950008,29.065863209512997,0.006632931604750041,21.2,miss,
task_158_8,dev_158,offload,334.6587,334.6587,334.67220000000003,334.67470000000003,13.500000000021828,2.5,13.534645848365038,29.534645848384592,0.006767322924182519,21.8,miss,
task_177_10,dev_177,offload,334.8919,334.8919,334.90340000000003,334.9055,11.500000000012278,2.1,11.523711889424204,25.12371188942093,0.005761855944712102,26.500000000000004,hit,
task_131_13,dev_131,local,335.1146,335.1146,,,0.0,0.0,0.0,,0.0,22.8,drop,
task_162_5,dev_162,offload,335.2884,335.2884,335.3003,335.3027,11.899999999968713,2.4000000000000004,11.86494399794741,26.164943997938952,0.005932471998973705,21.3,miss,
task_142_7,dev_142,offload,335.30780000000004,335.30780000000004,335.31980000000004,335.3222,12.000000000000455,2.4000000000000004,12.021390057837996,26.421390057804437,0.006010695028918998,20.400000000000002,miss,
task_101_6,dev_101,offload,335.3662,335.3662,335.3784,335.3808,12.200000000007094,2.4000000000000004,12.223773558538694,26.823773558568618,0.006111886779269347,29.0,hit,
task_25_6,dev_25,offload,335.47090000000003,335.47090000000003,335.4843,335.48670000000004,13.399999999990087,2.4000000000000004,13.369750070598752,29.169750070611666,0.006684875035299376,27.900000000000002,miss,
task_184_9,dev_184,offload,335.5919,335.5919,335.6033,335.60540000000003,11.399999999980537,2.1,11.400529290152273,24.9005292901741,0.005700264645076137,26.1,hit,
task_59_8,dev_59,offload,335.95590000000004,335.95590000000004,335.96840000000003,335.9707,12.499999999988631,2.3,12.471211267127508,27.271211267107226,0.006235605633563754,28.900000000000002,hit,
task_40_5,dev_40,offload,336.0493,336.0493,336.0624,336.0649,13.10000000000855,2.5,13.11839583880987,28.718395838816143,0.006559197919404934,23.3,miss,
task_157_5,dev_157,offload,336.2274,336.2274,336.2394,336.24170000000004,12.000000000000455,2.3,11.97092272254043,26.270922722588814,0.005985461361270215,26.000000000000004,miss,
task_102_9,dev_102,offload,336.37460000000004,336.37460000000004,336.38710000000003,336.38960000000003,12.499999999988631,2.5,12.524266305108277,27.524266305094635,0.006262133152554138,20.400000000000002,miss,
task_39_8,dev_39,offload,336.6232,336.6232,336.63660000000004,336.639,13.40000000004693,2.4000000000000004,13.363132059373386,29.1631320593863,0.006681566029686693,24.0,miss,
task_14_3,dev_14,offload,336.69480000000004,336.69480000000004,336.7092,336.7117,14.39999999996644,2.5,14.366441461186287,31.266441461150453,0.007183220730593144,21.2,miss,
task_110_6,dev_110,offload,336.8765,336.8765,336.88890000000004,336.8912,12.400000000013733,2.3,12.388038922141197,27.08803892214602,0.006194019461070599,25.8,miss,
task_81_12,dev_81,offload,336.8931,336.8931,336.9033,336.90520000000004,10.199999999997544,1.9,10.218255465746466,22.318255465778662,0.005109127732873233,26.6,hit,
task_149_7,dev_149,offload,336.9044,336.9044,336.9178,336.9202,13.399999999990087,2.4000000000000004,13.416704229744768,29.21670422975768,0.006708352114872384,29.500000000000004,hit,
task_110_7,dev_110,offload,337.3958,337.3958,337.4078,337.41,12.000000000000455,2.2,12.042870850552113,26.242870850568757,0.006021435425276057,25.2,miss,
task_0_7,dev_0,offload,337.71840000000003,337.71840000000003,337.7312,337.7336,12.799999999970169,2.4000000000000004,12.771401894144418,27.971401894137415,0.006385700947072209,28.1,hit,
task_198_9,dev_198,offload,337.8834,337.8834,337.8952,337.8974,11.799999999993815,2.2,11.78525810338983,25.785258103399833,0.005892629051694916,29.1,hit,
task_90_10,dev_90,offload,338.1295,338.1295,338.1426,338.14500000000004,13.10000000000855,2.4000000000000004,13.136964733016907,28.636964733048284,0.006568482366508453,23.700000000000003,miss,
task_107_5,dev_107,offload,338.2001,338.2001,338.21360000000004,338.21610000000004,13.500000000021828,2.5,13.519982459938301,29.519982459957856,0.00675999122996915,23.400000000000002,miss,
task_179_4,dev_179,offload,338.2319,338.2319,338.24690000000004,338.24960000000004,15.000000000043201,2.7,14.967447145898037,32.6674471459456,0.007483723572949018,26.500000000000004,miss,
task_169_7,dev_169,offload,338.3233,338.3233,338.3367,338.33910000000003,13.399999999990087,2.4000000000000004,13.361792361983172,29.161792361996085,0.006680896180991586,24.900000000000002,miss,
task_76_8,dev_76,local,338.5365,338.5365,,,0.0,0.0,0.0,,0.0,25.8,drop,
task_165_5,dev_165,offload,338.66020000000003,338.66020000000003,338.6719,338.67400000000004,11.699999999962074,2.1,11.696242244462155,25.49624224446552,0.005848121122231077,24.900000000000002,miss,
task_108_7,dev_108,offload,338.84200000000004,338.84200000000004,338.8541,338.85630000000003,12.099999999975353,2.2,12.115819849621163,26.415819849612703,0.006057909924810582,28.5,hit,
task_177_11,dev_177,offload,338.9909,338.9909,339.0031,339.00530000000003,12.200000000007094,2.2,12.220429656613929,26.620429656637214,0.006110214828306965,23.3,miss,
task_185_9,dev_185,offload,339.0181,339.0181,339.029,339.031,10.89999999999236,2.0,10.917846250026463,23.817846250028374,0.005458923125013232,24.7,hit,
task_167_6,dev_167,offload,339.0905,339.0905,339.1009,339.1028,10.400000000004184,1.9,10.43385103093675,22.733851030918743,0.005216925515468375,21.0,miss,
task_144_9,dev_144,offload,339.19100000000003,339.19100000000003,339.202,339.20390000000003,10.999999999967258,1.9,10.996242846552926,23.896242846554834,0.005498121423276463,26.8,hit,
task_134_9,dev_134,offload,339.4178,339.4178,339.4338,339.4366,16.000000000019554,2.8,15.999920896936251,34.79992089693507,0.007999960448468126,26.9,miss,
task_155_11,dev_155,offload,339.72520000000003,339.72520000000003,339.7371,339.73920000000004,11.899999999968713,2.1,11.903447728590532,25.903447728600536,0.0059517238642952655,27.700000000000003,hit,
task_49_4,dev_49,offload,339.8292,339.8292,339.8422,339.8446,12.999999999976808,2.4000000000000004,12.990217724657079,28.390217724656715,0.00649510886232854,27.8,miss,
task_25_7,dev_25,offload,340.17080000000004,340.17080000000004,340.1846,340.1872,13.799999999946522,2.6000000000000005,13.776324327671311,30.1763243276473,0.006888162163835656,20.200000000000003,miss,
task_156_14,dev_156,offload,340.3379,340.3379,340.3493,340.3514,11.40000000003738,2.1,11.38497123939137,24.884971239413197,0.005692485619695684,20.7,miss,
task_147_9,dev_147,offload,340.3566,340.3566,340.367,340.3689,10.400000000004184,1.9,10.423303146105084,22.723303146087076,0.005211651573052542,20.900000000000002,miss,
task_8_6,dev_8,offload,340.5668,340.5668,340.5795,340.58180000000004,12.69999999999527,2.3,12.660586877474993,27.660586877518192,0.006330293438737497,27.700000000000003,hit,
task_151_11,dev_151,offload,340.7212,340.7212,340.7359,340.7386,14.70000000000482,2.7,14.684422352194302,32.08442235220349,0.007342211176097151,30.000000000000004,miss,
task_98_7,dev_98,offload,340.78040000000004,340.78040000000004,340.79470000000003,340.7973,14.299999999991542,2.6000000000000005,14.297063292534734,31.1970632924989,0.0071485316462673665,22.6,miss,
task_82_12,dev_82,offload,340.82550000000003,340.82550000000003,340.83570000000003,340.83770000000004,10.199999999997544,2.0,10.16696077055178,22.366960770558876,0.00508348038527589,22.1,miss,
task_90_11,dev_90,offload,340.9321,340.9321,340.9431,340.9451,11.000000000024102,2.0,11.03366152145278,24.03366152148643,0.00551683076072639,22.9,miss,
task_169_8,dev_169,local,341.3802,341.3802,,,0.0,0.0,0.0,,0.0,29.6,drop,
task_148_9,dev_148,offload,341.3967,341.3967,341.40930000000003,341.4116,12.600000000020373,2.3,12.582211498106897,27.482211498118357,0.006291105749053449,28.3,hit,
task_3_9,dev_3,offload,341.54380000000003,341.54380000000003,341.5555,341.55760000000004,11.699999999962074,2.1,11.656967600858621,25.456967600861987,0.00582848380042931,24.0,miss,
task_85_11,dev_85,offload,341.5924,341.5924,341.60490000000004,341.60720000000003,12.500000000045475,2.3,12.531823140115062,27.331823140151624,0.006265911570057531,21.9,miss,
task_11_10,dev_11,offload,341.7114,341.7114,341.7237,341.726,12.299999999981992,2.3,12.339494333180674,26.939494333153753,0.006169747166590337,24.900000000000002,miss,
task_157_6,dev_157,offload,341.7489,341.7489,341.7615,341.7638,12.600000000020373,2.3,12.618747189896455,27.518747189907913,0.006309373594948228,20.5,miss,
task_22_8,dev_22,offload,342.0586,342.0586,342.071,342.0735,12.400000000013733,2.5,12.365483927951008,27.265483927962467,0.006182741963975504,26.200000000000003,miss,
task_40_6,dev_40,offload,342.0799,342.0799,342.09430000000003,342.09700000000004,14.400000000023283,2.7,14.437380702587948,31.537380702615597,0.007218690351293974,25.0,miss,
task_5_8,dev_5,offload,342.33050000000003,342.33050000000003,342.3406,342.3424,10.099999999965803,1.8000000000000003,10.07305868340498,21.973058683373694,0.00503652934170249,25.8,hit,
task_21_11,dev_21,offload,342.39160000000004,342.39160000000004,342.4024,342.4044,10.799999999960619,2.0,10.834831036049637,23.634831036019804,0.005417415518024818,22.4,miss,
task_59_9,dev_59,offload,342.4533,342.4533,342.4681,342.4708,14.799999999979718,2.7,14.831229829231832,32.331229829215914,0.007415614914615916,27.700000000000003,miss,
task_76_9,dev_76,offload,342.74510000000004,342.74510000000004,342.7584,342.7608,13.299999999958345,2.4000000000000004,13.298755081694448,28.998755081675622,0.006649377540847224,22.700000000000003,miss,
task_47_12,dev_47,offload,342.88820000000004,342.88820000000004,342.8989,342.90090000000004,10.699999999985721,2.0,10.724508230104925,23.424508230100194,0.005362254115052463,26.9,hit,
task_68_13,dev_68,offload,342.9146,342.9146,342.92830000000004,342.93080000000003,13.700000000028467,2.5,13.70059236445813,29.900592364484325,0.006850296182229065,20.200000000000003,miss,
task_55_6,dev_55,offload,342.92420000000004,342.92420000000004,342.9354,342.9374,11.199999999973898,2.0,11.189053572216105,24.38905357219955,0.005594526786108053,26.1,hit,
task_44_12,dev_44,offload,343.33660000000003,343.33660000000003,343.3474,343.3493,10.799999999960619,1.9,10.801949704156998,23.501949704152267,0.005400974852078499,24.200000000000003,hit,
task_65_7,dev_65,offload,343.945,343.945,343.95840000000004,343.961,13.40000000004693,2.6000000000000005,13.44664449359616,29.446644493615715,0.0067233222467980806,26.000000000000004,miss,
task_138_11,dev_138,offload,344.11560000000003,344.11560000000003,344.1295,344.132,13.899999999978263,2.5,13.93735589228,30.33735589225599,0.00696867794614,24.1,miss,
task_55_7,dev_55,offload,344.18350000000004,344.18350000000004,344.19730000000004,344.1997,13.800000000003365,2.4000000000000004,13.805548111735119,30.00554811170447,0.006902774055867559,28.900000000000002,miss,
task_72_8,dev_72,offload,344.2052,344.2052,344.21700000000004,344.2191,11.800000000050659,2.1,11.771969225322335,25.671969225357444,0.005885984612661168,23.900000000000002,miss,
task_40_7,dev_40,offload,344.2876,344.2876,344.29970000000003,344.302,12.100000000032196,2.3,12.099175027138275,26.499175027161556,0.006049587513569137,24.400000000000002,miss,
task_69_10,dev_69,offload,344.3249,344.3249,344.33860000000004,344.34110000000004,13.700000000028467,2.5,13.68051570717782,29.88051570720401,0.00684025785358891,28.3,miss,
task_197_10,dev_197,offload,344.326,344.326,344.33770000000004,344.3398,11.700000000018917,2.1,11.744939133401907,25.544939133405272,0.0058724695667009535,20.200000000000003,miss,
task_104_11,dev_104,offload,344.4603,344.4603,344.4737,344.47610000000003,13.399999999990087,2.4000000000000004,13.447494722887738,29.247494722900655,0.006723747361443869,28.0,miss,
task_154_7,dev_154,offload,344.8423,344.8423,344.85490000000004,344.8571,12.600000000020373,2.2,12.570710184654153,27.37071018463387,0.006285355092327077,28.3,hit,
task_192_10,dev_192,offload,345.03630000000004,345.03630000000004,345.0489,345.0513,12.59999999996353,2.4000000000000004,12.63577378649345,27.63577378647981,0.006317886893246725,24.200000000000003,miss,
task_186_9,dev_186,offload,345.0552,345.0552,345.0665,345.0686,11.300000000005639,2.1,11.344347809503182,24.74434780949327,0.0056721739047515905,21.3,miss,
task_10_9,dev_10,offload,345.0749,345.0749,345.09000000000003,345.0928,15.100000000018099,2.8,15.104968173239769,33.00496817323713,0.007552484086619884,22.4,miss,
task_61_6,dev_61,offload,345.0899,345.0899,345.1009,345.10290000000003,11.000000000024102,2.0,10.964384594430744,23.964384594464395,0.0054821922972153716,23.599999999999998,miss,
task_19_9,dev_19,offload,345.1403,345.1403,345.1542,345.1567,13.899999999978263,2.5,13.850965825925414,30.250965825901403,0.006925482912962707,27.700000000000003,miss,
task_38_3,dev_38,offload,345.4017,345.4017,345.418,345.421,16.30000000000109,3.0,16.33987838285051,35.63987838283751,0.008169939191425255,22.000000000000004,miss,
task_122_8,dev_122,offload,345.6625,345.6625,345.6752,345.6777,12.69999999999527,2.5,12.737708757933913,27.93770875792691,0.006368854378966956,21.5,miss,
task_28_7,dev_28,offload,345.97270000000003,345.97270000000003,345.98650000000004,345.98900000000003,13.800000000003365,2.5,13.776118219801235,30.076118219802325,0.0068880591099006174,29.2,miss,
task_199_10,dev_199,offload,346.0667,346.0667,346.0781,346.0802,11.399999999980537,2.1,11.35584577171004,24.855845771675025,0.00567792288585502,28.0,hit,
task_87_6,dev_87,offload,346.7511,346.7511,346.764,346.7665,12.90000000000191,2.5,12.931657235034363,28.331657235034,0.006465828617517181,24.1,miss,
task_175_6,dev_175,offload,347.0661,347.0661,347.07840000000004,347.0806,12.300000000038835,2.2,12.322516705462899,26.82251670546108,0.006161258352731449,29.7,hit,
task_183_6,dev_183,offload,347.1943,347.1943,347.2088,347.2114,14.499999999998181,2.6000000000000005,14.482002279131864,31.58200227915951,0.007241001139565932,26.500000000000004,miss,
task_5_9,dev_5,offload,347.7837,347.7837,347.79560000000004,347.7978,11.900000000025557,2.2,11.873966625227297,25.9739666252122,0.005936983312613648,23.1,miss,
task_55_8,dev_55,offload,348.45390000000003,348.45390000000003,348.4666,348.46880000000004,12.69999999999527,2.2,12.687776842709725,27.587776842721183,0.006343888421354863,22.1,miss,
task_84_7,dev_84,offload,348.65950000000004,348.65950000000004,348.6718,348.67400000000004,12.299999999981992,2.2,12.259131960883224,26.759131960881405,0.006129565980441612,25.900000000000002,miss,
task_138_12,dev_138,offload,348.8104,348.8104,348.82550000000003,348.8283,15.100000000018099,2.8,15.077617564377519,32.97761756437488,0.007538808782188759,25.400000000000002,miss,
task_133_6,dev_133,offload,349.03180000000003,349.03180000000003,349.0436,349.04580000000004,11.799999999993815,2.2,11.78341557401566,25.783415574025664,0.00589170778700783,25.8,hit,
task_4_6,dev_4,offload,349.07640000000004,349.07640000000004,349.0908,349.09340000000003,14.39999999996644,2.6000000000000005,14.43005625640532,31.43005625640123,0.00721502812820266,30.000000000000004,miss,
task_20_7,dev_20,offload,349.1698,349.1698,349.18080000000003,349.1829,11.000000000024102,2.1,10.978305513743045,24.078305513751594,0.005489152756871523,22.700000000000003,miss,
task_116_10,dev_116,offload,349.18370000000004,349.18370000000004,349.1952,349.19730000000004,11.499999999955435,2.1,11.450763683916724,25.050763683913452,0.005725381841958362,22.4,miss,
task_151_12,dev_151,offload,349.28000000000003,349.28000000000003,349.2936,349.2961,13.599999999996726,2.5,13.603408255823235,29.703408255817685,0.0068017041279116175,23.700000000000003,miss,
task_119_10,dev_119,offload,349.9667,349.9667,349.97860000000003,349.98080000000004,11.900000000025557,2.2,11.876844666373607,25.976844666415353,0.005938422333186803,27.1,hit,
task_109_8,dev_109,offload,350.3016,350.3016,350.31190000000004,350.3138,10.300000000029286,1.9,10.264269635175896,22.46426963518299,0.005132134817587948,20.3,miss,
task_35_12,dev_35,offload,350.8553,350.8553,350.8698,350.8724,14.499999999998181,2.6000000000000005,14.498439751820168,31.598439751847817,0.007249219875910084,28.1,miss,
task_17_7,dev_17,offload,350.94440000000003,350.94440000000003,350.95680000000004,350.95910000000003,12.400000000013733,2.3,12.44738477346745,27.147384773472268,0.006223692386733725,29.8,hit,
task_67_5,dev_67,offload,351.0962,351.0962,351.1073,351.1093,11.099999999999,2.0,11.081438150065361,24.18143815007391,0.005540719075032681,24.900000000000002,hit,
task_28_8,dev_28,offload,351.2061,351.2061,351.2187,351.221,12.600000000020373,2.3,12.599646429633804,27.499646429645264,0.006299823214816902,28.5,hit,
task_105_7,dev_105,offload,351.20660000000004,351.20660000000004,351.2197,351.2221,13.099999999951706,2.4000000000000004,13.144639766644923,28.644639766619456,0.006572319883322461,23.700000000000003,miss,
task_25_8,dev_25,offload,351.2504,351.2504,351.262,351.26410000000004,11.599999999987176,2.1,11.564640426663372,25.26464042669184,0.005782320213331686,21.400000000000002,miss,
task_136_8,dev_136,offload,351.31010000000003,351.31010000000003,351.3216,351.32370000000003,11.499999999955435,2.1,11.45056019266088,25.050560192657606,0.00572528009633044,21.3,miss,
task_32_9,dev_32,offload,351.4202,351.4202,351.4336,351.43600000000004,13.399999999990087,2.4000000000000004,13.366344557761,29.166344557773915,0.0066831722788805,29.2,hit,
task_133_7,dev_133,offload,351.53610000000003,351.53610000000003,351.54990000000004,351.55240000000003,13.800000000003365,2.5,13.815595110281139,30.11559511028223,0.006907797555140569,28.5,miss,
task_138_13,dev_138,offload,351.6601,351.6601,351.6754,351.6782,15.300000000024738,2.8,15.325915068136853,33.42591506814085,0.007662957534068426,21.3,miss,
task_93_10,dev_93,offload,351.6748,351.6748,351.6882,351.6907,13.399999999990087,2.5,13.44448302745947,29.344483027447282,0.006722241513729734,23.1,miss,
task_153_11,dev_153,offload,351.73850000000004,351.73850000000004,351.7541,351.75690000000003,15.599999999949432,2.8,15.561671553355538,33.96167155334108,0.007780835776677769,27.0,miss,
task_145_9,dev_145,offload,351.77270000000004,351.77270000000004,351.7875,351.7902,14.799999999979718,2.7,14.784800412892517,32.2848004128766,0.007392400206446259,26.3,miss,
task_183_7,dev_183,offload,352.0466,352.0466,352.0589,352.0611,12.299999999981992,2.2,12.258282665220154,26.758282665218335,0.006129141332610077,22.8,miss,
task_4_7,dev_4,offload,352.1197,352.1197,352.1334,352.1358,13.699999999971624,2.4000000000000004,13.698284622143783,29.798284622138233,0.006849142311071891,22.1,miss,
task_69_11,dev_69,offload,352.3292,352.3292,352.34270000000004,352.34520000000003,13.500000000021828,2.5,13.468136715803134,29.468136715822688,0.006734068357901567,28.5,miss,
task_130_9,dev_130,offload,352.3793,352.3793,352.3888,352.3906,9.500000000002728,1.8000000000000003,9.489322866464764,20.789322866470403,0.004744661433232382,27.8,hit,
task_48_4,dev_48,offload,352.5828,352.5828,352.5966,352.5992,13.800000000003365,2.6000000000000005,13.802161163897182,30.20216116387317,0.006901080581948591,20.200000000000003,miss,
task_128_6,dev_128,offload,352.6619,352.6619,352.6752,352.67760000000004,13.300000000015189,2.4000000000000004,13.281297934514322,28.981297934552337,0.006640648967257161,23.700000000000003,miss,
task_173_9,dev_173,offload,352.7565,352.7565,352.76930000000004,352.77160000000003,12.800000000027012,2.3,12.802097779270431,27.902097779288532,0.006401048889635216,21.9,miss,
task_131_14,dev_131,offload,352.8301,352.8301,352.8444,352.84700000000004,14.299999999991542,2.6000000000000005,14.259254116529199,31.15925411655021,0.007129627058264599,23.0,miss,
task_6_4,dev_6,offload,352.9576,352.9576,352.97020000000003,352.9726,12.600000000020373,2.4000000000000004,12.552395671348643,27.552395671335,0.006276197835674321,29.7,hit,
task_178_7,dev_178,offload,353.0022,353.0022,353.0138,353.01590000000004,11.599999999987176,2.1,11.623524530111757,25.323524530140226,0.005811762265055878,26.6,hit,
task_26_4,dev_26,offload,353.04630000000003,353.04630000000003,353.05780000000004,353.06,11.500000000012278,2.2,11.478662570067149,25.178662570038775,0.005739331285033574,26.3,hit,
task_101_7,dev_101,offload,353.17150000000004,353.17150000000004,353.18580000000003,353.1884,14.299999999991542,2.6000000000000005,14.336038202101927,31.23603820206609,0.007168019101050963,27.400000000000002,miss,
task_72_9,dev_72,offload,353.24850000000004,353.24850000000004,353.2606,353.2628,12.099999999975353,2.2,12.07948995443874,26.379489954430284,0.00603974497721937,28.6,hit,
task_120_5,dev_120,offload,353.6377,353.6377,353.6494,353.65160000000003,11.700000000018917,2.2,11.684649752389797,25.5846497524249,0.005842324876194898,26.1,hit,
task_96_7,dev_96,offload,353.9816,353.9816,353.99490000000003,353.9973,13.300000000015189,2.4000000000000004,13.342499502594032,29.042499502575204,0.0066712497512970165,28.7,miss,
task_100_5,dev_100,offload,354.50030000000004,354.50030000000004,354.512,354.5142,11.699999999962074,2.2,11.711737452381584,25.611737452359847,0.005855868726190792,22.2,miss,
task_19_10,dev_19,offload,354.8243,354.8243,354.8353,354.8373,11.000000000024102,2.0,11.000547165126031,24.00054716515968,0.005500273582563015,24.5,hit,
task_29_5,dev_29,offload,355.02500000000003,355.02500000000003,355.0369,355.0391,11.899999999968713,2.2,11.94156183814585,26.041561838130754,0.005970780919072925,20.6,miss,
task_116_11,dev_116,offload,355.41610000000003,355.41610000000003,355.4304,355.433,14.299999999991542,2.6000000000000005,14.308740808530146,31.208740808494312,0.007154370404265073,24.400000000000002,miss,
task_26_5,dev_26,offload,355.6535,355.6535,355.666,355.6684,12.499999999988631,2.4000000000000004,12.504092036049846,27.404092036061307,0.0062520460180249225,22.9,miss,
task_92_5,dev_92,offload,355.74440000000004,355.74440000000004,355.7548,355.7567,10.39999999994734,1.9,10.378987807805876,22.67898780778787,0.005189493903902938,22.8,hit,
task_114_8,dev_114,local,355.9594,355.9594,,,0.0,0.0,0.0,,0.0,29.0,drop,
task_95_6,dev_95,offload,356.40110000000004,356.40110000000004,356.4123,356.4143,11.199999999973898,2.0,11.20666722356632,24.406667223549768,0.00560333361178316,28.200000000000003,hit,
task_141_9,dev_141,offload,356.6847,356.6847,356.6977,356.7001,12.999999999976808,2.4000000000000004,13.03041366770485,28.430413667704485,0.006515206833852425,21.0,miss,
task_140_11,dev_140,offload,356.72360000000003,356.72360000000003,356.7363,356.7387,12.69999999999527,2.4000000000000004,12.701163534189504,27.80116353415076,0.006350581767094752,28.400000000000002,hit,
task_43_9,dev_43,offload,356.9578,356.9578,356.9716,356.9743,13.800000000003365,2.7,13.815044522723285,30.315044522731014,0.0069075222613616425,26.500000000000004,miss,
task_133_8,dev_133,offload,356.9934,356.9934,357.0063,357.00870000000003,12.90000000000191,2.4000000000000004,12.878874052494146,28.178874052518886,0.006439437026247073,29.2,hit,
task_45_10,dev_45,offload,357.3716,357.3716,357.3851,357.3876,13.500000000021828,2.5,13.544533203203173,29.544533203222727,0.006772266601601586,22.9,miss,
task_39_9,dev_39,offload,357.4601,357.4601,357.46880000000004,357.47040000000004,8.700000000033015,1.6,8.708579254590154,19.00857925461944,0.004354289627295077,22.3,hit,
task_108_8,dev_108,offload,357.5036,357.5036,357.5168,357.5192,13.199999999983447,2.4000000000000004,13.234192515366342,28.834192515372617,0.006617096257683171,22.8,miss,
task_126_8,dev_126,offload,357.54220000000004,357.54220000000004,357.55440000000004,357.55670000000003,12.200000000007094,2.3,12.164902890321297,26.66490289031948,0.006082451445160649,26.4,miss,
task_18_5,dev_18,offload,358.0299,358.0299,358.0428,358.0452,12.90000000000191,2.4000000000000004,12.901437570415485,28.201437570440223,0.006450718785207743,21.0,miss,
task_166_8,dev_166,offload,358.70140000000004,358.70140000000004,358.7153,358.71790000000004,13.899999999978263,2.6000000000000005,13.891815411451097,30.39181541145883,0.006945907705725549,21.1,miss,
task_106_4,dev_106,offload,358.8987,358.8987,358.9082,358.91,9.500000000002728,1.8000000000000003,9.480645801348084,20.78064580135372,0.004740322900674042,25.2,hit,
task_57_4,dev_57,offload,358.93170000000003,358.93170000000003,358.9461,358.94870000000003,14.39999999996644,2.6000000000000005,14.352427131629238,31.352427131625145,0.007176213565814619,26.200000000000003,miss,
task_34_7,dev_34,offload,359.4694,359.4694,359.4846,359.48740000000004,15.199999999992997,2.8,15.162191153518556,33.16219115354766,0.007581095576759278,24.7,miss,
task_54_8,dev_54,offload,359.6162,359.6162,359.6256,359.6273,9.40000000002783,1.7000000000000002,9.389607061594212,20.48960706159321,0.004694803530797106,29.7,hit,
task_126_9,dev_126,local,359.9241,359.9241,,,0.0,0.0,0.0,,0.0,26.6,drop,
task_9_10,dev_9,offload,360.2278,360.2278,360.2405,360.24280000000005,12.69999999999527,2.3,12.714980404448282,27.714980404491484,0.006357490202224141,21.5,miss,
task_53_4,dev_53,local,360.32840000000004,360.32840000000004,,,0.0,0.0,0.0,,0.0,21.8,drop,
task_3_10,dev_3,offload,360.599,360.599,360.61170000000004,360.61400000000003,12.700000000052114,2.3,12.713576328436323,27.713576328479526,0.006356788164218162,29.900000000000002,hit,
task_40_8,dev_40,offload,360.9442,360.9442,360.9569,360.95930000000004,12.69999999999527,2.4000000000000004,12.661142808938825,27.761142808956926,0.006330571404469413,24.0,miss,
task_70_13,dev_70,offload,361.2312,361.2312,361.2416,361.24350000000004,10.400000000004184,1.9,10.36737927585784,22.667379275896675,0.00518368963792892,24.0,hit,
task_29_6,dev_29,offload,361.66790000000003,361.66790000000003,361.6812,361.6836,13.299999999958345,2.4000000000000004,13.258575122383402,28.958575122364575,0.006629287561191701,27.1,miss,
task_46_9,dev_46,offload,361.6922,361.6922,361.7051,361.70750000000004,12.90000000000191,2.4000000000000004,12.852424639585111,28.152424639609848,0.006426212319792556,27.8,miss,
task_101_8,dev_101,offload,361.7534,361.7534,361.767,361.7695,13.599999999996726,2.5,13.63528770892778,29.735287708922232,0.00681764385446389,27.200000000000003,miss,
task_37_7,dev_37,offload,361.8715,361.8715,361.8842,361.88660000000004,12.69999999999527,2.4000000000000004,12.696137049246495,27.796137049264594,0.006348068524623248,29.1,hit,
task_40_9,dev_40,offload,362.1471,362.1471,362.156,362.15770000000003,8.89999999998281,1.7000000000000002,8.891390003302114,19.491390003312937,0.004445695001651056,22.700000000000003,hit,
task_188_5,dev_188,offload,362.2035,362.2035,362.21410000000003,362.216,10.600000000010823,1.9,10.630158231054072,23.130158231042703,0.005315079115527036,25.400000000000002,hit,
task_71_8,dev_71,offload,362.31280000000004,362.31280000000004,362.3272,362.32980000000003,14.39999999996644,2.6000000000000005,14.439486024848803,31.43948602484471,0.007219743012424402,25.2,miss,
task_188_6,dev_188,offload,362.471,362.471,362.48380000000003,362.4861,12.800000000027012,2.3,12.784779240570849,27.884779240588948,0.006392389620285425,22.000000000000004,miss,
task_109_9,dev_109,offload,362.49080000000004,362.49080000000004,362.50600000000003,362.5088,15.199999999992997,2.8,15.184775986846605,33.18477598681886,0.007592387993423302,24.7,miss,
task_15_10,dev_15,offload,363.0315,363.0315,363.0428,363.0448,11.300000000005639,2.0,11.33396462416299,24.633964624178176,0.005666982312081494,28.5,hit,
task_89_11,dev_89,offload,363.15880000000004,363.15880000000004,363.1712,363.1735,12.39999999995689,2.3,12.374638530349452,27.074638530297428,0.006187319265174726,29.1,hit,
task_84_8,dev_84,offload,363.2028,363.2028,363.21680000000003,363.21930000000003,14.000000000010004,2.5,14.029758678302608,30.529758678310337,0.007014879339151304,29.900000000000002,miss,
task_179_5,dev_179,offload,363.7595,363.7595,363.7711,363.77320000000003,11.599999999987176,2.1,11.631151437623304,25.33115143765177,0.005815575718811652,29.300000000000004,hit,
task_110_8,dev_110,offload,363.9315,363.9315,363.9425,363.9445,10.999999999967258,2.0,10.968173252056188,23.968173252032997,0.005484086626028094,21.0,miss,
task_13_5,dev_13,offload,364.1147,364.1147,364.1265,364.12870000000004,11.799999999993815,2.2,11.821850479824443,25.821850479834445,0.005910925239912221,28.1,hit,
task_43_10,dev_43,offload,364.13980000000004,364.13980000000004,364.1542,364.15680000000003,14.39999999996644,2.6000000000000005,14.431547235188985,31.431547235184894,0.007215773617594492,29.8,miss,
task_34_8,dev_34,offload,364.2499,364.2499,364.2618,364.26390000000004,11.899999999968713,2.1,11.93365076065721,25.933650760667213,0.005966825380328605,21.6,miss,
task_14_4,dev_14,offload,364.2909,364.2909,364.30310000000003,364.30530000000005,12.200000000007094,2.2,12.158958501836171,26.558958501859454,0.006079479250918085,27.200000000000003,hit,
task_181_8,dev_181,offload,364.41610000000003,364.41610000000003,364.4272,364.42920000000004,11.099999999999,2.0,11.134501603118622,24.23450160312717,0.005567250801559311,22.4,miss,
task_165_6,dev_165,offload,364.52750000000003,364.52750000000003,364.5401,364.54240000000004,12.59999999996353,2.3,12.556405950039148,27.45640595005061,0.006278202975019574,21.6,miss,
task_26_6,dev_26,offload,364.5527,364.5527,364.56350000000003,364.56550000000004,10.800000000017462,2.0,10.771004940172329,23.57100494019934,0.005385502470086165,20.400000000000002,miss,
task_199_11,dev_199,offload,364.72790000000003,364.72790000000003,364.7391,364.7411,11.199999999973898,2.0,11.20131202059722,24.40131202058067,0.00560065601029861,24.7,hit,
task_48_5,dev_48,offload,364.74530000000004,364.74530000000004,364.75800000000004,364.7604,12.69999999999527,2.4000000000000004,12.723324551816837,27.823324551778093,0.006361662275908419,27.900000000000002,hit,
task_139_8,dev_139,offload,364.8684,364.8684,364.8784,364.8802,9.999999999990905,1.8000000000000003,9.969341522222761,21.76934152221658,0.004984670761111381,22.4,hit,
task_115_9,dev_115,offload,364.94050000000004,364.94050000000004,364.9519,364.95390000000003,11.399999999980537,2.0,11.366422668355419,24.766422668345506,0.0056832113341777095,25.2,hit,
task_137_4,dev_137,offload,364.9427,364.9427,364.95410000000004,364.9562,11.40000000003738,2.1,11.448155385760018,24.948155385781845,0.005724077692880009,25.8,hit,
task_76_10,dev_76,offload,365.3859,365.3859,365.3979,365.4001,12.000000000000455,2.2,12.048714829282222,26.248714829298866,0.006024357414641111,29.6,hit,
task_158_9,dev_158,offload,365.4934,365.4934,365.5084,365.5111,14.999999999986358,2.7,15.038922698096284,32.73892269808701,0.007519461349048142,27.8,miss,
task_182_8,dev_182,offload,365.58340000000004,365.58340000000004,365.59520000000003,365.5976,11.799999999993815,2.4000000000000004,11.824159409463036,26.024159409422836,0.005912079704731518,28.900000000000002,hit,
task_125_10,dev_125,offload,365.7292,365.7292,365.7425,365.74490000000003,13.300000000015189,2.4000000000000004,13.309114703829069,29.009114703867084,0.006654557351914534,28.200000000000003,miss,
task_120_6,dev_120,offload,365.8856,365.8856,365.9006,365.90340000000003,14.999999999986358,2.8,14.985652358529094,32.78565235855156,0.007492826179264547,23.1,miss,
task_85_12,dev_85,offload,366.091,366.091,366.1039,366.10630000000003,12.90000000000191,2.4000000000000004,12.8875759494928,28.187575949517537,0.0064437879747464,22.500000000000004,miss,
task_161_7,dev_161,offload,366.2335,366.2335,366.24920000000003,366.25210000000004,15.700000000038017,2.9000000000000004,15.677353845317349,34.27735384536637,0.007838676922658674,22.4,miss,
task_93_11,dev_93,offload,366.6418,366.6418,366.65540000000004,366.65790000000004,13.60000000005357,2.5,13.587317685001306,29.6873176850526,0.006793658842500653,21.9,miss,
task_22_9,dev_22,offload,366.9074,366.9074,366.9168,366.9187,9.40000000002783,1.9,9.383094151803371,20.68309415180901,0.004691547075901686,29.0,hit,
task_46_10,dev_46,offload,366.9986,366.9986,367.011,367.0133,12.400000000013733,2.3,12.444098879735494,27.144098879740312,0.006222049439867747,28.6,hit,
task_46_11,dev_46,offload,367.0256,367.0256,367.0387,367.0412,13.10000000000855,2.5,13.141350689448524,28.741350689454798,0.006570675344724262,26.9,miss,
task_146_6,dev_146,drop,367.03360000000004,367.03360000000004,,,,0.0,,,0.0,23.700000000000003,drop,
task_193_11,dev_193,offload,367.1745,367.1745,367.18690000000004,367.1892,12.400000000013733,2.3,12.420679229042022,27.120679229046843,0.006210339614521011,21.0,miss,
task_196_7,dev_196,offload,367.2566,367.2566,367.271,367.27360000000004,14.400000000023283,2.6000000000000005,14.35097298182752,31.35097298188027,0.007175486490913759,22.2,miss,
task_98_8,dev_98,offload,367.3176,367.3176,367.3311,367.3336,13.499999999964984,2.5,13.478248899741347,29.478248899704056,0.006739124449870674,23.400000000000002,miss,
task_51_11,dev_51,offload,367.4955,367.4955,367.50870000000003,367.5111,13.20000000004029,2.4000000000000004,13.200552386004818,28.80055238601109,0.006600276193002409,22.6,miss,
task_58_13,dev_58,offload,367.5435,367.5435,367.5588,367.5616,15.300000000024738,2.8,15.326360657888447,33.426360657892445,0.007663180328944224,26.500000000000004,miss,
task_0_8,dev_0,offload,368.4529,368.4529,368.4665,368.4691,13.599999999996726,2.6000000000000005,13.566751197660448,29.76675119768664,0.006783375598830224,25.500000000000004,miss,
task_161_8,dev_161,offload,368.533,368.533,368.5451,368.5473,12.099999999975353,2.2,12.079906973571921,26.379906973563465,0.00603995348678596,21.400000000000002,miss,
task_104_12,dev_104,offload,368.55170000000004,368.55170000000004,368.5648,368.56710000000004,13.099999999951706,2.3,13.104564664443314,28.504564664442952,0.006552282332221657,20.1,miss,
task_197_11,dev_197,offload,368.711,368.711,368.7234,368.7257,12.400000000013733,2.3,12.438090642667099,27.13809064267192,0.0062190453213335495,25.8,miss,
task_51_12,dev_51,offload,368.7585,368.7585,368.7699,368.772,11.399999999980537,2.1,11.35623870700105,24.856238706966035,0.005678119353500525,27.5,hit,
task_67_6,dev_67,offload,368.82820000000004,368.82820000000004,368.83950000000004,368.8416,11.300000000005639,2.1,11.253742731541305,24.65374273153139,0.005626871365770653,27.8,hit,
task_184_10,dev_184,offload,369.20590000000004,369.20590000000004,369.21840000000003,369.2206,12.499999999988631,2.2,12.50631150955055,27.206311509498526,0.006253155754775275,21.8,miss,
task_107_6,dev_107,offload,369.2497,369.2497,369.2629,369.2653,13.199999999983447,2.4000000000000004,13.24632579285044,28.846325792856717,0.00662316289642522,29.2,hit,
task_105_8,dev_105,offload,369.4078,369.4078,369.42,369.42220000000003,12.200000000007094,2.2,12.18557837546316,26.585578375486442,0.006092789187731581,21.8,miss,
task_154_8,dev_154,offload,369.71680000000003,369.71680000000003,369.72860000000003,369.7307,11.799999999993815,2.1,11.760170112599829,25.660170112578093,0.0058800850562999146,23.599999999999998,miss,
task_44_13,dev_44,offload,370.1685,370.1685,370.1816,370.1839,13.10000000000855,2.3,13.063881360397707,28.463881360397345,0.006531940680198853,20.800000000000004,miss,
task_125_11,dev_125,offload,370.1848,370.1848,370.1941,370.1958,9.29999999999609,1.7000000000000002,9.290637408446447,20.29063740847055,0.004645318704223223,26.3,hit,
task_196_8,dev_196,offload,370.64730000000003,370.64730000000003,370.6598,370.6621,12.499999999988631,2.3,12.455979009942627,27.255979009922346,0.006227989504971314,28.400000000000002,hit,
task_35_13,dev_35,offload,371.01910000000004,371.01910000000004,371.03270000000003,371.0351,13.599999999996726,2.4000000000000004,13.565387086959724,29.565387086922435,0.006782693543479862,28.200000000000003,miss,
task_79_12,dev_79,offload,371.1277,371.1277,371.1427,371.1454,14.999999999986358,2.7,14.95487194021569,32.65487194020641,0.007477435970107846,23.3,miss,
task_115_10,dev_115,offload,371.33520000000004,371.33520000000004,371.34950000000003,371.35200000000003,14.299999999991542,2.5,14.27978842451063,31.079788424499895,0.007139894212255315,23.0,miss,
task_133_9,dev_133,offload,371.34450000000004,371.34450000000004,371.3568,371.35900000000004,12.299999999981992,2.2,12.262683094309528,26.76268309430771,0.006131341547154764,26.8,hit,
task_19_11,dev_19,offload,371.3802,371.3802,371.39140000000003,371.39340000000004,11.200000000030741,2.0,11.232590791375737,24.432590791416025,0.005616295395687868,21.0,miss,
task_142_8,dev_142,offload,371.7674,371.7674,371.7796,371.78200000000004,12.200000000007094,2.4000000000000004,12.225561140685963,26.825561140715884,0.006112780570342982,29.500000000000004,hit,
task_43_11,dev_43,offload,371.8082,371.8082,371.8218,371.8243,13.599999999996726,2.5,13.587646307479584,29.687646307474036,0.006793823153739792,29.6,miss,
task_112_9,dev_112,offload,371.9041,371.9041,371.9178,371.9203,13.699999999971624,2.5,13.738507483912873,29.938507483882223,0.006869253741956436,29.8,miss,
task_65_8,dev_65,offload,372.0011,372.0011,372.0108,372.0126,9.700000000009368,1.8000000000000003,9.697215449598366,21.197215449610646,0.004848607724799183,29.2,hit,
task_21_12,dev_21,offload,372.0819,372.0819,372.09360000000004,372.0957,11.700000000018917,2.1,11.66691781566533,25.466917815668694,0.0058334589078326655,23.400000000000002,miss,
task_105_9,dev_105,offload,372.1821,372.1821,372.1945,372.1968,12.400000000013733,2.3,12.385956634700685,27.085956634705504,0.006192978317350342,29.8,hit,
task_77_7,dev_77,offload,372.3016,372.3016,372.31350000000003,372.3157,11.900000000025557,2.2,11.925756605952921,26.025756605937822,0.00596287830297646,24.900000000000002,miss,
task_106_5,dev_106,offload,372.7773,372.7773,372.7896,372.7919,12.299999999981992,2.3,12.32134064562467,26.92134064559775,0.006160670322812335,29.7,hit,
task_60_7,dev_60,local,373.4708,373.4708,,,0.0,0.0,0.0,,0.0,23.8,drop,
task_68_14,dev_68,offload,373.5291,373.5291,373.5405,373.5426,11.399999999980537,2.1,11.398205423867896,24.89820542383288,0.005699102711933948,27.6,hit,
task_98_9,dev_98,offload,373.58700000000005,373.58700000000005,373.59700000000004,373.59880000000004,9.999999999990905,1.8000000000000003,9.967069190461894,21.767069190455707,0.0049835345952309465,29.300000000000004,hit,
task_162_6,dev_162,offload,373.8912,373.8912,373.90290000000005,373.90520000000004,11.700000000018917,2.3,11.678314530219133,25.678314530229137,0.0058391572651095664,27.5,hit,
task_110_9,dev_110,offload,373.9271,373.9271,373.94230000000005,373.9451,15.20000000004984,2.8,15.226787497472367,33.22678749750147,0.007613393748736184,21.9,miss,
task_126_10,dev_126,offload,373.9475,373.9475,373.95820000000003,373.96020000000004,10.700000000042564,2.0,10.67299928656974,23.372999286621855,0.00533649964328487,24.0,hit,
task_138_14,dev_138,offload,374.2996,374.2996,374.3114,374.3136,11.799999999993815,2.2,11.843278752386718,25.84327875239672,0.005921639376193359,27.1,hit,
task_130_10,dev_130,offload,374.428,374.428,374.44350000000003,374.4463,15.500000000031378,2.8,15.53850262266781,33.83850262267845,0.007769251311333905,29.1,miss,
task_130_11,dev_130,offload,374.4681,374.4681,374.4782,374.48,10.100000000022646,1.8000000000000003,10.052509571918602,21.95250957194416,0.005026254785959301,22.9,hit,
task_130_12,dev_130,offload,374.4898,374.4898,374.50300000000004,374.5054,13.20000000004029,2.4000000000000004,13.20705539643475,28.807055396441026,0.006603527698217375,29.300000000000004,hit,
task_136_9,dev_136,offload,374.8259,374.8259,374.8374,374.83950000000004,11.500000000012278,2.1,11.519033540253691,25.11903354030726,0.005759516770126845,24.7,miss,
task_72_10,dev_72,offload,375.0235,375.0235,375.03650000000005,375.0389,13.000000000033651,2.4000000000000004,12.998404707877906,28.398404707877543,0.006499202353938954,24.800000000000004,miss,
task_73_9,dev_73,offload,375.5564,375.5564,375.5677,375.56980000000004,11.300000000005639,2.1,11.28503472629854,24.68503472634547,0.005642517363149271,25.500000000000004,hit,
task_163_8,dev_163,offload,375.63710000000003,375.63710000000003,375.6504,375.6528,13.299999999958345,2.4000000000000004,13.2965153681328,28.996515368113975,0.0066482576840664,28.1,miss,
task_60_8,dev_60,offload,375.69390000000004,375.69390000000004,375.7061,375.70840000000004,12.19999999995025,2.3,12.249066941683108,26.74906694168129,0.006124533470841554,28.5,hit,
task_11_11,dev_11,local,375.8501,375.8501,,,0.0,0.0,0.0,,0.0,21.8,drop,
task_134_10,dev_134,offload,376.0457,376.0457,376.05780000000004,376.0599,12.100000000032196,2.1,12.06840440385387,26.268404403870512,0.006034202201926935,29.6,hit,
task_144_10,dev_144,offload,376.0581,376.0581,376.07370000000003,376.0765,15.600000000006276,2.8,15.639670698575484,34.039670698561025,0.007819835349287742,20.1,miss,
task_34_9,dev_34,local,376.1465,376.1465,,,0.0,0.0,0.0,,0.0,27.900000000000002,drop,
task_83_10,dev_83,offload,376.1963,376.1963,376.2065,376.20840000000004,10.199999999997544,1.9,10.183007640515369,22.283007640547567,0.0050915038202576845,28.7,hit,
task_187_8,dev_187,offload,376.5015,376.5015,376.51480000000004,376.5172,13.300000000015189,2.4000000000000004,13.294421588869517,28.99442158885069,0.006647210794434758,20.800000000000004,miss,
task_72_11,dev_72,local,376.6163,376.6163,,,0.0,0.0,0.0,,0.0,27.8,drop,
task_127_11,dev_127,offload,376.9886,376.9886,377.00050000000005,377.0027,11.900000000025557,2.2,11.889843871313719,25.98984387129862,0.00594492193565686,26.700000000000003,hit,
task_105_10,dev_105,offload,377.00370000000004,377.00370000000004,377.0154,377.01750000000004,11.699999999962074,2.1,11.707226232601785,25.50722623260515,0.005853613116300892,24.800000000000004,miss,
task_14_5,dev_14,offload,377.0674,377.0674,377.0824,377.0851,14.999999999986358,2.7,15.047582402577172,32.74758240256789,0.007523791201288586,22.4,miss,
task_167_7,dev_167,offload,377.4021,377.4021,377.4133,377.4153,11.199999999973898,2.0,11.231480517653917,24.431480517637365,0.005615740258826959,27.5,hit,
task_7_12,dev_7,offload,377.41920000000005,377.41920000000005,377.4321,377.4345,12.899999999945067,2.4000000000000004,12.922105175731557,28.222105175699454,0.006461052587865779,20.7,miss,
task_180_7,dev_180,offload,377.4484,377.4484,377.461,377.46340000000004,12.600000000020373,2.4000000000000004,12.57802246895355,27.57802246899675,0.006289011234476775,25.8,miss,
task_38_4,dev_38,offload,377.5273,377.5273,377.5401,377.54240000000004,12.799999999970169,2.3,12.845122225557413,27.94512222557551,0.006422561112778707,25.3,miss,
task_33_5,dev_33,offload,377.6641,377.6641,377.6755,377.67760000000004,11.399999999980537,2.1,11.41950999109163,24.919509991113458,0.005709754995545815,22.6,miss,
task_139_9,dev_139,offload,377.6643,377.6643,377.67900000000003,377.68170000000003,14.70000000000482,2.7,14.725580301310103,32.12558030131929,0.007362790150655051,26.3,miss,
task_185_10,dev_185,offload,377.9237,377.9237,377.9374,377.9399,13.700000000028467,2.5,13.73814573109627,29.93814573112246,0.006869072865548134,21.6,miss,
task_36_9,dev_36,offload,378.1048,378.1048,378.1173,378.1196,12.499999999988631,2.3,12.518628318308243,27.318628318287963,0.0062593141591541215,28.1,hit,
task_106_6,dev_106,offload,378.4411,378.4411,378.45250000000004,378.4546,11.40000000003738,2.1,11.415036404981993,24.91503640500382,0.005707518202490997,26.4,hit,
task_67_7,dev_67,offload,378.7647,378.7647,378.77750000000003,378.7798,12.800000000027012,2.3,12.838728495546258,27.938728495564355,0.006419364247773129,25.1,miss,
task_63_14,dev_63,offload,379.1421,379.1421,379.15270000000004,379.1546,10.600000000010823,1.9,10.615991814699404,23.115991814688037,0.005307995907349702,25.6,hit,
task_21_13,dev_21,offload,379.4452,379.4452,379.4578,379.46020000000004,12.600000000020373,2.4000000000000004,12.582138727169635,27.582138727212836,0.0062910693635848175,25.1,miss,
task_166_9,dev_166,offload,379.5625,379.5625,379.5769,379.5796,14.400000000023283,2.7,14.43389467869912,31.533894678726767,0.00721694733934956,25.2,miss,
task_8_7,dev_8,offload,379.9869,379.9869,380.0015,380.0042,14.600000000029922,2.7,14.624589231709647,31.924589231743937,0.007312294615854823,22.700000000000003,miss,
task_58_14,dev_58,offload,380.0817,380.0817,380.0937,380.09590000000003,12.000000000000455,2.2,12.020832024849046,26.22083202486569,0.0060104160124245225,24.1,miss,
task_16_10,dev_16,offload,380.214,380.214,380.2258,380.228,11.799999999993815,2.2,11.82472629097002,25.824726290980024,0.00591236314548501,26.6,hit,
task_57_5,dev_57,offload,380.69280000000003,380.69280000000003,380.7033,380.7053,10.499999999979082,2.0,10.548561981021969,23.0485619810106,0.005274280990510984,24.1,hit,
task_52_10,dev_52,offload,380.72450000000003,380.72450000000003,380.73990000000003,380.7427,15.399999999999636,2.8,15.395830388213724,33.595830388192624,0.007697915194106862,27.900000000000002,miss,
task_106_7,dev_106,offload,381.0418,381.0418,381.05530000000005,381.05780000000004,13.500000000021828,2.5,13.468564297652177,29.468564297671733,0.006734282148826089,28.7,miss,
task_120_7,dev_120,offload,381.05080000000004,381.05080000000004,381.0654,381.0681,14.599999999973079,2.7,14.56923096384282,31.869230963820264,0.00728461548192141,21.5,miss,
task_167_8,dev_167,offload,381.6033,381.6033,381.6168,381.6193,13.500000000021828,2.5,13.49521044444882,29.495210444468373,0.006747605222224409,24.400000000000002,miss,
task_72_12,dev_72,offload,381.61690000000004,381.61690000000004,381.6288,381.63100000000003,11.899999999968713,2.2,11.889151040554584,25.989151040539486,0.005944575520277292,26.000000000000004,hit,
task_129_8,dev_129,offload,381.8086,381.8086,381.8213,381.8236,12.69999999999527,2.3,12.743235696866387,27.743235696852743,0.006371617848433194,27.900000000000002,hit,
task_2_7,dev_2,offload,381.9286,381.9286,381.9411,381.9436,12.499999999988631,2.5,12.525772940017191,27.52577294000355,0.006262886470008596,25.500000000000004,miss,
task_93_12,dev_93,local,382.0183,382.0183,,,0.0,0.0,0.0,,0.0,24.400000000000002,drop,
task_15_11,dev_15,offload,382.1535,382.1535,382.1642,382.16610000000003,10.699999999985721,1.9,10.713872675423113,23.313872675443484,0.005356936337711556,23.200000000000003,miss,
task_85_13,dev_85,offload,382.3238,382.3238,382.3363,382.33860000000004,12.499999999988631,2.3,12.495383263128511,27.29538326316507,0.006247691631564255,23.900000000000002,miss,
task_172_8,dev_172,local,382.68420000000003,382.68420000000003,,,0.0,0.0,0.0,,0.0,29.7,drop,
task_12_12,dev_12,local,382.74670000000003,382.74670000000003,,,0.0,0.0,0.0,,0.0,24.900000000000002,drop,
task_10_10,dev_10,offload,382.7733,382.7733,382.7874,382.79,14.099999999984902,2.6000000000000005,14.127204709994345,30.827204710008715,0.007063602354997173,23.8,miss,
task_167_9,dev_167,offload,382.9305,382.9305,382.94280000000003,382.945,12.300000000038835,2.2,12.262250589588149,26.76225058958633,0.006131125294794074,22.2,miss,
task_75_12,dev_75,offload,383.2969,383.2969,383.3089,383.31100000000004,12.000000000000455,2.1,11.952778837751628,26.052778837793376,0.005976389418875815,25.400000000000002,miss,
task_194_7,dev_194,offload,384.2522,384.2522,384.2642,384.2663,12.000000000000455,2.1,12.030448852250608,26.13044885223551,0.006015224426125304,25.6,miss,
task_12_13,dev_12,offload,384.3738,384.3738,384.3858,384.38800000000003,12.000000000000455,2.2,12.04337738632933,26.243377386345976,0.006021688693164665,24.3,miss,
task_60_9,dev_60,offload,384.6345,384.6345,384.6453,384.64730000000003,10.800000000017462,2.0,10.769368862675597,23.56936886270261,0.005384684431337799,29.1,hit,
task_65_9,dev_65,offload,384.7871,384.7871,384.8023,384.80510000000004,15.199999999992997,2.8,15.218974205862173,33.21897420589128,0.007609487102931086,29.6,miss,
task_81_13,dev_81,offload,385.2276,385.2276,385.2391,385.2412,11.500000000012278,2.1,11.474200032034897,25.074200032031623,0.005737100016017449,22.6,miss,
task_133_10,dev_133,offload,385.32210000000003,385.32210000000003,385.3344,385.33660000000003,12.299999999981992,2.2,12.257232421287437,26.757232421285618,0.0061286162106437185,23.8,miss,
task_154_9,dev_154,offload,385.64950000000005,385.64950000000005,385.6614,385.6635,11.899999999968713,2.1,11.867820759178535,25.867820759131696,0.005933910379589268,23.5,miss,
task_47_13,dev_47,local,385.8534,385.8534,,,0.0,0.0,0.0,,0.0,23.0,drop,
task_115_11,dev_115,offload,386.68260000000004,386.68260000000004,386.6974,386.70000000000005,14.799999999979718,2.6000000000000005,14.77461809728717,32.17461809729636,0.007387309048643586,28.3,miss,
task_33_6,dev_33,offload,386.6934,386.6934,386.70730000000003,386.70980000000003,13.900000000035106,2.5,13.872625964580918,30.272625964613752,0.006936312982290459,25.400000000000002,miss,
task_142_9,dev_142,offload,387.70840000000004,387.70840000000004,387.7196,387.72180000000003,11.199999999973898,2.2,11.196752649437952,24.59675264942804,0.005598376324718976,27.6,hit,
task_189_6,dev_189,offload,387.8523,387.8523,387.8638,387.8659,11.500000000012278,2.1,11.488651616691259,25.088651616687983,0.00574432580834563,28.6,hit,
task_169_9,dev_169,offload,387.88530000000003,387.88530000000003,387.8971,387.8992,11.799999999993815,2.1,11.764004024041366,25.66400402401963,0.005882002012020683,29.1,hit,
task_189_7,dev_189,offload,387.98040000000003,387.98040000000003,387.9947,387.9973,14.299999999991542,2.6000000000000005,14.260269970393713,31.16026997035788,0.007130134985196856,22.1,miss,
task_150_12,dev_150,offload,388.19050000000004,388.19050000000004,388.2061,388.2089,15.599999999949432,2.8,15.551562834936364,33.9515628349219,0.007775781417468182,21.8,miss,
task_90_12,dev_90,local,388.38,388.38,,,0.0,0.0,0.0,,0.0,22.700000000000003,drop,
task_13_6,dev_13,offload,388.3807,388.3807,388.39660000000003,388.39950000000005,15.900000000044656,2.9000000000000004,15.90979397250455,34.70979397256021,0.007954896986252276,23.1,miss,
task_93_13,dev_93,offload,388.4871,388.4871,388.4997,388.502,12.600000000020373,2.3,12.589519645522358,27.489519645533818,0.006294759822761179,26.200000000000003,miss,
task_101_9,dev_101,offload,388.627,388.627,388.6412,388.6438,14.200000000016644,2.6000000000000005,14.240300606891644,31.040300606880912,0.007120150303445822,23.1,miss,
task_190_10,dev_190,offload,388.8446,388.8446,388.85740000000004,388.85970000000003,12.800000000027012,2.3,12.813932467849233,27.913932467867333,0.006406966233924617,26.500000000000004,miss,
task_113_9,dev_113,offload,388.9875,388.9875,389.00140000000005,389.00390000000004,13.900000000035106,2.5,13.909767652190656,30.30976765222349,0.006954883826095328,20.3,miss,
task_197_12,dev_197,offload,389.0996,389.0996,389.1128,389.1152,13.199999999983447,2.4000000000000004,13.165590903759382,28.765590903765656,0.006582795451879691,23.700000000000003,miss,
task_40_10,dev_40,offload,389.1282,389.1282,389.1385,389.1404,10.300000000029286,1.9,10.257437468566772,22.457437468573865,0.005128718734283386,24.3,hit,
task_25_9,dev_25,offload,389.41110000000003,389.41110000000003,389.4238,389.4261,12.69999999999527,2.3,12.712210389428423,27.71221038941478,0.006356105194714212,26.6,miss,
task_128_7,dev_128,offload,389.4739,389.4739,389.4859,389.48810000000003,12.000000000000455,2.2,12.028028091278516,26.228028091295158,0.006014014045639258,25.7,miss,
task_18_6,dev_18,offload,389.48130000000003,389.48130000000003,389.4952,389.4977,13.899999999978263,2.5,13.935435793012998,30.33543579298899,0.006967717896506498,24.0,miss,
task_38_5,dev_38,offload,389.656,389.656,389.6673,389.6694,11.300000000005639,2.1,11.270275569178496,24.67027556916858,0.005635137784589248,25.1,hit,
task_153_12,dev_153,offload,390.0529,390.0529,390.06550000000004,390.06780000000003,12.600000000020373,2.3,12.588185524067452,27.48818552407891,0.006294092762033726,29.1,hit,
task_148_10,dev_148,offload,390.11150000000004,390.11150000000004,390.12100000000004,390.12280000000004,9.500000000002728,1.8000000000000003,9.514401193587902,20.81440119359354,0.0047572005967939516,23.3,hit,
task_73_10,dev_73,offload,390.2054,390.2054,390.2182,390.2205,12.800000000027012,2.3,12.774230077712101,27.8742300777302,0.006387115038856051,23.400000000000002,miss,
task_137_5,dev_137,offload,390.48940000000005,390.48940000000005,390.50280000000004,390.50530000000003,13.399999999990087,2.5,13.439254814523537,29.33925481451135,0.006719627407261768,25.1,miss,
task_116_12,dev_116,offload,391.0294,391.0294,391.0453,391.0482,15.899999999987813,2.9000000000000004,15.936570310356345,34.73657031035516,0.007968285155178173,24.900000000000002,miss,
task_170_7,dev_170,offload,391.24580000000003,391.24580000000003,391.26070000000004,391.26340000000005,14.90000000001146,2.7,14.935616303968267,32.53561630398409,0.007467808151984134,24.200000000000003,miss,
task_184_11,dev_184,offload,392.3922,392.3922,392.4062,392.4087,14.000000000010004,2.5,14.015616461982464,30.515616461990195,0.007007808230991232,24.7,miss,
task_43_12,dev_43,offload,392.57910000000004,392.57910000000004,392.5924,392.595,13.299999999958345,2.6000000000000005,13.31827852443835,29.21827852442616,0.006659139262219175,21.8,miss,
task_135_9,dev_135,offload,392.9044,392.9044,392.9178,392.9202,13.399999999990087,2.4000000000000004,13.377899340396839,29.177899340409752,0.00668894967019842,21.400000000000002,miss,
task_177_12,dev_177,offload,392.9467,392.9467,392.96090000000004,392.9635,14.200000000016644,2.6000000000000005,14.181765013099294,30.981765013088562,0.0070908825065496475,26.700000000000003,miss,
task_8_8,dev_8,offload,393.44660000000005,393.44660000000005,393.45910000000003,393.4614,12.499999999988631,2.3,12.458428721636734,27.258428721616454,0.006229214360818367,25.400000000000002,miss,
task_26_7,dev_26,offload,393.52860000000004,393.52860000000004,393.5426,393.5452,13.999999999953161,2.6000000000000005,13.957757823101952,30.55775782308458,0.006978878911550976,22.500000000000004,miss,
task_51_13,dev_51,offload,393.55760000000004,393.55760000000004,393.5711,393.5736,13.499999999964984,2.5,13.495900944641223,29.49590094460393,0.006747950472320611,28.0,miss,
task_179_6,dev_179,offload,393.57370000000003,393.57370000000003,393.58480000000003,393.58680000000004,11.099999999999,2.0,11.080573724593272,24.18057372460182,0.005540286862296636,21.3,miss,
task_124_10,dev_124,offload,393.71360000000004,393.71360000000004,393.7249,393.72700000000003,11.299999999948795,2.1,11.27488051038542,24.67488051037551,0.00563744025519271,28.400000000000002,hit,
task_38_6,dev_38,offload,393.8086,393.8086,393.82280000000003,393.8254,14.200000000016644,2.6000000000000005,14.19466757841216,30.994667578401426,0.00709733378920608,28.400000000000002,miss,
task_6_5,dev_6,offload,393.9886,393.9886,393.99780000000004,393.9995,9.200000000021191,1.7000000000000002,9.156667080377764,20.056667080370126,0.004578333540188882,25.400000000000002,hit,
task_80_8,dev_80,offload,394.01590000000004,394.01590000000004,394.02860000000004,394.031,12.69999999999527,2.4000000000000004,12.655583583375078,27.755583583336332,0.0063277917916875395,27.8,hit,
task_51_14,dev_51,offload,394.03880000000004,394.03880000000004,394.0534,394.0561,14.599999999973079,2.7,14.557439520747474,31.857439520724917,0.007278719760373737,21.3,miss,
task_18_7,dev_18,offload,394.6929,394.6929,394.7053,394.7076,12.400000000013733,2.3,12.44242282180139,27.14242282180621,0.006221211410900695,28.5,hit,
task_177_13,dev_177,offload,395.1258,395.1258,395.1386,395.14090000000004,12.799999999970169,2.3,12.843998025697031,27.943998025715132,0.006421999012848516,27.400000000000002,miss,
task_199_12,dev_199,offload,395.3587,395.3587,395.3697,395.37170000000003,11.000000000024102,2.0,10.999651065307226,23.999651065340878,0.005499825532653613,29.8,hit,
task_115_12,dev_115,offload,395.7866,395.7866,395.7973,395.79920000000004,10.699999999985721,1.9,10.701448320858498,23.30144832087887,0.005350724160429249,26.500000000000004,hit,
task_169_10,dev_169,offload,395.81390000000005,395.81390000000005,395.8274,395.8299,13.499999999964984,2.5,13.485085254861684,29.485085254824394,0.0067425426274308415,20.1,miss,
task_12_14,dev_12,offload,395.90070000000003,395.90070000000003,395.91630000000004,395.91920000000005,15.600000000006276,2.9000000000000004,15.637937720469873,34.13793772048715,0.007818968860234936,28.400000000000002,miss,
task_150_13,dev_150,offload,396.12550000000005,396.12550000000005,396.13750000000005,396.1397,12.000000000000455,2.2,11.985093563790493,26.185093563750293,0.005992546781895246,25.500000000000004,miss,
task_128_8,dev_128,offload,396.13050000000004,396.13050000000004,396.1435,396.14590000000004,12.999999999976808,2.4000000000000004,13.012667006468767,28.412667006468403,0.006506333503234383,23.700000000000003,miss,
task_173_10,dev_173,offload,396.1313,396.1313,396.1469,396.1497,15.600000000006276,2.8,15.593504400859551,33.99350440084509,0.007796752200429776,24.5,miss,
task_55_9,dev_55,offload,396.24080000000004,396.24080000000004,396.2534,396.2556,12.59999999996353,2.2,12.586190627970913,27.386190627950633,0.006293095313985456,22.700000000000003,miss,
task_188_7,dev_188,offload,396.3383,396.3383,396.35060000000004,396.35290000000003,12.300000000038835,2.3,12.347428377775005,26.947428377804926,0.006173714188887502,27.3,hit,
task_14_6,dev_14,offload,396.4209,396.4209,396.4304,396.4321,9.500000000002728,1.7000000000000002,9.50930588233408,20.70930588230798,0.00475465294116704,29.2,hit,
task_54_9,dev_54,offload,396.5074,396.5074,396.5233,396.52610000000004,15.899999999987813,2.8,15.91624086190353,34.61624086192745,0.007958120430951765,29.2,miss,
task_107_7,dev_107,offload,396.92900000000003,396.92900000000003,396.9426,396.9451,13.599999999996726,2.5,13.639725342392978,29.73972534238743,0.006819862671196489,21.5,miss,
task_137_6,dev_137,offload,396.9563,396.9563,396.9681,396.9703,11.799999999993815,2.2,11.820998983121582,25.820998983131588,0.005910499491560791,27.5,hit,
task_136_10,dev_136,offload,397.03810000000004,397.03810000000004,397.0522,397.0548,14.099999999984902,2.6000000000000005,14.118139609959888,30.818139609917417,0.007059069804979944,24.7,miss,
task_164_9,dev_164,offload,397.5075,397.5075,397.5212,397.52360000000004,13.700000000028467,2.4000000000000004,13.652819803754825,29.75281980380612,0.0068264099018774125,23.700000000000003,miss,
task_20_8,dev_20,offload,397.6902,397.6902,397.702,397.7042,11.799999999993815,2.2,11.80775628193636,25.807756281946364,0.00590387814096818,20.1,miss,
task_140_12,dev_140,offload,397.70230000000004,397.70230000000004,397.7166,397.71930000000003,14.299999999991542,2.7,14.313787366783385,31.313787366779295,0.007156893683391693,27.200000000000003,miss,
task_93_14,dev_93,local,397.7431,397.7431,,,0.0,0.0,0.0,,0.0,23.5,drop,
task_134_11,dev_134,offload,397.74490000000003,397.74490000000003,397.75960000000003,397.7622,14.70000000000482,2.6000000000000005,14.650881442891354,31.9508814428688,0.0073254407214456765,21.6,miss,
task_6_6,dev_6,offload,398.8908,398.8908,398.9053,398.908,14.499999999998181,2.7,14.519594264779837,31.719594264782383,0.007259797132389919,29.7,miss,
task_182_9,dev_182,offload,399.16110000000003,399.16110000000003,399.17470000000003,399.17740000000003,13.599999999996726,2.7,13.621707804821218,29.92170780482231,0.006810853902410609,29.900000000000002,miss,
task_124_11,dev_124,offload,399.3374,399.3374,399.3521,399.35470000000004,14.70000000000482,2.6000000000000005,14.655155996687661,31.95515599672195,0.00732757799834383,22.9,miss,
task_85_14,dev_85,offload,399.35740000000004,399.35740000000004,399.3689,399.37100000000004,11.499999999955435,2.1,11.451610399410349,25.051610399407075,0.005725805199705175,22.4,miss,
task_123_6,dev_123,offload,399.4338,399.4338,399.446,399.44820000000004,12.200000000007094,2.2,12.219962021760832,26.619962021784115,0.006109981010880416,23.599999999999998,miss,
task_74_12,dev_74,offload,399.5102,399.5102,399.5222,399.52430000000004,12.000000000000455,2.1,11.993451726530061,26.093451726571807,0.00599672586326503,24.1,miss,
task_64_12,dev_64,offload,399.5306,399.5306,399.5452,399.5478,14.600000000029922,2.6000000000000005,14.594845469123907,31.794845469126454,0.007297422734561953,29.6,miss,
task_148_11,dev_148,offload,399.57140000000004,399.57140000000004,399.58680000000004,399.5896,15.399999999999636,2.8,15.391269236990194,33.5912692369691,0.007695634618495097,27.3,miss,
task_60_10,dev_60,offload,399.84880000000004,399.84880000000004,399.862,399.8645,13.199999999983447,2.5,13.21216958126608,28.912169581247255,0.00660608479063304,27.200000000000003,miss,
task_98_10,dev_98,offload,400.99010000000004,400.99010000000004,401.0051,401.00780000000003,14.999999999986358,2.7,15.030447957741334,32.73044795773205,0.007515223978870667,22.4,miss,
task_150_14,dev_150,offload,401.3775,401.3775,401.3908,401.39320000000004,13.300000000015189,2.4000000000000004,13.283765007184057,28.983765007222075,0.006641882503592028,21.6,miss,
task_175_7,dev_175,offload,401.6263,401.6263,401.64050000000003,401.64300000000003,14.200000000016644,2.5,14.236338485174473,30.93633848518884,0.0071181692425872365,26.4,miss,
task_26_8,dev_26,offload,402.012,402.012,402.02410000000003,402.0264,12.100000000032196,2.3,12.140881126401064,26.540881126424345,0.006070440563200532,23.599999999999998,miss,
task_195_6,dev_195,offload,402.1193,402.1193,402.1318,402.134,12.499999999988631,2.2,12.509748848323866,27.209748848328687,0.0062548744241619336,26.3,miss,
task_167_10,dev_167,offload,402.12170000000003,402.12170000000003,402.13570000000004,402.1383,14.000000000010004,2.6000000000000005,14.045856984694538,30.645856984677167,0.007022928492347269,22.000000000000004,miss,
task_96_8,dev_96,offload,402.4379,402.4379,402.44960000000003,402.4517,11.700000000018917,2.1,11.659331946561547,25.459331946564912,0.005829665973280774,23.8,miss,
task_74_13,dev_74,offload,402.5158,402.5158,402.5283,402.5305,12.499999999988631,2.2,12.485208696181916,27.185208696186734,0.006242604348090958,22.9,miss,
task_193_12,dev_193,offload,402.57750000000004,402.57750000000004,402.5912,402.5937,13.699999999971624,2.5,13.702361371091026,29.902361371060376,0.006851180685545513,27.700000000000003,miss,
task_119_11,dev_119,offload,403.2547,403.2547,403.2653,403.2672,10.600000000010823,1.9,10.623654278642663,23.123654278631292,0.005311827139321331,22.6,miss,
task_166_10,dev_166,offload,403.5167,403.5167,403.52930000000003,403.5317,12.600000000020373,2.4000000000000004,12.607101830537015,27.607101830523373,0.0063035509152685075,24.5,miss,
task_114_9,dev_114,offload,403.583,403.583,403.5919,403.59360000000004,8.89999999998281,1.7000000000000002,8.877332568630422,19.477332568641245,0.004438666284315211,23.8,hit,
task_8_9,dev_8,offload,403.96680000000003,403.96680000000003,403.98060000000004,403.98310000000004,13.800000000003365,2.5,13.845874576798348,30.14587457679944,0.006922937288399174,26.9,miss,
task_56_7,dev_56,offload,404.1039,404.1039,404.117,404.11940000000004,13.10000000000855,2.4000000000000004,13.082476350154154,28.58247635018553,0.006541238175077077,27.1,miss,
task_48_6,dev_48,offload,404.3612,404.3612,404.3739,404.37620000000004,12.69999999999527,2.3,12.748622185856513,27.748622185899713,0.006374311092928257,25.0,miss,
task_9_11,dev_9,offload,404.5088,404.5088,404.5217,404.52410000000003,12.90000000000191,2.4000000000000004,12.896319051719669,28.196319051744407,0.006448159525859834,25.6,miss,
task_32_10,dev_32,offload,404.6678,404.6678,404.6811,404.68350000000004,13.300000000015189,2.4000000000000004,13.332889574624113,29.03288957466213,0.006666444787312056,22.1,miss,
task_70_14,dev_70,offload,404.70000000000005,404.70000000000005,404.71410000000003,404.7167,14.099999999984902,2.6000000000000005,14.09433649090553,30.794336490863056,0.007047168245452765,26.1,miss,
task_186_10,dev_186,offload,404.97970000000004,404.97970000000004,404.9904,404.99240000000003,10.699999999985721,2.0,10.747374599706358,23.44737459970163,0.005373687299853179,21.400000000000002,miss,
task_157_7,dev_157,offload,405.0199,405.0199,405.0317,405.0339,11.799999999993815,2.2,11.828837863543793,25.828837863553797,0.005914418931771897,24.0,miss,
task_78_7,dev_78,offload,405.15250000000003,405.15250000000003,405.16400000000004,405.16610000000003,11.500000000012278,2.1,11.54326582519366,25.143265825190387,0.00577163291259683,24.400000000000002,miss,
task_177_14,dev_177,offload,405.2464,405.2464,405.25980000000004,405.2622,13.40000000004693,2.4000000000000004,13.377685641231388,29.177685641244302,0.006688842820615694,26.8,miss,
task_165_7,dev_165,offload,405.4176,405.4176,405.4306,405.433,13.000000000033651,2.4000000000000004,13.011682483029775,28.41168248302941,0.006505841241514887,23.200000000000003,miss,
task_94_10,dev_94,offload,405.47650000000004,405.47650000000004,405.4878,405.4898,11.299999999948795,2.0,11.25067643582061,24.550676435778954,0.005625338217910305,26.700000000000003,hit,
task_35_14,dev_35,offload,405.5586,405.5586,405.5729,405.5754,14.299999999991542,2.5,14.268268616669081,31.06826861665835,0.0071341343083345405,20.6,miss,
task_119_12,dev_119,offload,405.67670000000004,405.67670000000004,405.6888,405.69100000000003,12.099999999975353,2.2,12.115327529216714,26.415327529208255,0.006057663764608357,29.1,hit,
task_126_11,dev_126,offload,406.21000000000004,406.21000000000004,406.2215,406.2237,11.499999999955435,2.2,11.506115259600813,25.206115259572435,0.005753057629800407,29.1,hit,
task_89_12,dev_89,offload,406.25600000000003,406.25600000000003,406.2703,406.2729,14.299999999991542,2.6000000000000005,14.286617432981481,31.186617432945646,0.007143308716490741,21.8,miss,
task_127_12,dev_127,offload,406.31960000000004,406.31960000000004,406.3322,406.3345,12.59999999996353,2.3,12.644514277791727,27.544514277746345,0.006322257138895863,25.8,miss,
task_172_9,dev_172,offload,406.36420000000004,406.36420000000004,406.3781,406.3806,13.899999999978263,2.5,13.860656948084033,30.260656948060024,0.006930328474042017,25.8,miss,
task_54_10,dev_54,offload,406.4918,406.4918,406.5017,406.50350000000003,9.900000000016007,1.8000000000000003,9.886159635079924,21.58615963509884,0.004943079817539962,21.400000000000002,miss,
task_152_6,dev_152,offload,406.6128,406.6128,406.6236,406.6256,10.800000000017462,2.0,10.807103351308173,23.607103351335184,0.005403551675654087,29.0,hit,
task_8_10,dev_8,offload,406.6222,406.6222,406.6334,406.6354,11.199999999973898,2.0,11.15873613653418,24.358736136517628,0.00557936806826709,24.200000000000003,miss,
task_190_11,dev_190,offload,406.8274,406.8274,406.8383,406.8403,10.89999999999236,2.0,10.855866252874966,23.755866252876878,0.005427933126437483,22.000000000000004,miss,
task_0_9,dev_0,offload,407.0007,407.0007,407.0127,407.01500000000004,12.000000000000455,2.3,12.033957803892232,26.333957803940617,0.006016978901946116,28.6,hit,
task_55_10,dev_55,offload,407.0894,407.0894,407.1001,407.10200000000003,10.699999999985721,1.9,10.694147170383731,23.294147170404102,0.005347073585191865,20.5,miss,
task_178_8,dev_178,offload,407.1421,407.1421,407.1532,407.15520000000004,11.099999999999,2.0,11.098751344508663,24.198751344517213,0.005549375672254332,22.9,miss,
task_167_11,dev_167,offload,407.4374,407.4374,407.4531,407.456,15.699999999981173,2.9000000000000004,15.669590223179403,34.26959022317158,0.007834795111589701,24.1,miss,
task_166_11,dev_166,offload,407.61780000000005,407.61780000000005,407.62940000000003,407.6316,11.599999999987176,2.2,11.644073983329548,25.44407398327607,0.005822036991664774,22.2,miss,
task_59_10,dev_59,offload,407.9318,407.9318,407.945,407.9474,13.199999999983447,2.4000000000000004,13.239567147125776,28.83956714713205,0.006619783573562888,26.6,miss,
task_21_14,dev_21,offload,407.9753,407.9753,407.98900000000003,407.99150000000003,13.700000000028467,2.5,13.705931333164557,29.90593133319075,0.006852965666582279,27.3,miss,
task_65_10,dev_65,offload,408.90810000000005,408.90810000000005,408.92170000000004,408.92420000000004,13.599999999996726,2.5,13.594212805931248,29.6942128059257,0.006797106402965624,27.0,miss,
task_46_12,dev_46,offload,409.01820000000004,409.01820000000004,409.03020000000004,409.0325,12.000000000000455,2.3,12.018597668401883,26.318597668393423,0.0060092988342009416,21.6,miss,
task_198_10,dev_198,offload,409.0799,409.0799,409.0905,409.0924,10.600000000010823,1.9,10.62184395374096,23.12184395372959,0.00531092197687048,27.1,hit,
task_67_8,dev_67,offload,409.56890000000004,409.56890000000004,409.582,409.5844,13.099999999951706,2.4000000000000004,13.108258992844968,28.6082589928195,0.006554129496422484,20.900000000000002,miss,
task_75_13,dev_75,offload,409.63070000000005,409.63070000000005,409.64250000000004,409.6446,11.799999999993815,2.1,11.773822587200245,25.673822587178506,0.005886911293600122,29.900000000000002,hit,
task_189_8,dev_189,offload,409.64270000000005,409.64270000000005,409.65610000000004,409.6585,13.399999999990087,2.4000000000000004,13.360907987919486,29.160907987875557,0.006680453993959743,22.6,miss,
task_192_11,dev_192,offload,410.0496,410.0496,410.0622,410.0645,12.600000000020373,2.3,12.556401118586251,27.45640111859771,0.006278200559293126,24.900000000000002,miss,
task_146_7,dev_146,offload,410.05400000000003,410.05400000000003,410.0649,410.06690000000003,10.89999999999236,2.0,10.86824232337421,23.76824232337612,0.005434121161687105,21.9,miss,
task_128_9,dev_128,offload,410.5842,410.5842,410.5944,410.59630000000004,10.199999999997544,1.9,10.152567868743509,22.252567868775706,0.0050762839343717545,21.400000000000002,miss,
task_149_8,dev_149,offload,410.6248,410.6248,410.6374,410.6397,12.600000000020373,2.3,12.568601968481175,27.468601968492635,0.006284300984240588,29.300000000000004,hit,
task_130_13,dev_130,offload,410.9288,410.9288,410.9422,410.94460000000004,13.399999999990087,2.4000000000000004,13.3573824711788,29.157382471191717,0.0066786912355894,23.5,miss,
task_50_11,dev_50,offload,410.9674,410.9674,410.9801,410.98240000000004,12.69999999999527,2.3,12.698238448445451,27.698238448488652,0.006349119224222726,26.6,miss,
task_5_10,dev_5,offload,411.3931,411.3931,411.40770000000003,411.41040000000004,14.600000000029922,2.7,14.550641018870893,31.85064101890518,0.007275320509435446,22.1,miss,
task_102_10,dev_102,offload,411.5633,411.5633,411.5731,411.5751,9.799999999984266,2.0,9.83163475377773,21.631634753771543,0.004915817376888865,20.200000000000003,miss,
task_105_11,dev_105,offload,411.7151,411.7151,411.72790000000003,411.73040000000003,12.800000000027012,2.5,12.765370889403943,28.06537088942868,0.006382685444701971,27.5,miss,
task_102_11,dev_102,offload,411.8181,411.8181,411.82820000000004,411.83020000000005,10.100000000022646,2.0,10.079072694215409,22.179072694247605,0.005039536347107704,21.8,miss,
task_110_10,dev_110,offload,411.94460000000004,411.94460000000004,411.9581,411.9606,13.499999999964984,2.5,13.46466971952238,29.46466971948509,0.00673233485976119,25.3,miss,
task_99_10,dev_99,offload,412.32910000000004,412.32910000000004,412.3426,412.3451,13.499999999964984,2.5,13.52480710969121,29.52480710965392,0.006762403554845605,26.6,miss,
task_38_7,dev_38,offload,412.33480000000003,412.33480000000003,412.34720000000004,412.34950000000003,12.400000000013733,2.3,12.440930666843593,27.140930666848412,0.006220465333421797,24.1,miss,
task_107_8,dev_107,offload,412.36830000000003,412.36830000000003,412.38320000000004,412.3859,14.90000000001146,2.7,14.922812493447033,32.522812493406015,0.007461406246723517,29.8,miss,
task_187_9,dev_187,offload,412.5136,412.5136,412.5248,412.5269,11.200000000030741,2.1,11.236676826427708,24.536676826442896,0.005618338413213854,23.8,miss,
task_128_10,dev_128,offload,412.5792,412.5792,412.59200000000004,412.59430000000003,12.800000000027012,2.3,12.845216509083969,27.945216509102067,0.0064226082545419845,28.900000000000002,hit,
task_198_11,dev_198,offload,413.10920000000004,413.10920000000004,413.12350000000004,413.1261,14.299999999991542,2.6000000000000005,14.271857525490661,31.171857525454826,0.007135928762745331,21.3,miss,
task_16_11,dev_16,offload,413.59590000000003,413.59590000000003,413.60760000000005,413.60970000000003,11.700000000018917,2.1,11.715988876605385,25.515988876608752,0.005857994438302693,20.5,miss,
task_41_9,dev_41,offload,414.0819,414.0819,414.09360000000004,414.0957,11.700000000018917,2.1,11.661768778055327,25.46176877805869,0.005830884389027664,28.0,hit,
task_47_14,dev_47,offload,414.3484,414.3484,414.36100000000005,414.36330000000004,12.600000000020373,2.3,12.610010381951607,27.510010381963067,0.0063050051909758036,20.5,miss,
task_199_13,dev_199,offload,414.70480000000003,414.70480000000003,414.71930000000003,414.7219,14.499999999998181,2.6000000000000005,14.47379249747897,31.573792497449773,0.007236896248739485,26.700000000000003,miss,
task_19_12,dev_19,offload,415.1381,415.1381,415.15110000000004,415.1535,13.000000000033651,2.4000000000000004,13.045009772503745,28.445009772503383,0.006522504886251872,23.700000000000003,miss,
task_43_13,dev_43,offload,415.2139,415.2139,415.2284,415.2311,14.499999999998181,2.7,14.529414529898803,31.729414529901348,0.007264707264949401,22.000000000000004,miss,
task_5_11,dev_5,offload,415.7319,415.7319,415.7422,415.7441,10.300000000029286,1.9,10.320132723818078,22.52013272382517,0.005160066361909039,27.8,hit,
task_57_6,dev_57,offload,416.1557,416.1557,416.1685,416.17080000000004,12.799999999970169,2.3,12.80082032216392,27.90082032218202,0.00640041016108196,29.2,hit,
task_17_8,dev_17,offload,416.25010000000003,416.25010000000003,416.2611,416.2631,10.999999999967258,2.0,10.976111381368623,23.976111381345433,0.005488055690684311,20.1,miss,
task_7_13,dev_7,offload,417.1639,417.1639,417.1773,417.1797,13.399999999990087,2.4000000000000004,13.366846226244416,29.16684622625733,0.006683423113122208,24.900000000000002,miss,
task_161_9,dev_161,offload,417.22380000000004,417.22380000000004,417.2362,417.23850000000004,12.39999999995689,2.3,12.393169980573319,27.09316998057814,0.00619658499028666,29.6,hit,
task_54_11,dev_54,offload,417.3639,417.3639,417.37550000000005,417.37760000000003,11.60000000004402,2.1,11.63665676020926,25.336656760237727,0.005818328380104629,29.8,hit,
task_144_11,dev_144,offload,417.41580000000005,417.41580000000005,417.428,417.4302,12.19999999995025,2.2,12.167668631543503,26.567668631509942,0.006083834315771751,29.2,hit,
task_140_13,dev_140,offload,417.5147,417.5147,417.52680000000004,417.5291,12.100000000032196,2.3,12.097147566393955,26.49714756641724,0.0060485737831969776,20.0,miss,
task_151_13,dev_151,offload,417.985,417.985,417.9965,417.9986,11.500000000012278,2.1,11.469171806731572,25.0691718067283,0.005734585903365786,21.5,miss,
task_90_13,dev_90,offload,418.12780000000004,418.12780000000004,418.13980000000004,418.142,12.000000000000455,2.2,11.981439547209911,26.18143954716971,0.0059907197736049555,21.1,miss,
task_186_11,dev_186,offload,418.5042,418.5042,418.5174,418.5199,13.199999999983447,2.5,13.247508340141264,28.94750834012244,0.006623754170070632,23.1,miss,
task_83_11,dev_83,offload,418.5081,418.5081,418.5221,418.5247,14.000000000010004,2.6000000000000005,14.03930425524253,30.63930425522516,0.0070196521276212655,26.000000000000004,miss,
task_86_10,dev_86,offload,418.5369,418.5369,418.5479,418.55,11.000000000024102,2.1,11.015749284235943,24.115749284244494,0.005507874642117971,21.2,miss,
task_184_12,dev_184,offload,418.56530000000004,418.56530000000004,418.57890000000003,418.5813,13.599999999996726,2.4000000000000004,13.559907241686453,29.559907241649164,0.006779953620843227,20.6,miss,
task_67_9,dev_67,offload,419.168,419.168,419.18,419.1822,12.000000000000455,2.2,11.972799074288183,26.172799074304827,0.005986399537144091,22.2,miss,
task_126_12,dev_126,offload,419.338,419.338,419.35240000000005,419.3551,14.400000000023283,2.7,14.37189933568585,31.471899335656655,0.007185949667842925,25.3,miss,
task_158_10,dev_158,offload,420.274,420.274,420.28630000000004,420.2885,12.300000000038835,2.2,12.302004412243456,26.802004412241637,0.006151002206121727,23.8,miss,
task_57_7,dev_57,offload,420.4142,420.4142,420.42350000000005,420.4252,9.300000000052933,1.7000000000000002,9.306205233130003,20.306205233154103,0.004653102616565001,22.9,hit,
task_31_6,dev_31,offload,421.03180000000003,421.03180000000003,421.0486,421.05170000000004,16.799999999989268,3.1000000000000005,16.769717854076625,36.66971785408354,0.008384858927038313,23.900000000000002,miss,
task_180_8,dev_180,offload,421.6326,421.6326,421.644,421.64610000000005,11.399999999980537,2.1,11.427005748680052,24.92700574870188,0.005713502874340026,22.000000000000004,miss,
task_46_13,dev_46,offload,421.82750000000004,421.82750000000004,421.8392,421.8414,11.699999999962074,2.2,11.673881792884014,25.573881792862277,0.005836940896442007,23.700000000000003,miss,
task_3_11,dev_3,offload,421.9112,421.9112,421.92240000000004,421.92440000000005,11.200000000030741,2.0,11.213062540527744,24.413062540568035,0.005606531270263872,29.6,hit,
task_183_8,dev_183,offload,422.2665,422.2665,422.2791,422.2814,12.600000000020373,2.3,12.628443664289737,27.528443664301196,0.006314221832144869,20.800000000000004,miss,
task_128_11,dev_128,offload,422.29170000000005,422.29170000000005,422.305,422.30740000000003,13.299999999958345,2.4000000000000004,13.309777109125237,29.00977710910641,0.006654888554562618,21.2,miss,
task_38_8,dev_38,offload,422.33860000000004,422.33860000000004,422.3519,422.3543,13.299999999958345,2.4000000000000004,13.289322585969503,28.989322585950674,0.0066446612929847515,29.300000000000004,hit,
task_81_14,dev_81,offload,422.4791,422.4791,422.49460000000005,422.4974,15.500000000031378,2.8,15.547364835057214,33.84736483506786,0.007773682417528607,22.1,miss,
task_147_10,dev_147,offload,422.567,422.567,422.57910000000004,422.5813,12.100000000032196,2.2,12.140208797233178,26.44020879722472,0.006070104398616589,29.300000000000004,hit,
task_65_11,dev_65,offload,423.113,423.113,423.1267,423.1292,13.700000000028467,2.5,13.701841366515735,29.90184136654193,0.006850920683257868,27.0,miss,
task_120_8,dev_120,offload,423.90070000000003,423.90070000000003,423.91290000000004,423.9152,12.200000000007094,2.3,12.178299181222664,26.678299181220844,0.006089149590611332,28.0,hit,
task_127_13,dev_127,offload,424.2504,424.2504,424.26430000000005,424.26680000000005,13.900000000035106,2.5,13.87626530680258,30.276265306835413,0.00693813265340129,21.0,miss,
task_160_9,dev_160,offload,424.26390000000004,424.26390000000004,424.2742,424.27610000000004,10.299999999972442,1.9,10.264809959269467,22.46480995927656,0.005132404979634734,21.5,miss,
task_53_5,dev_53,offload,425.96770000000004,425.96770000000004,425.9793,425.9814,11.599999999987176,2.1,11.621711007434765,25.32171100740639,0.005810855503717382,20.3,miss,
task_137_7,dev_137,local,425.9687,425.9687,,,0.0,0.0,0.0,,0.0,27.900000000000002,drop,
task_117_7,dev_117,offload,426.16360000000003,426.16360000000003,426.1753,426.17740000000003,11.699999999962074,2.1,11.703339538293978,25.503339538297343,0.005851669769146989,26.3,hit,
task_60_11,dev_60,offload,426.5933,426.5933,426.605,426.60720000000003,11.700000000018917,2.2,11.679710045322514,25.579710045357622,0.005839855022661257,26.3,hit,
task_49_5,dev_49,offload,426.8373,426.8373,426.85060000000004,426.853,13.300000000015189,2.4000000000000004,13.25962369618616,28.959623696167334,0.00662981184809308,27.700000000000003,miss,
task_191_13,dev_191,offload,426.96070000000003,426.96070000000003,426.9725,426.97470000000004,11.799999999993815,2.2,11.811138441416986,25.81113844142699,0.005905569220708493,23.700000000000003,miss,
task_44_14,dev_44,offload,427.4296,427.4296,427.44230000000005,427.44460000000004,12.700000000052114,2.3,12.69198871554907,27.69198871559227,0.006345994357774535,25.400000000000002,miss,
task_195_7,dev_195,offload,427.7755,427.7755,427.7902,427.7928,14.70000000000482,2.6000000000000005,14.695315398185759,31.995315398163203,0.0073476576990928796,28.1,miss,
task_89_13,dev_89,offload,428.0162,428.0162,428.03110000000004,428.03380000000004,14.90000000001146,2.7,14.914386172095469,32.514386172111294,0.007457193086047734,23.1,miss,
task_8_11,dev_8,offload,428.4212,428.4212,428.4348,428.4373,13.599999999996726,2.5,13.588368886930995,29.688368886925446,0.006794184443465498,29.0,miss,
task_195_8,dev_195,offload,428.9459,428.9459,428.9572,428.9592,11.300000000005639,2.0,11.292454004958318,24.592454004973504,0.0056462270024791586,28.900000000000002,hit,
task_64_13,dev_64,offload,429.05510000000004,429.05510000000004,429.06800000000004,429.07030000000003,12.90000000000191,2.3,12.86351979121002,28.063519791203017,0.00643175989560501,21.6,miss,
task_46_14,dev_46,offload,429.0656,429.0656,429.077,429.07910000000004,11.399999999980537,2.1,11.403598028987581,24.90359802900941,0.00570179901449379,24.0,miss,
task_105_12,dev_105,offload,429.1136,429.1136,429.12600000000003,429.1283,12.400000000013733,2.3,12.38125644355982,27.08125644356464,0.0061906282217799105,22.700000000000003,miss,
task_171_9,dev_171,offload,429.3102,429.3102,429.32480000000004,429.32750000000004,14.600000000029922,2.7,14.592638286078314,31.8926382861126,0.007296319143039157,22.8,miss,
task_169_11,dev_169,offload,429.3218,429.3218,429.33410000000003,429.3364,12.300000000038835,2.3,12.347960721407068,26.947960721436992,0.006173980360703534,29.8,hit,
task_166_12,dev_166,offload,429.41900000000004,429.41900000000004,429.4305,429.4327,11.499999999955435,2.2,11.47058224993608,25.170582249907703,0.005735291124968039,23.8,miss,
task_80_9,dev_80,offload,430.2905,430.2905,430.30280000000005,430.30510000000004,12.300000000038835,2.3,12.279651474100628,26.87965147413055,0.006139825737050314,23.700000000000003,miss,
task_120_9,dev_120,local,430.33660000000003,430.33660000000003,,,0.0,0.0,0.0,,0.0,22.6,drop,
task_41_10,dev_41,offload,430.38480000000004,430.38480000000004,430.39910000000003,430.4017,14.299999999991542,2.6000000000000005,14.323257411621197,31.223257411585365,0.007161628705810599,28.200000000000003,miss,
task_129_9,dev_129,offload,430.72360000000003,430.72360000000003,430.73650000000004,430.7388,12.90000000000191,2.3,12.874188779101607,28.074188779094605,0.006437094389550803,28.900000000000002,hit,
task_23_9,dev_23,offload,430.822,430.822,430.8356,430.8381,13.599999999996726,2.5,13.641975427076517,29.74197542707097,0.006820987713538259,24.900000000000002,miss,
task_76_11,dev_76,local,430.9135,430.9135,,,0.0,0.0,0.0,,0.0,21.8,drop,
task_20_9,dev_20,offload,431.1082,431.1082,431.1216,431.1241,13.399999999990087,2.5,13.414155437665752,29.314155437653564,0.006707077718832876,24.0,miss,
task_199_14,dev_199,offload,431.151,431.151,431.1653,431.16790000000003,14.299999999991542,2.6000000000000005,14.341689438165455,31.241689438186462,0.007170844719082727,22.000000000000004,miss,
task_184_13,dev_184,offload,431.5085,431.5085,431.5203,431.52250000000004,11.799999999993815,2.2,11.810219695943195,25.8102196959532,0.005905109847971597,26.1,hit,
task_121_6,dev_121,local,432.13890000000004,432.13890000000004,,,0.0,0.0,0.0,,0.0,23.200000000000003,drop,
task_40_11,dev_40,offload,432.35970000000003,432.35970000000003,432.3745,432.37730000000005,14.799999999979718,2.8,14.808504397079608,32.408504397095435,0.007404252198539804,20.900000000000002,miss,
task_115_13,dev_115,offload,432.5616,432.5616,432.576,432.5786,14.400000000023283,2.6000000000000005,14.401002163181973,31.40100216317788,0.007200501081590986,24.1,miss,
task_39_10,dev_39,offload,432.7801,432.7801,432.791,432.793,10.89999999999236,2.0,10.930671507545762,23.83067150754767,0.005465335753772881,26.500000000000004,hit,
task_34_10,dev_34,offload,432.7808,432.7808,432.79600000000005,432.7987,15.20000000004984,2.7,15.166081782220557,33.06608178221792,0.0075830408911102785,21.8,miss,
task_145_10,dev_145,offload,432.88070000000005,432.88070000000005,432.89390000000003,432.8963,13.199999999983447,2.4000000000000004,13.213617519567538,28.81361751951697,0.006606808759783769,23.8,miss,
task_22_10,dev_22,offload,433.2979,433.2979,433.30870000000004,433.3109,10.800000000017462,2.2,10.761019119372193,23.761019119349,0.005380509559686096,26.500000000000004,hit,
task_168_5,dev_168,offload,433.7298,433.7298,433.7407,433.7427,10.89999999999236,2.0,10.878491141615601,23.77849114161751,0.005439245570807801,21.7,miss,
task_96_9,dev_96,offload,433.9467,433.9467,433.9601,433.96250000000003,13.399999999990087,2.4000000000000004,13.382825377313265,29.182825377326182,0.0066914126886566325,26.6,miss,
task_184_14,dev_184,offload,434.156,434.156,434.17,434.1725,14.000000000010004,2.5,14.04503886185482,30.54503886186255,0.007022519430927411,22.8,miss,
task_163_9,dev_163,offload,434.22040000000004,434.22040000000004,434.23490000000004,434.23760000000004,14.499999999998181,2.7,14.54136312405811,31.741363124060655,0.007270681562029055,25.2,miss,
task_33_7,dev_33,offload,434.345,434.345,434.3589,434.3614,13.899999999978263,2.5,13.88802363159171,30.288023631567697,0.006944011815795854,25.900000000000002,miss,
task_197_13,dev_197,local,434.49690000000004,434.49690000000004,,,0.0,0.0,0.0,,0.0,23.0,drop,
task_43_14,dev_43,offload,434.90950000000004,434.90950000000004,434.9225,434.92490000000004,12.999999999976808,2.4000000000000004,12.979028656161079,28.379028656160713,0.006489514328080539,27.0,miss,
task_45_11,dev_45,offload,435.4535,435.4535,435.4682,435.47090000000003,14.70000000000482,2.7,14.732874307449439,32.13287430745862,0.00736643715372472,21.0,miss,
task_118_10,dev_118,offload,435.45480000000003,435.45480000000003,435.4682,435.47060000000005,13.399999999990087,2.4000000000000004,13.373545558436984,29.1735455584499,0.0066867727792184915,29.500000000000004,hit,
task_36_10,dev_36,offload,436.2113,436.2113,436.2232,436.22540000000004,11.900000000025557,2.2,11.947846706802322,26.04784670684407,0.005973923353401161,28.800000000000004,hit,
task_5_12,dev_5,offload,436.5924,436.5924,436.6044,436.6066,12.000000000000455,2.2,12.035644371353701,26.235644371370345,0.0060178221856768506,29.300000000000004,hit,
task_91_6,dev_91,offload,436.6281,436.6281,436.63960000000003,436.6417,11.500000000012278,2.1,11.541504541433861,25.141504541430585,0.00577075227071693,25.6,hit,
task_23_10,dev_23,offload,436.7418,436.7418,436.7568,436.7595,14.999999999986358,2.7,15.020269408727469,32.720269408718195,0.007510134704363734,21.0,miss,
task_91_7,dev_91,offload,437.0826,437.0826,437.09590000000003,437.0983,13.300000000015189,2.4000000000000004,13.276091455823368,28.976091455804543,0.006638045727911684,22.000000000000004,miss,
task_80_10,dev_80,offload,437.15520000000004,437.15520000000004,437.16900000000004,437.1716,13.800000000003365,2.6000000000000005,13.844989025230712,30.2449890252067,0.006922494512615356,29.300000000000004,miss,
task_57_8,dev_57,offload,437.27000000000004,437.27000000000004,437.2815,437.28360000000004,11.499999999955435,2.1,11.457678658024946,25.057678658021672,0.005728839329012473,24.900000000000002,miss,
task_190_12,dev_190,offload,437.5163,437.5163,437.5296,437.53200000000004,13.300000000015189,2.4000000000000004,13.270018988616489,28.970018988654505,0.006635009494308244,28.0,miss,
task_114_10,dev_114,offload,437.5787,437.5787,437.5889,437.5908,10.199999999997544,1.9,10.17172714175379,22.271727141729144,0.005085863570876895,28.1,hit,
task_31_7,dev_31,offload,437.59700000000004,437.59700000000004,437.6118,437.6145,14.799999999979718,2.7,14.807718355467705,32.30771835545179,0.007403859177733852,22.000000000000004,miss,
task_159_9,dev_159,offload,438.1512,438.1512,438.16560000000004,438.1682,14.400000000023283,2.6000000000000005,14.423510545616722,31.42351054561263,0.007211755272808361,23.400000000000002,miss,
task_18_8,dev_18,offload,438.17240000000004,438.17240000000004,438.1838,438.1859,11.399999999980537,2.1,11.435760728451879,24.935760728416863,0.005717880364225939,20.200000000000003,miss,
task_57_9,dev_57,offload,438.79740000000004,438.79740000000004,438.81080000000003,438.8132,13.399999999990087,2.4000000000000004,13.358176533825084,29.158176533781155,0.006679088266912542,22.8,miss,
task_122_9,dev_122,offload,438.9445,438.9445,438.95520000000005,438.95730000000003,10.700000000042564,2.1,10.716909705841191,23.5169097058682,0.005358454852920596,28.400000000000002,hit,
task_24_9,dev_24,offload,438.9864,438.9864,439.0025,439.0054,16.099999999994452,2.9000000000000004,16.09737157754584,35.0973715775513,0.00804868578877292,22.2,miss,
task_15_12,dev_15,offload,439.1386,439.1386,439.1519,439.15430000000003,13.300000000015189,2.4000000000000004,13.266052793141666,28.966052793179685,0.006633026396570833,20.7,miss,
task_60_12,dev_60,offload,439.37550000000005,439.37550000000005,439.38710000000003,439.38930000000005,11.599999999987176,2.2,11.634176684345137,25.4341766843485,0.005817088342172569,27.6,hit,
task_160_10,dev_160,offload,439.70550000000003,439.70550000000003,439.71610000000004,439.71810000000005,10.600000000010823,2.0,10.574519689689405,23.174519689709776,0.005287259844844703,27.900000000000002,hit,
task_153_13,dev_153,offload,440.1458,440.1458,440.15770000000003,440.1599,11.900000000025557,2.2,11.94067195453504,26.040671954519944,0.00597033597726752,22.4,miss,
task_186_12,dev_186,offload,440.3639,440.3639,440.3779,440.38050000000004,14.000000000010004,2.6000000000000005,14.031520614286825,30.6315206143263,0.0070157603071434125,26.3,miss,
task_17_9,dev_17,offload,440.51320000000004,440.51320000000004,440.52770000000004,440.5303,14.499999999998181,2.6000000000000005,14.478990430685206,31.578990430656013,0.007239495215342603,26.700000000000003,miss,
task_151_14,dev_151,offload,440.7251,440.7251,440.7368,440.7389,11.700000000018917,2.1,11.72929779632773,25.529297796331093,0.0058646488981638645,20.3,miss,
task_187_10,dev_187,offload,440.93890000000005,440.93890000000005,440.95300000000003,440.9556,14.099999999984902,2.6000000000000005,14.10766445212326,30.807664452080786,0.00705383222606163,25.900000000000002,miss,
task_16_12,dev_16,offload,441.06080000000003,441.06080000000003,441.0713,441.07320000000004,10.499999999979082,1.9,10.49387262975893,22.893872629772666,0.005246936314879465,29.0,hit,
task_115_14,dev_115,offload,441.08520000000004,441.08520000000004,441.0983,441.10060000000004,13.099999999951706,2.3,13.0695781835053,28.469578183504936,0.00653478909175265,24.6,miss,
task_133_11,dev_133,offload,441.08930000000004,441.08930000000004,441.1021,441.1044,12.799999999970169,2.3,12.826942223713438,27.926942223674693,0.006413471111856719,26.6,miss,
task_98_11,dev_98,offload,441.5876,441.5876,441.6001,441.60240000000005,12.499999999988631,2.3,12.528957749884409,27.32895774992097,0.006264478874942204,22.1,miss,
task_52_11,dev_52,offload,441.6395,441.6395,441.651,441.6531,11.500000000012278,2.1,11.512036177027873,25.1120361770246,0.0057560180885139365,24.800000000000004,miss,
task_192_12,dev_192,offload,441.7316,441.7316,441.74330000000003,441.7454,11.700000000018917,2.1,11.676170953258701,25.476170953262066,0.00583808547662935,24.400000000000002,miss,
task_105_13,dev_105,offload,442.0955,442.0955,442.1093,442.1118,13.800000000003365,2.5,13.815983498016974,30.115983498018068,0.006907991749008488,24.900000000000002,miss,
task_165_8,dev_165,offload,442.1771,442.1771,442.1873,442.1892,10.199999999997544,1.9,10.220899146101326,22.32089914613352,0.005110449573050663,23.599999999999998,hit,
task_96_10,dev_96,offload,442.28810000000004,442.28810000000004,442.29830000000004,442.3002,10.199999999997544,1.9,10.239323676747462,22.339323676722813,0.005119661838373731,28.400000000000002,hit,
task_160_11,dev_160,offload,442.493,442.493,442.50660000000005,442.5092,13.60000000005357,2.6000000000000005,13.638735640136709,29.838735640162902,0.006819367820068354,25.8,miss,
task_28_9,dev_28,offload,442.7846,442.7846,442.79670000000004,442.7989,12.100000000032196,2.2,12.059936742848306,26.35993674283985,0.006029968371424153,26.8,hit,
task_73_11,dev_73,offload,443.4447,443.4447,443.45860000000005,443.46110000000004,13.900000000035106,2.5,13.887672679520367,30.2876726795532,0.006943836339760184,27.5,miss,
task_38_9,dev_38,offload,443.961,443.961,443.97450000000003,443.97700000000003,13.500000000021828,2.5,13.491489133483856,29.49148913350341,0.006745744566741928,21.5,miss,
task_189_9,dev_189,offload,444.7158,444.7158,444.72740000000005,444.72950000000003,11.60000000004402,2.1,11.579140607400928,25.279140607429397,0.005789570303700464,26.6,hit,
task_187_11,dev_187,offload,445.01570000000004,445.01570000000004,445.028,445.03020000000004,12.299999999981992,2.2,12.250278307981029,26.750278307979208,0.006125139153990515,25.6,miss,
task_82_13,dev_82,offload,445.05260000000004,445.05260000000004,445.064,445.0663,11.399999999980537,2.3,11.436021868964831,25.136021868936453,0.005718010934482416,24.5,miss,
task_36_11,dev_36,offload,445.44230000000005,445.44230000000005,445.45520000000005,445.4576,12.90000000000191,2.4000000000000004,12.921325539416937,28.221325539384832,0.006460662769708469,26.000000000000004,miss,
task_130_14,dev_130,offload,446.1232,446.1232,446.1347,446.1368,11.500000000012278,2.1,11.465077456863767,25.065077456860493,0.005732538728431884,25.1,hit,
task_123_7,dev_123,offload,446.319,446.319,446.33070000000004,446.3328,11.700000000018917,2.1,11.684722013426082,25.484722013429447,0.0058423610067130415,21.3,miss,
task_66_11,dev_66,offload,446.4365,446.4365,446.4461,446.4479,9.599999999977626,1.8000000000000003,9.583894933484641,20.98389493346518,0.0047919474667423205,23.1,hit,
task_194_8,dev_194,offload,446.48150000000004,446.48150000000004,446.4938,446.49600000000004,12.299999999981992,2.2,12.265828562885199,26.765828562883378,0.0061329142814426,24.400000000000002,miss,
task_66_12,dev_66,offload,446.9585,446.9585,446.9707,446.973,12.200000000007094,2.3,12.241303275729463,26.741303275727645,0.006120651637864731,27.8,hit,
task_159_10,dev_159,offload,447.19320000000005,447.19320000000005,447.2072,447.20980000000003,13.999999999953161,2.6000000000000005,14.044655761816413,30.644655761799044,0.007022327880908207,24.800000000000004,miss,
task_105_14,dev_105,offload,447.3322,447.3322,447.3453,447.34770000000003,13.10000000000855,2.4000000000000004,13.12649206431291,28.626492064344287,0.006563246032156455,27.1,miss,
task_36_12,dev_36,offload,447.4383,447.4383,447.4511,447.45340000000004,12.799999999970169,2.3,12.84309811042303,27.943098110441127,0.006421549055211515,27.400000000000002,miss,
task_194_9,dev_194,offload,447.5063,447.5063,447.5176,447.5196,11.300000000005639,2.0,11.299832837853856,24.599832837869045,0.005649916418926928,23.700000000000003,miss,
task_162_7,dev_162,offload,447.625,447.625,447.63730000000004,447.63980000000004,12.300000000038835,2.5,12.320009104542937,27.1200091045795,0.006160004552271468,28.200000000000003,hit,
task_148_12,dev_148,offload,447.78470000000004,447.78470000000004,447.8,447.80280000000005,15.299999999967895,2.8,15.283798985196883,33.38379898520088,0.007641899492598442,21.8,miss,
task_32_11,dev_32,offload,448.083,448.083,448.09590000000003,448.0983,12.90000000000191,2.4000000000000004,12.917618812173412,28.217618812141307,0.006458809406086706,25.3,miss,
task_111_8,dev_111,offload,448.72290000000004,448.72290000000004,448.73600000000005,448.7384,13.10000000000855,2.4000000000000004,13.117581063219982,28.617581063194514,0.0065587905316099905,23.5,miss,
task_18_9,dev_18,local,449.33820000000003,449.33820000000003,,,0.0,0.0,0.0,,0.0,21.3,drop,
task_67_10,dev_67,offload,449.4114,449.4114,449.4252,449.4277,13.800000000003365,2.5,13.781339180789415,30.081339180790508,0.006890669590394707,30.000000000000004,miss,
task_145_11,dev_145,offload,449.632,449.632,449.6456,449.6481,13.599999999996726,2.5,13.635904692880779,29.73590469287523,0.006817952346440389,25.900000000000002,miss,
task_171_10,dev_171,offload,449.9311,449.9311,449.94620000000003,449.949,15.100000000018099,2.8,15.11529711166412,33.01529711166148,0.00755764855583206,20.400000000000002,miss,
task_182_10,dev_182,offload,450.055,450.055,450.0667,450.069,11.700000000018917,2.3,11.715934389034869,25.715934389044875,0.005857967194517435,21.3,miss,
task_123_8,dev_123,offload,451.06640000000004,451.06640000000004,451.079,451.08140000000003,12.59999999996353,2.4000000000000004,12.576100923401755,27.57610092338811,0.006288050461700878,20.200000000000003,miss,
task_89_14,dev_89,offload,451.6585,451.6585,451.67060000000004,451.6728,12.100000000032196,2.2,12.134361976989874,26.434361976981414,0.006067180988494937,21.3,miss,
task_109_10,dev_109,offload,451.7708,451.7708,451.78270000000003,451.7849,11.900000000025557,2.2,11.900368904663267,26.00036890464817,0.005950184452331634,24.200000000000003,miss,
task_182_11,dev_182,local,451.8432,451.8432,,,0.0,0.0,0.0,,0.0,23.5,drop,
task_100_6,dev_100,offload,451.99490000000003,451.99490000000003,452.007,452.0093,12.099999999975353,2.3,12.120114625529546,26.520114625495985,0.006060057312764773,20.7,miss,
task_18_10,dev_18,offload,452.1813,452.1813,452.194,452.1963,12.69999999999527,2.3,12.716816849574583,27.716816849560942,0.006358408424787292,22.2,miss,
task_9_12,dev_9,offload,452.5964,452.5964,452.6091,452.6114,12.69999999999527,2.3,12.716026351435277,27.716026351421633,0.006358013175717638,26.1,miss,
task_144_12,dev_144,local,452.7069,452.7069,,,0.0,0.0,0.0,,0.0,21.9,drop,
task_48_7,dev_48,offload,452.76230000000004,452.76230000000004,452.7764,452.779,14.099999999984902,2.6000000000000005,14.1376409413685,30.83764094132603,0.00706882047068425,26.200000000000003,miss,
task_171_11,dev_171,offload,452.81050000000005,452.81050000000005,452.82120000000003,452.82320000000004,10.699999999985721,2.0,10.71565912011765,23.41565912011292,0.0053578295600588246,21.0,miss,
task_122_10,dev_122,offload,452.95410000000004,452.95410000000004,452.96610000000004,452.9685,12.000000000000455,2.4000000000000004,12.0079855375638,26.407985537530237,0.0060039927687819,20.5,miss,
task_78_8,dev_78,offload,452.9957,452.9957,453.00800000000004,453.01030000000003,12.300000000038835,2.3,12.343701906307384,26.943701906337306,0.006171850953153692,21.8,miss,
task_120_10,dev_120,offload,453.2751,453.2751,453.28770000000003,453.2901,12.600000000020373,2.4000000000000004,12.622413898552471,27.62241389853883,0.0063112069492762355,30.000000000000004,hit,
task_190_13,dev_190,local,453.6252,453.6252,,,0.0,0.0,0.0,,0.0,22.2,drop,
task_102_12,dev_102,offload,454.0122,454.0122,454.0247,454.0272,12.499999999988631,2.5,12.526672676285356,27.526672676271716,0.006263336338142678,28.1,hit,
task_3_12,dev_3,offload,454.36760000000004,454.36760000000004,454.3806,454.38300000000004,12.999999999976808,2.4000000000000004,13.036312489443585,28.43631248944322,0.006518156244721792,27.200000000000003,miss,
task_120_11,dev_120,offload,454.94100000000003,454.94100000000003,454.9519,454.954,10.89999999999236,2.1,10.929556287144383,23.92955628712119,0.0054647781435721915,24.900000000000002,hit,
task_160_12,dev_160,offload,455.5486,455.5486,455.56460000000004,455.5676,16.000000000019554,3.0,15.978046818536054,34.978046818541515,0.007989023409268027,21.8,miss,
task_32_12,dev_32,offload,455.68980000000005,455.68980000000005,455.7035,455.706,13.699999999971624,2.5,13.719379684174717,29.91937968414407,0.006859689842087359,23.5,miss,
task_0_10,dev_0,offload,455.7739,455.7739,455.7871,455.7896,13.199999999983447,2.5,13.196479330434391,28.896479330415566,0.006598239665217195,22.9,miss,
task_169_12,dev_169,offload,455.7808,455.7808,455.7932,455.7955,12.400000000013733,2.3,12.405645764817637,27.105645764822455,0.006202822882408818,26.1,miss,
task_167_12,dev_167,offload,456.1109,456.1109,456.1229,456.12510000000003,12.000000000000455,2.2,11.997921399743108,26.19792139975975,0.005998960699871554,27.400000000000002,hit,
task_24_10,dev_24,offload,456.1922,456.1922,456.20570000000004,456.2081,13.500000000021828,2.4000000000000004,13.465548564029802,29.365548564017615,0.006732774282014901,25.0,miss,
task_135_10,dev_135,offload,456.27430000000004,456.27430000000004,456.2869,456.2891,12.59999999996353,2.2,12.627202705554081,27.4272027055338,0.0063136013527770405,21.9,miss,
task_71_9,dev_71,offload,457.4234,457.4234,457.4347,457.4368,11.300000000005639,2.1,11.323941662544854,24.72394166253494,0.005661970831272427,28.7,hit,
task_9_13,dev_9,offload,457.46200000000005,457.46200000000005,457.47380000000004,457.4759,11.799999999993815,2.1,11.780443622276431,25.680443622254693,0.005890221811138216,28.200000000000003,hit,
task_90_14,dev_90,offload,457.7876,457.7876,457.7984,457.8004,10.800000000017462,2.0,10.806102739722688,23.6061027397497,0.005403051369861344,29.900000000000002,hit,
task_36_13,dev_36,offload,458.1189,458.1189,458.13210000000004,458.1345,13.20000000004029,2.4000000000000004,13.197889468377282,28.79788946838356,0.006598944734188641,20.6,miss,
task_28_10,dev_28,offload,458.18690000000004,458.18690000000004,458.1997,458.202,12.799999999970169,2.3,12.829239949068102,27.92923994902936,0.0064146199745340506,23.5,miss,
task_98_12,dev_98,offload,458.517,458.517,458.5282,458.53020000000004,11.200000000030741,2.0,11.150991256161698,24.350991256201986,0.005575495628080848,21.2,miss,
task_10_11,dev_10,offload,458.913,458.913,458.92560000000003,458.928,12.600000000020373,2.4000000000000004,12.647833773595492,27.64783377358185,0.006323916886797746,28.0,hit,
task_170_8,dev_170,offload,458.9352,458.9352,458.9465,458.9486,11.300000000005639,2.1,11.251933306877868,24.651933306867953,0.0056259666534389345,24.3,miss,
task_189_10,dev_189,offload,458.98850000000004,458.98850000000004,458.9999,459.002,11.399999999980537,2.1,11.396946701389039,24.896946701354025,0.005698473350694519,22.3,miss,
task_59_11,dev_59,offload,459.0342,459.0342,459.045,459.047,10.800000000017462,2.0,10.828583722669059,23.62858372269607,0.00541429186133453,26.6,hit,
task_22_11,dev_22,offload,459.12010000000004,459.12010000000004,459.13190000000003,459.1343,11.799999999993815,2.4000000000000004,11.78689591921318,25.98689591917298,0.00589344795960659,21.0,miss,
task_147_11,dev_147,offload,459.2866,459.2866,459.2984,459.30060000000003,11.799999999993815,2.2,11.782573482397135,25.782573482407138,0.005891286741198568,27.200000000000003,hit,
task_7_14,dev_7,offload,459.8552,459.8552,459.86990000000003,459.87260000000003,14.70000000000482,2.7,14.661231694344757,32.06123169435394,0.007330615847172379,20.1,miss,
task_183_9,dev_183,offload,459.90500000000003,459.90500000000003,459.9148,459.9166,9.799999999984266,1.8000000000000003,9.831104198353986,21.43110419834116,0.004915552099176993,23.8,hit,
task_134_12,dev_134,offload,460.0171,460.0171,460.03110000000004,460.03360000000004,14.000000000010004,2.5,13.975300381984773,30.475300381992504,0.006987650190992387,20.0,miss,
task_4_8,dev_4,offload,460.3974,460.3974,460.4126,460.4153,15.199999999992997,2.7,15.169856278817104,33.06985627881447,0.007584928139408552,23.700000000000003,miss,
task_77_8,dev_77,offload,460.4592,460.4592,460.47060000000005,460.47270000000003,11.40000000003738,2.1,11.43634946063821,24.93634946066004,0.005718174730319105,26.3,hit,
task_133_12,dev_133,offload,460.4644,460.4644,460.4789,460.48150000000004,14.499999999998181,2.6000000000000005,14.513265046780786,31.613265046808436,0.007256632523390393,28.0,miss,
task_101_10,dev_101,offload,460.5181,460.5181,460.5314,460.53380000000004,13.300000000015189,2.4000000000000004,13.300480199872382,29.0004801999104,0.006650240099936191,24.5,miss,
task_107_9,dev_107,offload,461.26070000000004,461.26070000000004,461.27340000000004,461.27570000000003,12.69999999999527,2.3,12.687909611744974,27.68790961173133,0.006343954805872487,24.7,miss,
task_27_5,dev_27,offload,461.6548,461.6548,461.6678,461.6702,12.999999999976808,2.4000000000000004,12.957455322299525,28.35745532229916,0.006478727661149763,22.700000000000003,miss,
task_193_13,dev_193,local,461.7101,461.7101,,,0.0,0.0,0.0,,0.0,28.1,drop,
task_101_11,dev_101,offload,462.02790000000005,462.02790000000005,462.0428,462.0455,14.899999999954616,2.7,14.944418221560838,32.54441822151982,0.007472209110780419,20.400000000000002,miss,
task_9_14,dev_9,offload,462.038,462.038,462.0518,462.0543,13.800000000003365,2.5,13.823317703795027,30.12331770379612,0.006911658851897514,26.8,miss,
task_136_11,dev_136,offload,462.32680000000005,462.32680000000005,462.3389,462.34110000000004,12.099999999975353,2.2,12.062964339288975,26.362964339280516,0.006031482169644487,21.8,miss,
task_162_8,dev_162,offload,462.65290000000005,462.65290000000005,462.66290000000004,462.66490000000005,9.999999999990905,2.0,10.013066679798493,22.013066679798946,0.005006533339899246,21.6,miss,
task_169_13,dev_169,offload,462.67830000000004,462.67830000000004,462.6908,462.6931,12.499999999988631,2.3,12.458727858569901,27.25872785854962,0.00622936392928495,21.9,miss,
task_168_6,dev_168,offload,462.8623,462.8623,462.8743,462.8765,12.000000000000455,2.2,12.032434656156864,26.23243465617351,0.006016217328078432,28.0,hit,
task_50_12,dev_50,offload,462.93030000000005,462.93030000000005,462.9429,462.9452,12.59999999996353,2.3,12.602918783952362,27.502918783906978,0.00630145939197618,21.0,miss,
task_182_12,dev_182,offload,463.04470000000003,463.04470000000003,463.05580000000003,463.05800000000005,11.099999999999,2.2,11.059859021688299,24.359859021703485,0.005529929510844149,24.800000000000004,hit,
task_38_10,dev_38,offload,463.07210000000003,463.07210000000003,463.0856,463.0881,13.499999999964984,2.5,13.451234168694288,29.451234168657,0.006725617084347144,26.500000000000004,miss,
task_196_9,dev_196,offload,463.34680000000003,463.34680000000003,463.3584,463.3605,11.599999999987176,2.1,11.583631616787551,25.283631616759173,0.005791815808393776,21.9,miss,
task_61_7,dev_61,offload,463.4153,463.4153,463.42960000000005,463.43240000000003,14.300000000048385,2.8,14.262804550209324,31.362804550236973,0.007131402275104662,29.2,miss,
task_100_7,dev_100,offload,463.53400000000005,463.53400000000005,463.54560000000004,463.5478,11.599999999987176,2.2,11.63630473390574,25.43630473385226,0.00581815236695287,24.5,miss,
task_169_14,dev_169,offload,463.61060000000003,463.61060000000003,463.62,463.62170000000003,9.399999999970987,1.7000000000000002,9.424093853656753,20.524093853655753,0.004712046926828376,25.1,hit,
task_2_8,dev_2,offload,464.2932,464.2932,464.30580000000003,464.30830000000003,12.600000000020373,2.5,12.569577442696724,27.669577442714825,0.0062847887213483625,24.200000000000003,miss,
task_31_8,dev_31,offload,465.32910000000004,465.32910000000004,465.3408,465.34290000000004,11.699999999962074,2.1,11.745367751347926,25.545367751351293,0.005872683875673963,20.5,miss,
task_161_10,dev_161,offload,465.5701,465.5701,465.583,465.5853,12.90000000000191,2.3,12.851581695718876,28.051581695711874,0.006425790847859438,26.6,miss,
task_182_13,dev_182,offload,466.24120000000005,466.24120000000005,466.25440000000003,466.257,13.199999999983447,2.6000000000000005,13.205623407175764,29.005623407131836,0.0066028117035878825,22.500000000000004,miss,
task_0_11,dev_0,local,466.37370000000004,466.37370000000004,,,0.0,0.0,0.0,,0.0,21.0,drop,
task_125_12,dev_125,offload,466.94320000000005,466.94320000000005,466.9565,466.9589,13.299999999958345,2.4000000000000004,13.269016463647464,28.969016463628638,0.006634508231823732,24.400000000000002,miss,
task_188_8,dev_188,offload,467.4615,467.4615,467.4739,467.4762,12.400000000013733,2.3,12.43755719910997,27.137557199114788,0.006218778599554985,27.1,miss,
task_74_14,dev_74,offload,467.4861,467.4861,467.50190000000003,467.5047,15.800000000012915,2.8,15.836870569490381,34.43687056948256,0.00791843528474519,28.1,miss,
task_126_13,dev_126,offload,467.53630000000004,467.53630000000004,467.5477,467.5498,11.399999999980537,2.1,11.386669679098183,24.886669679063168,0.005693334839549092,25.400000000000002,hit,
task_48_8,dev_48,offload,467.5994,467.5994,467.6129,467.6154,13.500000000021828,2.5,13.487281883541879,29.487281883561433,0.006743640941770939,25.1,miss,
task_148_13,dev_148,offload,467.67530000000005,467.67530000000005,467.6888,467.6913,13.499999999964984,2.5,13.537152623270101,29.537152623232814,0.00676857631163505,29.8,hit,
task_77_9,dev_77,offload,467.7957,467.7957,467.8091,467.8115,13.399999999990087,2.4000000000000004,13.409368845583325,29.209368845596238,0.006704684422791663,28.1,miss,
task_165_9,dev_165,offload,467.8304,467.8304,467.8453,467.848,14.90000000001146,2.7,14.876299002367729,32.476299002383556,0.007438149501183864,20.5,miss,
task_18_11,dev_18,offload,468.1145,468.1145,468.12620000000004,468.1283,11.700000000018917,2.1,11.674375425034313,25.474375425037678,0.005837187712517156,21.5,miss,
task_191_14,dev_191,offload,468.1412,468.1412,468.1544,468.15680000000003,13.199999999983447,2.4000000000000004,13.238888037485918,28.838888037492193,0.006619444018742959,23.3,miss,
task_18_12,dev_18,offload,468.22810000000004,468.22810000000004,468.24120000000005,468.2436,13.10000000000855,2.4000000000000004,13.11979452880027,28.619794528774804,0.006559897264400135,21.3,miss,
task_110_11,dev_110,offload,468.4184,468.4184,468.4295,468.4315,11.099999999999,2.0,11.131885968847406,24.231885968855956,0.005565942984423703,21.1,miss,
task_3_13,dev_3,offload,468.4469,468.4469,468.4613,468.4639,14.39999999996644,2.6000000000000005,14.436149619291502,31.43614961928741,0.007218074809645751,25.400000000000002,miss,
task_196_10,dev_196,offload,469.0432,469.0432,469.0579,469.0606,14.70000000000482,2.7,14.69867845783348,32.09867845784267,0.0073493392289167405,21.8,miss,
task_183_10,dev_183,offload,469.11830000000003,469.11830000000003,469.13100000000003,469.1333,12.69999999999527,2.3,12.707467057760798,27.707467057747156,0.006353733528880399,21.8,miss,
task_52_12,dev_52,offload,469.5573,469.5573,469.5713,469.57390000000004,14.000000000010004,2.6000000000000005,13.987772281419158,30.58777228145863,0.006993886140709579,23.900000000000002,miss,
task_100_8,dev_100,offload,469.9809,469.9809,469.9911,469.993,10.199999999997544,1.9,10.244541131657815,22.344541131633168,0.005122270565828908,26.6,hit,
task_134_13,dev_134,offload,470.4859,470.4859,470.49920000000003,470.5016,13.300000000015189,2.4000000000000004,13.260822284310006,28.96082228429118,0.006630411142155003,26.200000000000003,miss,
task_159_11,dev_159,local,470.69620000000003,470.69620000000003,,,0.0,0.0,0.0,,0.0,21.5,drop,
task_3_14,dev_3,offload,470.80150000000003,470.80150000000003,470.8138,470.81600000000003,12.299999999981992,2.2,12.265362446541983,26.765362446540166,0.006132681223270992,25.8,miss,
task_160_13,dev_160,offload,470.9349,470.9349,470.9495,470.95230000000004,14.599999999973079,2.8,14.633236015588052,32.03323601559724,0.007316618007794026,24.200000000000003,miss,
task_59_12,dev_59,local,471.04740000000004,471.04740000000004,,,0.0,0.0,0.0,,0.0,20.400000000000002,drop,
task_20_10,dev_20,offload,471.22270000000003,471.22270000000003,471.23720000000003,471.23990000000003,14.499999999998181,2.7,14.470659836873159,31.670659836875707,0.007235329918436579,22.2,miss,
task_183_11,dev_183,offload,471.2653,471.2653,471.2773,471.27950000000004,12.000000000000455,2.2,12.030888322884897,26.230888322901542,0.006015444161442448,23.5,miss,
task_110_12,dev_110,offload,471.5975,471.5975,471.61150000000004,471.61400000000003,14.000000000010004,2.5,13.959021652953915,30.459021652961646,0.006979510826476958,24.800000000000004,miss,
task_36_14,dev_36,offload,471.77700000000004,471.77700000000004,471.79240000000004,471.7952,15.399999999999636,2.8,15.367827163952489,33.56782716393139,0.007683913581976245,28.200000000000003,miss,
task_72_13,dev_72,offload,472.52590000000004,472.52590000000004,472.5382,472.5405,12.299999999981992,2.3,12.337423823989235,26.937423823962312,0.006168711911994617,27.700000000000003,hit,
task_65_12,dev_65,offload,472.88730000000004,472.88730000000004,472.90180000000004,472.9044,14.499999999998181,2.6000000000000005,14.450392195269435,31.550392195240242,0.007225196097634718,22.000000000000004,miss,
task_61_8,dev_61,offload,473.7878,473.7878,473.80030000000005,473.80260000000004,12.500000000045475,2.3,12.519549467937406,27.319549467973967,0.006259774733968703,27.3,miss,
task_50_13,dev_50,offload,473.81140000000005,473.81140000000005,473.8235,473.82570000000004,12.099999999975353,2.2,12.133475193029076,26.43347519302062,0.006066737596514538,30.000000000000004,hit,
task_154_10,dev_154,offload,474.0119,474.0119,474.02540000000005,474.0278,13.500000000021828,2.4000000000000004,13.522081844024274,29.422081844012087,0.006761040922012137,21.0,miss,
task_29_7,dev_29,local,474.8116,474.8116,,,0.0,0.0,0.0,,0.0,28.900000000000002,drop,
task_167_13,dev_167,offload,474.8883,474.8883,474.90110000000004,474.90340000000003,12.800000000027012,2.3,12.812715479504673,27.912715479522774,0.006406357739752336,28.800000000000004,hit,
task_38_11,dev_38,offload,474.9721,474.9721,474.98330000000004,474.9853,11.200000000030741,2.0,11.197043185260911,24.397043185244357,0.0055985215926304555,28.200000000000003,hit,
task_135_11,dev_135,offload,475.02680000000004,475.02680000000004,475.03630000000004,475.038,9.500000000002728,1.7000000000000002,9.50243804842686,20.702438048400758,0.00475121902421343,22.4,hit,
task_122_11,dev_122,offload,475.0835,475.0835,475.09520000000003,475.0975,11.700000000018917,2.3,11.670890446740124,25.67089044675013,0.005835445223370062,20.900000000000002,miss,
task_17_10,dev_17,offload,475.6499,475.6499,475.66400000000004,475.6666,14.100000000041746,2.6000000000000005,14.089646226418301,30.789646226432673,0.007044823113209151,21.1,miss,
task_1_8,dev_1,offload,475.78040000000004,475.78040000000004,475.79150000000004,475.7935,11.099999999999,2.0,11.10733239492297,24.207332394874676,0.005553666197461485,25.1,hit,
task_140_14,dev_140,offload,475.803,475.803,475.81570000000005,475.8181,12.700000000052114,2.4000000000000004,12.674510416831941,27.774510416850042,0.00633725520841597,29.300000000000004,hit,
task_18_13,dev_18,offload,475.89860000000004,475.89860000000004,475.91060000000004,475.9128,12.000000000000455,2.2,12.016605778542841,26.21660577850264,0.0060083028892714205,26.6,hit,
task_22_12,dev_22,offload,475.94960000000003,475.94960000000003,475.9615,475.9639,11.899999999968713,2.4000000000000004,11.891561634787644,26.191561634779184,0.005945780817393822,27.1,hit,
task_8_12,dev_8,offload,475.98760000000004,475.98760000000004,476.0017,476.0043,14.099999999984902,2.6000000000000005,14.11098230246207,30.810982302419596,0.007055491151231035,23.8,miss,
task_57_10,dev_57,offload,476.32410000000004,476.32410000000004,476.33660000000003,476.3389,12.499999999988631,2.3,12.489143054871013,27.289143054850733,0.006244571527435507,28.900000000000002,hit,
task_163_10,dev_163,offload,476.37300000000005,476.37300000000005,476.3878,476.39070000000004,14.799999999979718,2.9000000000000004,14.772406763577226,32.472406763567946,0.007386203381788613,29.300000000000004,miss,
task_80_11,dev_80,offload,476.40250000000003,476.40250000000003,476.41580000000005,476.41830000000004,13.300000000015189,2.5,13.284594240531067,29.084594240543982,0.006642297120265534,20.6,miss,
task_18_14,dev_18,offload,476.4975,476.4975,476.5104,476.5128,12.90000000000191,2.4000000000000004,12.883013211937822,28.18301321196256,0.006441506605968911,23.200000000000003,miss,
task_111_9,dev_111,offload,476.49960000000004,476.49960000000004,476.51210000000003,476.5144,12.499999999988631,2.3,12.48568465026099,27.28568465024071,0.006242842325130496,25.7,miss,
task_17_11,dev_17,offload,476.66360000000003,476.66360000000003,476.6732,476.675,9.599999999977626,1.8000000000000003,9.634149213850513,21.03414921383105,0.004817074606925257,28.800000000000004,hit,
task_139_10,dev_139,offload,476.88320000000004,476.88320000000004,476.8951,476.89730000000003,11.899999999968713,2.2,11.905663100861075,26.00566310084598,0.0059528315504305375,22.2,miss,
task_118_11,dev_118,offload,477.1184,477.1184,477.1304,477.1326,12.000000000000455,2.2,11.961281121265545,26.161281121282187,0.005980640560632773,26.3,hit,
task_137_8,dev_137,offload,477.24760000000003,477.24760000000003,477.25780000000003,477.2597,10.199999999997544,1.9,10.212908026959338,22.312908026934693,0.0051064540134796695,23.1,hit,
task_154_11,dev_154,offload,477.5539,477.5539,477.56730000000005,477.56980000000004,13.40000000004693,2.5,13.430487032463212,29.330487032507868,0.006715243516231606,25.1,miss,
task_170_9,dev_170,offload,477.6689,477.6689,477.6802,477.6823,11.300000000005639,2.1,11.287537398116806,24.68753739810689,0.005643768699058403,26.3,hit,
task_1_9,dev_1,offload,477.71090000000004,477.71090000000004,477.7242,477.7268,13.299999999958345,2.6000000000000005,13.321539621227672,29.221539621215484,0.006660769810613836,27.900000000000002,miss,
task_50_14,dev_50,offload,477.7171,477.7171,477.7298,477.7321,12.69999999999527,2.3,12.650604270197825,27.650604270184182,0.006325302135098913,29.2,hit,
task_147_12,dev_147,offload,478.5147,478.5147,478.52630000000005,478.52840000000003,11.60000000004402,2.1,11.552863631364044,25.25286363139251,0.005776431815682022,26.4,hit,
task_83_12,dev_83,offload,478.6066,478.6066,478.61830000000003,478.6204,11.700000000018917,2.1,11.74123325351144,25.541233253514804,0.005870616626755721,20.400000000000002,miss,
task_33_8,dev_33,offload,478.6714,478.6714,478.68550000000005,478.6881,14.100000000041746,2.6000000000000005,14.099391877749746,30.799391877764116,0.007049695938874873,25.3,miss,
task_98_13,dev_98,offload,478.8664,478.8664,478.8772,478.8792,10.800000000017462,2.0,10.79056076900971,23.59056076903672,0.005395280384504855,23.0,miss,
task_64_14,dev_64,offload,479.5271,479.5271,479.5393,479.54150000000004,12.200000000007094,2.2,12.215757966781371,26.615757966804654,0.0061078789833906855,27.200000000000003,hit,
task_187_12,dev_187,offload,479.6994,479.6994,479.7133,479.7158,13.899999999978263,2.5,13.851110073561092,30.25111007353708,0.0069255550367805455,28.400000000000002,miss,
task_1_10,dev_1,offload,480.33630000000005,480.33630000000005,480.35020000000003,480.3527,13.899999999978263,2.5,13.879190141205854,30.279190141181843,0.006939595070602927,23.8,miss,
task_55_11,dev_55,offload,480.35630000000003,480.35630000000003,480.37010000000004,480.3725,13.800000000003365,2.4000000000000004,13.772381469644571,29.97238146961392,0.006886190734822286,24.3,miss,
task_33_9,dev_33,offload,480.82820000000004,480.82820000000004,480.8389,480.84090000000003,10.699999999985721,2.0,10.718553327364644,23.418553327359916,0.005359276663682322,21.0,miss,
task_14_7,dev_14,offload,481.00750000000005,481.00750000000005,481.0213,481.0237,13.799999999946522,2.4000000000000004,13.757019174101078,29.957019174070428,0.006878509587050539,27.900000000000002,miss,
task_33_10,dev_33,offload,481.036,481.036,481.0498,481.0523,13.800000000003365,2.5,13.781586002196272,30.081586002197362,0.006890793001098136,25.500000000000004,miss,
task_61_9,dev_61,offload,481.19210000000004,481.19210000000004,481.204,481.2062,11.899999999968713,2.2,11.889509770733008,25.98950977071791,0.005944754885366504,23.700000000000003,miss,
task_95_7,dev_95,offload,481.2379,481.2379,481.2513,481.25370000000004,13.399999999990087,2.4000000000000004,13.418945389015525,29.21894538902844,0.006709472694507762,20.7,miss,
task_31_9,dev_31,offload,481.53020000000004,481.53020000000004,481.54130000000004,481.54330000000004,11.099999999999,2.0,11.096643338819094,24.19664333882764,0.005548321669409547,26.1,hit,
task_195_9,dev_195,offload,482.2479,482.2479,482.26140000000004,482.2638,13.500000000021828,2.4000000000000004,13.52291906853444,29.422919068522255,0.00676145953426722,24.200000000000003,miss,
task_26_9,dev_26,offload,482.3484,482.3484,482.3603,482.3625,11.899999999968713,2.2,11.911560244114835,26.011560244099737,0.005955780122057417,23.700000000000003,miss,
task_114_11,dev_114,offload,482.5496,482.5496,482.56170000000003,482.5638,12.100000000032196,2.1,12.116820546703854,26.3168205467205,0.006058410273351927,27.6,hit,
task_181_9,dev_181,offload,482.67470000000003,482.67470000000003,482.6849,482.6868,10.199999999997544,1.9,10.163197952100617,22.26319795207597,0.005081598976050309,29.0,hit,
task_61_10,dev_61,offload,482.7153,482.7153,482.7287,482.7311,13.399999999990087,2.4000000000000004,13.395797177225191,29.195797177238106,0.006697898588612595,25.3,miss,
task_154_12,dev_154,offload,482.8423,482.8423,482.85450000000003,482.85670000000005,12.200000000007094,2.2,12.157359468128385,26.557359468151667,0.006078679734064193,26.6,hit,
task_22_13,dev_22,offload,483.52630000000005,483.52630000000005,483.5378,483.5401,11.499999999955435,2.3,11.539472748120085,25.339472748066605,0.005769736374060043,24.400000000000002,miss,
task_71_10,dev_71,offload,483.7431,483.7431,483.7556,483.7579,12.499999999988631,2.3,12.491515062757022,27.291515062736742,0.006245757531378511,26.000000000000004,miss,
task_196_11,dev_196,offload,484.2083,484.2083,484.2216,484.22400000000005,13.300000000015189,2.4000000000000004,13.347759647194515,29.04775964723253,0.006673879823597257,22.3,miss,
task_117_8,dev_117,local,484.3878,484.3878,,,0.0,0.0,0.0,,0.0,28.7,drop,
task_185_11,dev_185,offload,484.4708,484.4708,484.4837,484.4861,12.90000000000191,2.4000000000000004,12.89732660649773,28.197326606522466,0.006448663303248865,26.1,miss,
task_195_10,dev_195,offload,484.55510000000004,484.55510000000004,484.5675,484.5697,12.39999999995689,2.2,12.438345132636442,27.03834513260952,0.006219172566318221,26.4,miss,
task_52_13,dev_52,offload,484.9178,484.9178,484.93100000000004,484.9334,13.20000000004029,2.4000000000000004,13.202963505469576,28.80296350547585,0.006601481752734788,27.8,miss,
task_170_10,dev_170,offload,484.9897,484.9897,485.004,485.00660000000005,14.299999999991542,2.6000000000000005,14.267207015422319,31.167207015443328,0.007133603507711159,25.900000000000002,miss,
task_83_13,dev_83,offload,485.0876,485.0876,485.101,485.1035,13.399999999990087,2.5,13.43105548868284,29.331055488670653,0.00671552774434142,25.0,miss,
task_121_7,dev_121,offload,485.1573,485.1573,485.1671,485.1689,9.799999999984266,1.8000000000000003,9.763065833667705,21.36306583365488,0.004881532916833852,29.6,hit,
task_175_8,dev_175,offload,485.49600000000004,485.49600000000004,485.5124,485.5153,16.39999999997599,2.9000000000000004,16.3665565373927,35.66655653737969,0.00818327826869635,26.8,miss,
task_189_11,dev_189,offload,485.5367,485.5367,485.54970000000003,485.5521,13.000000000033651,2.4000000000000004,13.031224560882912,28.431224560882548,0.006515612280441456,23.599999999999998,miss,
task_29_8,dev_29,offload,486.3512,486.3512,486.3627,486.3648,11.500000000012278,2.1,11.452609442864015,25.052609442860742,0.005726304721432008,21.3,miss,
task_65_13,dev_65,offload,486.61960000000005,486.61960000000005,486.63140000000004,486.6336,11.799999999993815,2.2,11.843360180890704,25.843360180843867,0.005921680090445352,23.5,miss,
task_157_8,dev_157,offload,486.70750000000004,486.70750000000004,486.718,486.7199,10.499999999979082,1.9,10.463102621082573,22.863102621039463,0.005231551310541286,29.7,hit,
task_83_14,dev_83,offload,487.1612,487.1612,487.1729,487.1752,11.700000000018917,2.3,11.73623388198042,25.736233881990422,0.00586811694099021,24.5,miss,
task_57_11,dev_57,offload,487.17440000000005,487.17440000000005,487.18670000000003,487.18890000000005,12.299999999981992,2.2,12.255805554807864,26.755805554806045,0.006127902777403932,27.5,hit,
task_113_10,dev_113,offload,487.56300000000005,487.56300000000005,487.5744,487.5765,11.399999999980537,2.1,11.376156386435783,24.876156386400766,0.005688078193217891,23.8,miss,
task_20_11,dev_20,offload,487.89770000000004,487.89770000000004,487.91040000000004,487.9128,12.69999999999527,2.4000000000000004,12.688983159435658,27.788983159396913,0.006344491579717829,23.700000000000003,miss,
task_104_13,dev_104,offload,488.3281,488.3281,488.34290000000004,488.3455,14.800000000036562,2.6000000000000005,14.837530404638601,32.237530404647785,0.0074187652023193,21.3,miss,
task_195_11,dev_195,offload,488.6575,488.6575,488.66650000000004,488.66810000000004,9.000000000014552,1.6,9.01832051893364,19.618320518944465,0.00450916025946682,21.9,hit,
task_113_11,dev_113,offload,488.89950000000005,488.89950000000005,488.91290000000004,488.91540000000003,13.399999999990087,2.5,13.440090906119902,29.340090906107715,0.0067200454530599515,25.6,miss,
task_11_12,dev_11,offload,489.10200000000003,489.10200000000003,489.11490000000003,489.1173,12.90000000000191,2.4000000000000004,12.914828352582584,28.214828352550477,0.006457414176291292,24.800000000000004,miss,
task_195_12,dev_195,offload,489.3301,489.3301,489.34200000000004,489.3441,11.900000000025557,2.1,11.864144833571597,25.8641448335816,0.005932072416785799,28.400000000000002,hit,
task_28_11,dev_28,offload,489.43730000000005,489.43730000000005,489.45210000000003,489.45480000000003,14.799999999979718,2.7,14.75104901504315,32.251049015027235,0.007375524507521576,27.1,miss,
task_189_12,dev_189,offload,489.5973,489.5973,489.6086,489.6107,11.300000000005639,2.1,11.28590629841593,24.685906298406017,0.0056429531492079655,21.1,miss,
task_110_13,dev_110,offload,489.6098,489.6098,489.6195,489.6213,9.700000000009368,1.8000000000000003,9.738720783035536,21.238720783047814,0.0048693603915177675,28.200000000000003,hit,
task_71_11,dev_71,offload,489.72810000000004,489.72810000000004,489.74100000000004,489.7434,12.90000000000191,2.4000000000000004,12.910121845007568,28.21012184497546,0.006455060922503784,26.4,miss,
task_39_11,dev_39,offload,489.79580000000004,489.79580000000004,489.80960000000005,489.81210000000004,13.800000000003365,2.5,13.766239823760534,30.066239823761627,0.006883119911880267,25.500000000000004,miss,
task_39_12,dev_39,offload,490.17560000000003,490.17560000000003,490.189,490.19140000000004,13.399999999990087,2.4000000000000004,13.385274369425716,29.18527436943863,0.006692637184712858,21.7,miss,
task_22_14,dev_22,offload,490.4408,490.4408,490.4537,490.4563,12.90000000000191,2.6000000000000005,12.893491515998097,28.39349151597263,0.006446745757999048,23.700000000000003,miss,
task_75_14,dev_75,offload,490.8625,490.8625,490.8743,490.87640000000005,11.799999999993815,2.1,11.838538834779937,25.738538834815046,0.0059192694173899685,24.900000000000002,miss,
task_188_9,dev_188,offload,490.9701,490.9701,490.9834,490.98580000000004,13.300000000015189,2.4000000000000004,13.275158411315598,28.975158411353615,0.006637579205657799,24.3,miss,
task_94_11,dev_94,offload,491.09650000000005,491.09650000000005,491.1109,491.11350000000004,14.39999999996644,2.6000000000000005,14.399301647160176,31.399301647156083,0.007199650823580088,24.5,miss,
task_73_12,dev_73,offload,491.5119,491.5119,491.52290000000005,491.5249,11.000000000024102,2.0,10.999255514194635,23.999255514171445,0.005499627757097317,21.6,miss,
task_194_10,dev_194,offload,491.8575,491.8575,491.8704,491.8727,12.90000000000191,2.3,12.859640240261815,28.05964024025481,0.006429820120130907,25.6,miss,
task_79_13,dev_79,offload,492.2943,492.2943,492.30920000000003,492.31190000000004,14.90000000001146,2.7,14.902570610773886,32.50257061078971,0.0074512853053869425,20.7,miss,
task_160_14,dev_160,offload,492.30850000000004,492.30850000000004,492.3211,492.3235,12.59999999996353,2.4000000000000004,12.588421112446808,27.588421112433167,0.006294210556223404,28.0,hit,
task_49_6,dev_49,offload,492.6623,492.6623,492.67490000000004,492.6772,12.600000000020373,2.3,12.555749375791967,27.45574937580343,0.006277874687895983,27.1,miss,
task_78_9,dev_78,offload,492.8792,492.8792,492.8906,492.89270000000005,11.399999999980537,2.1,11.437821404915304,24.937821404937132,0.005718910702457653,25.2,hit,
task_8_13,dev_8,offload,493.32730000000004,493.32730000000004,493.33770000000004,493.33970000000005,10.400000000004184,2.0,10.439837615261766,22.8398376152755,0.005219918807630883,27.5,hit,
task_182_14,dev_182,local,493.56350000000003,493.56350000000003,,,0.0,0.0,0.0,,0.0,29.2,drop,
task_145_12,dev_145,offload,494.3199,494.3199,494.3322,494.3346,12.299999999981992,2.4000000000000004,12.26657716493095,26.96657716493577,0.006133288582465475,27.5,hit,
task_121_8,dev_121,offload,494.6555,494.6555,494.67,494.6727,14.499999999998181,2.7,14.54766969728285,31.747669697285396,0.007273834848641424,23.200000000000003,miss,
task_127_14,dev_127,offload,494.76270000000005,494.76270000000005,494.7758,494.7782,13.099999999951706,2.4000000000000004,13.063477978391319,28.563477978365853,0.006531738989195659,28.900000000000002,hit,
task_187_13,dev_187,offload,495.2909,495.2909,495.3032,495.3054,12.299999999981992,2.2,12.258567244249118,26.7585672442473,0.006129283622124559,21.400000000000002,miss,
task_2_9,dev_2,offload,495.2932,495.2932,495.30460000000005,495.30690000000004,11.40000000003738,2.3,11.41211367601542,25.112113676043887,0.005706056838007709,23.1,miss,
task_49_7,dev_49,offload,495.8704,495.8704,495.8835,495.88590000000005,13.10000000000855,2.4000000000000004,13.130770100639397,28.630770100670773,0.006565385050319699,24.6,miss,
task_40_12,dev_40,offload,496.3501,496.3501,496.36220000000003,496.3645,12.100000000032196,2.3,12.127827203884818,26.527827203908103,0.006063913601942409,21.5,miss,
task_56_8,dev_56,offload,496.3897,496.3897,496.403,496.40540000000004,13.300000000015189,2.4000000000000004,13.283818734149786,28.983818734187803,0.006641909367074894,26.200000000000003,miss,
task_129_10,dev_129,offload,496.50980000000004,496.50980000000004,496.5213,496.52340000000004,11.499999999955435,2.1,11.51243957260771,25.112439572604437,0.005756219786303854,20.400000000000002,miss,
task_82_14,dev_82,offload,496.88340000000005,496.88340000000005,496.89820000000003,496.9012,14.799999999979718,3.0,14.78783516361223,32.58783516357785,0.007393917581806115,29.8,miss,
task_45_12,dev_45,offload,497.067,497.067,497.0794,497.0817,12.400000000013733,2.3,12.433274403521947,27.13327440352677,0.006216637201760974,29.2,hit,
task_60_13,dev_60,offload,497.21450000000004,497.21450000000004,497.2244,497.22630000000004,9.899999999959164,1.9,9.94929889856037,21.749298898554187,0.004974649449280185,20.900000000000002,miss,
task_31_10,dev_31,offload,497.428,497.428,497.4409,497.4433,12.90000000000191,2.4000000000000004,12.880519193592054,28.180519193616792,0.006440259596796027,26.1,miss,
task_129_11,dev_129,offload,497.4513,497.4513,497.463,497.4651,11.700000000018917,2.1,11.741240968970216,25.541240968973582,0.005870620484485107,24.400000000000002,miss,
task_121_9,dev_121,offload,497.58950000000004,497.58950000000004,497.6027,497.60510000000005,13.199999999983447,2.4000000000000004,13.232789842333101,28.832789842339377,0.00661639492116655,29.500000000000004,hit,
task_71_12,dev_71,offload,498.00440000000003,498.00440000000003,498.01750000000004,498.0199,13.10000000000855,2.4000000000000004,13.110681039492247,28.610681039466783,0.0065553405197461235,23.599999999999998,miss,
task_109_11,dev_109,offload,498.3408,498.3408,498.3534,498.3557,12.600000000020373,2.3,12.649246393459219,27.54924639347068,0.00632462319672961,22.8,miss,
task_106_8,dev_106,offload,498.8804,498.8804,498.89180000000005,498.89390000000003,11.40000000003738,2.1,11.395181410568465,24.895181410590293,0.005697590705284233,23.400000000000002,miss,
task_133_13,dev_133,offload,499.08680000000004,499.08680000000004,499.09770000000003,499.09970000000004,10.89999999999236,2.0,10.862094746906509,23.762094746908417,0.005431047373453255,27.8,hit,
task_37_8,dev_37,offload,499.2859,499.2859,499.29780000000005,499.3,11.900000000025557,2.2,11.921356659370392,26.021356659355295,0.005960678329685196,22.4,miss,
task_91_8,dev_91,offload,499.54580000000004,499.54580000000004,499.55780000000004,499.56,12.000000000000455,2.2,12.033746307292324,26.233746307252126,0.006016873153646162,23.200000000000003,miss,
task_173_11,dev_173,offload,500.7835,500.7835,500.79740000000004,500.79990000000004,13.900000000035106,2.5,13.913624827173296,30.313624827206127,0.006956812413586648,21.5,miss,
task_79_14,dev_79,offload,500.8315,500.8315,500.845,500.8475,13.500000000021828,2.5,13.462382716928948,29.462382716948504,0.006731191358464474,28.400000000000002,miss,
task_109_12,dev_109,offload,501.103,501.103,501.1163,501.11870000000005,13.300000000015189,2.4000000000000004,13.332843652671011,29.032843652709026,0.006666421826335506,27.5,miss,
task_102_13,dev_102,offload,501.165,501.165,501.1757,501.17780000000005,10.699999999985721,2.1,10.653802384129543,23.453802384156553,0.005326901192064771,22.1,miss,
task_158_11,dev_158,offload,501.8908,501.8908,501.90220000000005,501.90430000000003,11.40000000003738,2.1,11.446273811513919,24.946273811535747,0.005723136905756959,28.200000000000003,hit,
task_33_11,dev_33,offload,501.9322,501.9322,501.94750000000005,501.9503,15.300000000024738,2.8,15.26914315693801,33.369143156942016,0.007634571578469005,24.800000000000004,miss,
task_72_14,dev_72,offload,502.0554,502.0554,502.0677,502.07000000000005,12.299999999981992,2.3,12.338991758193899,26.93899175822382,0.006169495879096949,25.3,miss,
task_168_7,dev_168,offload,502.7885,502.7885,502.8014,502.80370000000005,12.90000000000191,2.3,12.87217973244121,28.07217973249105,0.0064360898662206055,27.8,miss,
task_154_13,dev_154,offload,502.9671,502.9671,502.9802,502.9825,13.10000000000855,2.3,13.060914084504358,28.460914084503994,0.006530457042252179,23.0,miss,
task_71_13,dev_71,offload,503.0419,503.0419,503.0548,503.0572,12.90000000000191,2.4000000000000004,12.941429401330822,28.24142940135556,0.006470714700665411,27.200000000000003,miss,
task_86_11,dev_86,offload,503.22700000000003,503.22700000000003,503.2389,503.2411,11.899999999968713,2.2,11.92442501698342,26.024425016968323,0.00596221250849171,28.800000000000004,hit,
task_113_12,dev_113,offload,503.34090000000003,503.34090000000003,503.35310000000004,503.3553,12.200000000007094,2.2,12.181180680952584,26.581180680919026,0.006090590340476292,21.3,miss,
task_136_12,dev_136,offload,503.7923,503.7923,503.80620000000005,503.80870000000004,13.900000000035106,2.5,13.882812963581923,30.282812963614756,0.006941406481790962,23.599999999999998,miss,
task_54_12,dev_54,offload,503.9884,503.9884,504.0033,504.0059,14.90000000001146,2.6000000000000005,14.91962270071377,32.41962270069786,0.007459811350356885,26.4,miss,
task_128_12,dev_128,offload,504.03200000000004,504.03200000000004,504.0432,504.0452,11.199999999973898,2.0,11.151667141510497,24.351667141493945,0.005575833570755248,24.200000000000003,miss,
task_171_12,dev_171,offload,504.1967,504.1967,504.209,504.2112,12.299999999981992,2.2,12.263299862077439,26.76329986207562,0.0061316499310387195,24.0,miss,
task_162_9,dev_162,offload,504.2644,504.2644,504.27410000000003,504.276,9.700000000009368,1.9,9.653723746277072,21.25372374626425,0.004826861873138535,21.9,hit,
task_198_12,dev_198,offload,504.4288,504.4288,504.4431,504.44570000000004,14.299999999991542,2.6000000000000005,14.345941411057009,31.245941411078018,0.007172970705528504,28.200000000000003,miss,
task_195_13,dev_195,offload,504.55010000000004,504.55010000000004,504.56230000000005,504.5645,12.200000000007094,2.2,12.201020823208214,26.601020823174654,0.0061005104116041075,25.900000000000002,miss,
task_59_13,dev_59,offload,504.9966,504.9966,505.0099,505.01230000000004,13.300000000015189,2.4000000000000004,13.306931196602745,29.006931196640764,0.006653465598301373,21.9,miss,
task_16_13,dev_16,offload,505.211,505.211,505.2223,505.2244,11.300000000005639,2.1,11.264452014509631,24.664452014499716,0.005632226007254815,26.4,hit,
task_193_14,dev_193,offload,505.87480000000005,505.87480000000005,505.88680000000005,505.889,12.000000000000455,2.2,12.007225852191809,26.20722585215161,0.006003612926095904,24.7,miss,
task_32_13,dev_32,offload,506.7407,506.7407,506.7527,506.7549,12.000000000000455,2.2,11.952290052978778,26.152290052995422,0.005976145026489389,26.4,hit,
task_0_12,dev_0,offload,506.7631,506.7631,506.77450000000005,506.77660000000003,11.40000000003738,2.1,11.392261178795511,24.89226117881734,0.005696130589397755,22.1,miss,
task_162_10,dev_162,offload,507.5045,507.5045,507.514,507.51590000000004,9.500000000002728,1.9,9.544409416248392,20.944409416285772,0.004772204708124196,20.3,miss,
task_78_10,dev_78,offload,507.70210000000003,507.70210000000003,507.71340000000004,507.7155,11.300000000005639,2.1,11.263669431079252,24.663669431069337,0.005631834715539626,23.5,miss,
task_77_10,dev_77,local,507.7037,507.7037,,,0.0,0.0,0.0,,0.0,20.7,drop,
task_122_12,dev_122,offload,508.701,508.701,508.71250000000003,508.7148,11.500000000012278,2.3,11.499148345240615,25.299148345243978,0.005749574172620307,20.800000000000004,miss,
task_183_12,dev_183,offload,508.8005,508.8005,508.81480000000005,508.8174,14.300000000048385,2.6000000000000005,14.2738718299183,31.17387182993931,0.00713693591495915,28.900000000000002,miss,
task_23_11,dev_23,offload,508.8433,508.8433,508.85720000000003,508.85970000000003,13.900000000035106,2.5,13.887218900104592,30.287218900137425,0.0069436094500522965,28.800000000000004,miss,
task_108_9,dev_108,offload,509.3152,509.3152,509.32820000000004,509.3306,13.000000000033651,2.4000000000000004,13.048815331479352,28.44881533147899,0.0065244076657396755,27.3,miss,
task_175_9,dev_175,offload,509.3564,509.3564,509.3711,509.37370000000004,14.70000000000482,2.6000000000000005,14.700811804006241,32.00081180404053,0.007350405902003121,22.700000000000003,miss,
task_11_13,dev_11,offload,509.5822,509.5822,509.5966,509.5992,14.400000000023283,2.6000000000000005,14.39238304838396,31.39238304837987,0.00719619152419198,20.5,miss,
task_174_13,dev_174,offload,509.6331,509.6331,509.64680000000004,509.6492,13.700000000028467,2.4000000000000004,13.689453118941335,29.78945311893579,0.0068447265594706675,28.400000000000002,miss,
task_126_14,dev_126,offload,509.76270000000005,509.76270000000005,509.7753,509.77770000000004,12.59999999996353,2.4000000000000004,12.563391155797833,27.56339115578419,0.0062816955778989166,27.0,miss,
task_116_13,dev_116,offload,509.8405,509.8405,509.8525,509.85470000000004,12.000000000000455,2.2,12.02827194872638,26.22827194874302,0.006014135974363189,26.8,hit,
task_1_11,dev_1,offload,510.4619,510.4619,510.4773,510.48010000000005,15.399999999999636,2.8,15.3658862249399,33.56588622497564,0.007682943112469949,20.1,miss,
task_154_14,dev_154,offload,511.0117,511.0117,511.02500000000003,511.0274,13.300000000015189,2.4000000000000004,13.255775650704734,28.955775650685908,0.006627887825352367,24.400000000000002,miss,
task_111_10,dev_111,offload,511.02230000000003,511.02230000000003,511.0339,511.036,11.599999999987176,2.1,11.591508292385582,25.291508292357207,0.005795754146192791,20.1,miss,
task_180_9,dev_180,offload,511.1386,511.1386,511.15000000000003,511.1521,11.40000000003738,2.1,11.371286165901827,24.871286165923657,0.005685643082950913,25.500000000000004,hit,
task_73_13,dev_73,offload,511.9823,511.9823,511.994,511.9961,11.700000000018917,2.1,11.689960523070434,25.489960523073798,0.005844980261535217,27.0,hit,
task_39_13,dev_39,offload,512.9357,512.9357,512.9487,512.9511,13.000000000033651,2.4000000000000004,13.014315869990066,28.4143158699897,0.006507157934995033,28.6,hit,
task_185_12,dev_185,offload,513.0698,513.0698,513.0823,513.0846,12.500000000045475,2.3,12.458126707158968,27.25812670719553,0.006229063353579484,27.8,hit,
task_42_7,dev_42,offload,513.1376,513.1376,513.1474000000001,513.1494,9.80000000004111,2.0,9.81623151488197,21.616231514875786,0.004908115757440985,24.800000000000004,hit,
task_135_12,dev_135,offload,513.3142,513.3142,513.3249000000001,513.3268,10.700000000042564,1.9,10.672843854797168,23.27284385481754,0.005336421927398584,21.9,miss,
task_122_13,dev_122,offload,513.5396000000001,513.5396000000001,513.5521,513.5546,12.499999999931788,2.5,12.501603525806448,27.501603525792806,0.006250801762903224,26.6,miss,
task_158_12,dev_158,offload,514.4132000000001,514.4132000000001,514.4245000000001,514.4266,11.300000000005639,2.1,11.29958585894759,24.699585858880834,0.0056497929294737955,25.8,hit,
task_106_9,dev_106,offload,514.6796,514.6796,514.6908000000001,514.6929,11.200000000030741,2.1,11.150585788996153,24.4505857889545,0.005575292894498076,25.900000000000002,hit,
task_133_14,dev_133,offload,514.9982,514.9982,515.0136,515.0164,15.399999999999636,2.8,15.420124368821591,33.62012436880049,0.007710062184410796,21.9,miss,
task_59_14,dev_59,offload,515.0564,515.0564,515.0666,515.0685,10.199999999940701,1.9,10.224569618545647,22.324569618464157,0.005112284809272824,29.1,hit,
task_38_12,dev_38,offload,516.0269000000001,516.0269000000001,516.0387000000001,516.0408,11.799999999993815,2.1,11.775906022034931,25.67590602195635,0.005887953011017465,27.900000000000002,hit,
task_29_9,dev_29,offload,516.8492,516.8492,516.8605,516.8626,11.300000000005639,2.1,11.294097630249464,24.694097630296394,0.005647048815124732,25.0,hit,
task_94_12,dev_94,offload,516.8963,516.8963,516.9083,516.9104,12.000000000057298,2.1,12.038954110921559,26.13895411090646,0.006019477055460779,21.7,miss,
task_174_14,dev_174,offload,516.9566,516.9566,516.9692,516.9716000000001,12.600000000020373,2.4000000000000004,12.623220272277765,27.623220272377807,0.006311610136138882,23.0,miss,
task_19_13,dev_19,offload,517.6883,517.6883,517.7033,517.706,14.999999999986358,2.7,15.04251177591061,32.742511775901335,0.007521255887955305,20.900000000000002,miss,
task_119_13,dev_119,offload,517.7636,517.7636,517.7771,517.7796000000001,13.500000000021828,2.5,13.516364722223049,29.516364722299446,0.006758182361111524,29.7,hit,
task_179_7,dev_179,offload,517.7908,517.7908,517.8023000000001,517.8044,11.500000000069122,2.1,11.501671929172124,25.10167192916885,0.005750835964586062,24.0,miss,
task_159_12,dev_159,offload,517.8078,517.8078,517.8215,517.8240000000001,13.699999999971624,2.5,13.70258779961613,29.902587799642323,0.0068512938998080645,26.3,miss,
task_66_13,dev_66,offload,517.8329,517.8329,517.8471000000001,517.8498000000001,14.200000000073487,2.7,14.15323158037225,31.053231580450102,0.0070766157901861245,29.1,miss,
task_121_10,dev_121,offload,517.9465,517.9465,517.9607,517.9633,14.1999999999598,2.6000000000000005,14.213885381481905,31.013885381471173,0.007106942690740953,28.7,miss,
task_77_11,dev_77,offload,518.0658000000001,518.0658000000001,518.0772000000001,518.0793,11.399999999980537,2.1,11.439328497893845,24.939328497801988,0.005719664248946922,23.200000000000003,miss,
task_100_9,dev_100,offload,518.1472,518.1472,518.157,518.1588,9.80000000004111,1.8000000000000003,9.813834713371172,21.41383471341519,0.004906917356685586,29.0,hit,
task_197_14,dev_197,offload,518.4607,518.4607,518.4736,518.4759,12.900000000058753,2.3,12.87528178935797,28.07528178940781,0.006437640894678985,25.1,miss,
task_73_14,dev_73,offload,518.9916000000001,518.9916000000001,519.0057,519.0083000000001,14.099999999984902,2.6000000000000005,14.13325704821714,30.83325704823151,0.007066628524108569,29.6,miss,
task_164_10,dev_164,offload,519.0072,519.0072,519.0198,519.022,12.600000000020373,2.2,12.617119953747373,27.417119953783935,0.006308559976873687,23.700000000000003,miss,
task_171_13,dev_171,offload,519.2237,519.2237,519.2386,519.2413,14.90000000001146,2.7,14.946206324727656,32.54620632474348,0.007473103162363828,26.1,miss,
task_180_10,dev_180,offload,519.3362000000001,519.3362000000001,519.3495,519.352,13.299999999958345,2.5,13.334297437443812,29.13429743734304,0.006667148718721906,27.3,miss,
task_111_11,dev_111,offload,519.5276,519.5276,519.5393,519.5415,11.700000000018917,2.2,11.674069077721633,25.57406907775674,0.005837034538860817,25.400000000000002,miss,
task_125_13,dev_125,offload,519.6964,519.6964,519.71,519.7125,13.599999999996726,2.5,13.598702352180958,29.698702352118566,0.0067993511760904785,21.0,miss,
task_112_10,dev_112,offload,519.7927000000001,519.7927000000001,519.8043,519.8064,11.599999999930333,2.1,11.629025568928895,25.32902556890052,0.005814512784464447,29.900000000000002,hit,
task_92_6,dev_92,offload,520.2092,520.2092,520.2248000000001,520.2276,15.600000000063119,2.8,15.576038802547586,33.97603880258997,0.007788019401273793,26.3,miss,
task_114_12,dev_114,offload,520.7122,520.7122,520.7267,520.7293000000001,14.499999999998181,2.6000000000000005,14.45835479639717,31.55835479642482,0.007229177398198585,23.599999999999998,miss,
task_122_14,dev_122,offload,521.5855,521.5855,521.5966000000001,521.5988,11.100000000055843,2.2,11.102431651665157,24.402431651623502,0.0055512158258325785,28.800000000000004,hit,
task_144_13,dev_144,local,523.5263,523.5263,,,0.0,0.0,0.0,,0.0,22.500000000000004,drop,
task_134_14,dev_134,offload,523.5445,523.5445,523.5587,523.5612,14.200000000073487,2.5,14.233314073940283,30.933314073954655,0.0071166570369701415,27.400000000000002,miss,
task_49_8,dev_49,offload,523.5651,523.5651,523.5765,523.5786,11.399999999980537,2.1,11.399589318140555,24.899589318162384,0.005699794659070277,22.6,miss,
task_111_12,dev_111,offload,523.6837,523.6837,523.6993,523.7021,15.599999999949432,2.8,15.587052559831907,33.9870525597606,0.0077935262799159535,22.1,miss,
task_34_11,dev_34,offload,523.7185000000001,523.7185000000001,523.7323,523.7347,13.799999999946522,2.4000000000000004,13.802725094977255,30.00272509488976,0.006901362547488628,20.900000000000002,miss,
task_152_7,dev_152,offload,523.7435,523.7435,523.7555,523.7577,11.999999999943611,2.2,12.015403246303714,26.215403246263513,0.006007701623151857,23.900000000000002,miss,
task_55_12,dev_55,offload,523.7471,523.7471,523.7612,523.7637,14.099999999984902,2.5,14.11755757209719,30.717557572022976,0.007058778786048595,26.000000000000004,miss,
task_86_12,dev_86,offload,524.4173000000001,524.4173000000001,524.4273000000001,524.4292,9.999999999990905,1.9,9.96200506221264,21.862005062181353,0.00498100253110632,24.400000000000002,hit,
task_87_7,dev_87,offload,524.4848000000001,524.4848000000001,524.4975000000001,524.4998,12.69999999999527,2.3,12.730728662288605,27.730728662274963,0.006365364331144303,27.6,miss,
task_80_12,dev_80,local,524.7389000000001,524.7389000000001,,,0.0,0.0,0.0,,0.0,22.3,drop,
task_55_13,dev_55,offload,524.7900000000001,524.7900000000001,524.8036000000001,524.806,13.599999999996726,2.4000000000000004,13.566882119701303,29.566882119664015,0.006783441059850652,20.800000000000004,miss,
task_23_12,dev_23,offload,525.2683000000001,525.2683000000001,525.2810000000001,525.2833,12.69999999999527,2.3,12.70197626155176,27.701976261538118,0.00635098813077588,23.8,miss,
task_110_14,dev_110,offload,526.027,526.027,526.0397,526.042,12.69999999999527,2.3,12.735391714824672,27.73539171481103,0.006367695857412336,27.1,miss,
task_198_13,dev_198,offload,526.5359,526.5359,526.5481,526.5503,12.200000000007094,2.2,12.200862416779657,26.60086241680294,0.006100431208389829,24.900000000000002,miss,
task_54_13,dev_54,offload,527.6575,527.6575,527.6717,527.6742,14.1999999999598,2.5,14.194735118417501,30.89473511843187,0.007097367559208751,22.700000000000003,miss,
task_101_12,dev_101,offload,527.852,527.852,527.8655,527.868,13.500000000021828,2.5,13.478024271613473,29.47802427168987,0.0067390121358067365,26.700000000000003,miss,
task_124_12,dev_124,offload,527.8963,527.8963,527.9104,527.9129,14.099999999984902,2.5,14.071156366825523,30.671156366864995,0.007035578183412761,27.3,miss,
task_13_7,dev_13,offload,528.8901000000001,528.8901000000001,528.9013,528.9034,11.199999999917054,2.1,11.23581914130052,24.535819141258866,0.0056179095706502605,29.900000000000002,hit,
task_71_14,dev_71,offload,529.1079,529.1079,529.1231,529.1259,15.20000000004984,2.8,15.167907427342627,33.16790742737173,0.007583953713671313,22.1,miss,
task_173_12,dev_173,offload,529.1486,529.1486,529.162,529.1644,13.40000000004693,2.4000000000000004,13.377310056041738,29.17731005605465,0.0066886550280208686,20.5,miss,
task_145_13,dev_145,offload,529.2535,529.2535,529.2664,529.2688,12.899999999945067,2.4000000000000004,12.920665425938656,28.220665425963396,0.006460332712969329,29.900000000000002,hit,
task_123_9,dev_123,offload,529.4296,529.4296,529.4427000000001,529.4451,13.10000000000855,2.4000000000000004,13.140017609819235,28.64001760979377,0.006570008804909618,26.500000000000004,miss,
task_120_12,dev_120,offload,529.7311,529.7311,529.745,529.7476,13.900000000035106,2.6000000000000005,13.93562283140996,30.435622831474532,0.00696781141570498,28.7,miss,
task_28_12,dev_28,offload,530.0486000000001,530.0486000000001,530.0595000000001,530.0615,10.89999999999236,2.0,10.897605787090216,23.79760578703528,0.005448802893545108,27.900000000000002,hit,
task_104_14,dev_104,offload,530.0522,530.0522,530.0666,530.0692,14.400000000023283,2.6000000000000005,14.384196934115092,31.384196934167843,0.007192098467057546,23.0,miss,
task_113_13,dev_113,offload,530.0756,530.0756,530.0863,530.0883,10.700000000042564,2.0,10.733390098763762,23.433390098759034,0.005366695049381881,21.1,miss,
task_6_7,dev_6,offload,530.264,530.264,530.2762,530.2785,12.200000000007094,2.3,12.193979182329592,26.693979182327773,0.006096989591164796,24.3,miss,
task_54_14,dev_54,offload,530.4656,530.4656,530.4786,530.4809,13.000000000033651,2.3,12.96568623476826,28.265686234792998,0.00648284311738413,20.0,miss,
task_77_12,dev_77,offload,530.5160000000001,530.5160000000001,530.5279,530.5301000000001,11.899999999968713,2.2,11.939939315385711,26.039939315370614,0.005969969657692855,24.400000000000002,miss,
task_102_14,dev_102,offload,530.7818,530.7818,530.7908,530.7926,9.000000000014552,1.8000000000000003,8.950265450316497,19.75026545033396,0.004475132725158248,26.1,hit,
task_34_12,dev_34,offload,531.8904,531.8904,531.9019000000001,531.9039,11.500000000069122,2.0,11.456298202811642,24.95629820283347,0.0057281491014058205,21.400000000000002,miss,
task_4_9,dev_4,offload,532.1667,532.1667,532.1777000000001,532.1796,11.000000000080945,1.9,10.973935324349458,23.87393532440821,0.005486967662174729,27.0,hit,
task_186_13,dev_186,offload,532.4163,532.4163,532.4284,532.4307,12.100000000032196,2.3,12.069835136856852,26.469835136880135,0.006034917568428427,28.800000000000004,hit,
task_99_11,dev_99,offload,532.5515,532.5515,532.5627000000001,532.5647,11.200000000030741,2.0,11.202328526489676,24.402328526473124,0.005601164263244838,21.2,miss,
task_173_13,dev_173,offload,533.2659,533.2659,533.2772,533.2793,11.300000000005639,2.1,11.27185484839856,24.67185484844549,0.00563592742419928,24.200000000000003,miss,
task_195_14,dev_195,offload,533.6051,533.6051,533.6151,533.6169,9.999999999990905,1.8000000000000003,9.958713643318717,21.758713643312532,0.0049793568216593585,29.400000000000002,hit,
task_48_9,dev_48,offload,533.6223,533.6223,533.6336,533.6357,11.300000000005639,2.1,11.265718896370217,24.665718896417147,0.005632859448185108,26.3,hit,
task_120_13,dev_120,offload,533.6611,533.6611,533.6739,533.6763,12.799999999970169,2.4000000000000004,12.838578104445173,28.038578104381326,0.006419289052222586,21.7,miss,
task_109_13,dev_109,offload,534.4522000000001,534.4522000000001,534.4662000000001,534.4687,14.000000000010004,2.5,13.961430616881014,30.4614306168319,0.006980715308440507,24.800000000000004,miss,
task_98_14,dev_98,offload,534.7085000000001,534.7085000000001,534.7198000000001,534.7219,11.300000000005639,2.1,11.28318749388677,24.683187493820014,0.005641593746943385,27.1,hit,
task_178_9,dev_178,offload,534.9987,534.9987,535.0109,535.0131,12.200000000007094,2.2,12.16469025412502,26.564690254148303,0.00608234512706251,24.900000000000002,miss,
task_28_13,dev_28,offload,535.2239000000001,535.2239000000001,535.2368,535.2391,12.899999999945067,2.3,12.858484554358045,28.058484554294196,0.006429242277179023,27.900000000000002,miss,
task_125_14,dev_125,offload,535.9915,535.9915,536.0051,536.0077,13.599999999996726,2.6000000000000005,13.552262416343886,29.75226241637008,0.006776131208171944,24.400000000000002,miss,
task_137_9,dev_137,offload,536.0574,536.0574,536.0706,536.073,13.199999999983447,2.4000000000000004,13.222883019316333,28.822883019265767,0.006611441509658166,27.0,miss,
task_25_10,dev_25,offload,536.4172,536.4172,536.4313000000001,536.4339,14.10000000009859,2.6000000000000005,14.079692225299214,30.779692225313582,0.0070398461126496064,20.7,miss,
task_146_8,dev_146,offload,536.4284,536.4284,536.4409,536.4432,12.500000000045475,2.3,12.475498125775072,27.275498125811634,0.006237749062887536,28.1,hit,
task_40_13,dev_40,offload,536.5441000000001,536.5441000000001,536.5558,536.558,11.69999999990523,2.2,11.708840777391996,25.608840777313418,0.005854420388695998,27.400000000000002,hit,
task_26_10,dev_26,offload,536.7435,536.7435,536.7564,536.7588000000001,12.899999999945067,2.4000000000000004,12.868514637660494,28.168514637685234,0.0064342573188302474,28.900000000000002,hit,
task_2_10,dev_2,offload,537.2722,537.2722,537.2829,537.2850000000001,10.700000000042564,2.1,10.668956240367816,23.46895624045167,0.005334478120183908,24.400000000000002,hit,
task_60_14,dev_60,offload,537.3634000000001,537.3634000000001,537.3758,537.3781,12.39999999995689,2.3,12.408643991032571,27.108643990980546,0.006204321995516285,24.0,miss,
task_128_13,dev_128,offload,537.3987000000001,537.3987000000001,537.4133,537.416,14.599999999973079,2.7,14.607553998250292,31.907553998227737,0.007303776999125146,24.800000000000004,miss,
task_186_14,dev_186,offload,537.5655,537.5655,537.5776000000001,537.5799000000001,12.100000000032196,2.3,12.111878665297588,26.51187866532087,0.0060559393326487946,29.300000000000004,hit,
task_163_11,dev_163,offload,537.9232000000001,537.9232000000001,537.9351,537.9373,11.899999999968713,2.2,11.922251755826077,26.022251755810977,0.0059611258779130386,28.6,hit,
task_99_12,dev_99,offload,538.1177,538.1177,538.1286,538.1306000000001,10.89999999999236,2.0,10.946694085846598,23.84669408590535,0.005473347042923299,26.6,hit,
task_161_11,dev_161,offload,538.2377,538.2377,538.2506000000001,538.2529000000001,12.900000000058753,2.3,12.864448854110664,28.064448854160503,0.006432224427055332,23.700000000000003,miss,
task_162_11,dev_162,offload,538.7022000000001,538.7022000000001,538.7122,538.7142,9.999999999990905,2.0,10.023244219792657,22.02324421973627,0.0050116221098963284,20.7,miss,
task_132_10,dev_132,offload,539.3016,539.3016,539.3141,539.3164,12.500000000045475,2.3,12.46562903004845,27.265629030085012,0.006232814515024225,22.700000000000003,miss,
task_55_14,dev_55,offload,539.5372,539.5372,539.5512,539.5537,14.000000000010004,2.5,14.048628186555073,30.548628186619645,0.007024314093277536,24.0,miss,
task_109_14,dev_109,offload,539.5466,539.5466,539.5578,539.5598,11.200000000030741,2.0,11.173793587931502,24.37379358791495,0.005586896793965751,25.1,hit,
task_142_10,dev_142,offload,539.5982,539.5982,539.6115,539.6142,13.299999999958345,2.7,13.330030371437749,29.33003037140046,0.006665015185718874,26.500000000000004,miss,
task_142_11,dev_142,offload,540.5573,540.5573,540.5695000000001,540.5719,12.200000000007094,2.4000000000000004,12.17691600409668,26.77691600406976,0.00608845800204834,22.4,miss,
task_15_13,dev_15,offload,540.635,540.635,540.6477,540.65,12.69999999999527,2.3,12.71398880793451,27.713988807920867,0.006356994403967255,30.000000000000004,hit,
task_181_10,dev_181,offload,540.6994000000001,540.6994000000001,540.7159,540.7189000000001,16.499999999950887,3.0,16.479970701042173,35.97997070103581,0.008239985350521086,29.500000000000004,miss,
task_37_9,dev_37,offload,540.9041,540.9041,540.9165,540.9188,12.400000000070577,2.3,12.360765943088019,27.060765943149683,0.006180382971544009,29.2,hit,
task_40_14,dev_40,offload,541.0507,541.0507,541.0641,541.0666,13.40000000004693,2.5,13.42593643990506,29.32593643989287,0.00671296821995253,23.599999999999998,miss,
task_42_8,dev_42,offload,541.3960000000001,541.3960000000001,541.4092,541.4118,13.199999999983447,2.6000000000000005,13.243068564631072,29.0430685645303,0.006621534282315536,25.400000000000002,miss,
task_161_12,dev_161,offload,541.4456,541.4456,541.458,541.4603000000001,12.39999999995689,2.3,12.373433219472014,27.073433219533676,0.0061867166097360074,25.7,miss,
task_168_8,dev_168,offload,542.2697000000001,542.2697000000001,542.2822,542.2845,12.499999999931788,2.3,12.511581861589136,27.31158186151201,0.006255790930794568,29.500000000000004,hit,
task_157_9,dev_157,offload,542.2759,542.2759,542.2867,542.2887000000001,10.800000000017462,2.0,10.805052270243833,23.60505227032769,0.005402526135121917,24.0,hit,
task_2_11,dev_2,offload,542.4312,542.4312,542.4429,542.4452,11.700000000018917,2.3,11.704083411029758,25.70408341103976,0.005852041705514879,25.900000000000002,hit,
task_11_14,dev_11,offload,542.6804000000001,542.6804000000001,542.6939,542.6964,13.499999999908141,2.5,13.513183613947312,29.513183613910023,0.0067565918069736565,23.0,miss,
task_39_14,dev_39,offload,542.9802000000001,542.9802000000001,542.9911000000001,542.9931,10.89999999999236,2.0,10.855781378911455,23.755781378856522,0.005427890689455728,20.400000000000002,miss,
task_141_10,dev_141,offload,543.0752,543.0752,543.0883,543.0907,13.10000000000855,2.4000000000000004,13.133701920627823,28.633701920602356,0.006566850960313912,29.6,hit,
task_148_14,dev_148,offload,543.1669,543.1669,543.1813000000001,543.1839,14.400000000023283,2.6000000000000005,14.390926058063412,31.390926058002478,0.007195463029031706,23.400000000000002,miss,
task_34_13,dev_34,offload,543.2937000000001,543.2937000000001,543.3066,543.3089,12.899999999945067,2.3,12.922907011082762,28.122907011018917,0.006461453505541381,27.5,miss,
task_192_13,dev_192,local,543.7582,543.7582,,,0.0,0.0,0.0,,0.0,26.8,drop,
task_10_12,dev_10,offload,543.8303000000001,543.8303000000001,543.8438,543.8463,13.499999999908141,2.5,13.507151164622316,29.507151164585025,0.006753575582311158,27.0,miss,
task_53_6,dev_53,offload,543.8902,543.8902,543.8999,543.9017,9.699999999952524,1.8000000000000003,9.685236785598386,21.18523678555382,0.004842618392799193,25.6,hit,
task_10_13,dev_10,offload,544.2384000000001,544.2384000000001,544.2516,544.254,13.199999999983447,2.4000000000000004,13.188135975982705,28.788135975932136,0.006594067987991352,27.200000000000003,miss,
task_32_14,dev_32,offload,544.4129,544.4129,544.4259000000001,544.4283,13.000000000033651,2.4000000000000004,13.000484069329593,28.40048406932923,0.006500242034664796,25.6,miss,
task_37_10,dev_37,offload,544.7850000000001,544.7850000000001,544.7975,544.7998,12.499999999931788,2.3,12.480899619551229,27.280899619474106,0.006240449809775614,22.700000000000003,miss,
task_6_8,dev_6,offload,545.3203,545.3203,545.3332,545.3356,12.900000000058753,2.4000000000000004,12.906618493502414,28.206618493527152,0.006453309246751207,26.1,miss,
task_189_13,dev_189,offload,545.8508,545.8508,545.8626,545.8647,11.799999999993815,2.1,11.766416938417493,25.666416938338912,0.0058832084692087465,23.3,miss,
task_91_9,dev_91,offload,545.8594,545.8594,545.8736,545.8762,14.1999999999598,2.6000000000000005,14.184982535147082,30.98498253513635,0.007092491267573541,23.400000000000002,miss,
task_155_12,dev_155,offload,546.1166000000001,546.1166000000001,546.1295,546.1318,12.899999999945067,2.3,12.917375140997912,28.117375140934065,0.006458687570498956,22.500000000000004,miss,
task_168_9,dev_168,offload,546.1859000000001,546.1859000000001,546.2003,546.2029,14.399999999909596,2.6000000000000005,14.402282966191285,31.40228296613035,0.007201141483095643,24.400000000000002,miss,
task_120_14,dev_120,offload,546.4028000000001,546.4028000000001,546.4144,546.4166,11.599999999930333,2.2,11.623844376446986,25.423844376393507,0.005811922188223493,28.900000000000002,hit,
task_100_10,dev_100,offload,547.1231,547.1231,547.1368,547.1394,13.699999999971624,2.6000000000000005,13.727888863811131,30.027888863812223,0.006863944431905565,24.400000000000002,miss,
task_164_11,dev_164,offload,547.2113,547.2113,547.2241,547.2264,12.799999999970169,2.3,12.757255809012939,27.857255808974195,0.006378627904506469,26.8,miss,
task_167_14,dev_167,offload,547.8144,547.8144,547.8282,547.8307,13.800000000060209,2.5,13.756362985645737,30.056362985646828,0.006878181492822868,28.0,miss,
task_20_12,dev_20,local,547.8916,547.8916,,,0.0,0.0,0.0,,0.0,20.5,drop,
task_185_13,dev_185,offload,547.9116,547.9116,547.9237,547.9259000000001,12.100000000032196,2.2,12.082256527295513,26.3822565273439,0.006041128263647756,28.3,hit,
task_161_13,dev_161,offload,547.9331000000001,547.9331000000001,547.9459,547.9484,12.799999999970169,2.5,12.786381117282478,28.08638111719353,0.006393190558641239,27.5,miss,
task_84_9,dev_84,offload,548.0515,548.0515,548.0637,548.0659,12.200000000007094,2.2,12.236774732877507,26.63677473290079,0.006118387366438754,20.400000000000002,miss,
task_114_13,dev_114,offload,548.195,548.195,548.2095,548.2121000000001,14.499999999998181,2.6000000000000005,14.452801439635383,31.552801439663032,0.007226400719817692,28.400000000000002,miss,
task_187_14,dev_187,offload,548.3555,548.3555,548.3689,548.3713,13.40000000004693,2.4000000000000004,13.425036072192025,29.22503607220494,0.006712518036096012,29.900000000000002,hit,
task_95_8,dev_95,offload,548.5326,548.5326,548.5458,548.5481,13.199999999983447,2.3,13.182970972553916,28.68297097252845,0.006591485486276958,24.900000000000002,miss,
task_77_13,dev_77,offload,548.5658000000001,548.5658000000001,548.5775,548.5796,11.69999999990523,2.1,11.745628575876047,25.54562857582257,0.005872814287938024,25.900000000000002,hit,
task_157_10,dev_157,offload,550.4128000000001,550.4128000000001,550.427,550.4296,14.1999999999598,2.6000000000000005,14.248587430431808,31.048587430421076,0.007124293715215904,21.6,miss,
task_16_14,dev_16,offload,550.5099,550.5099,550.5217,550.5239,11.799999999993815,2.2,11.811172109986549,25.811172109996555,0.005905586054993275,27.200000000000003,hit,
task_189_14,dev_189,offload,550.7745,550.7745,550.7907,550.7937000000001,16.200000000026193,3.0,16.228802285266568,35.42880228533551,0.008114401142633284,24.6,miss,
task_166_13,dev_166,offload,551.1965,551.1965,551.2085000000001,551.2108000000001,12.000000000057298,2.3,12.02288913750325,26.322889137551634,0.006011444568751625,29.7,hit,
task_88_5,dev_88,offload,551.3403000000001,551.3403000000001,551.3527,551.355,12.39999999995689,2.3,12.426966965683414,27.12696696563139,0.006213483482841707,25.2,miss,
task_166_14,dev_166,offload,551.7755000000001,551.7755000000001,551.7879,551.7902,12.39999999995689,2.3,12.353275331978695,27.05327533192667,0.0061766376659893475,29.0,hit,
task_53_7,dev_53,offload,552.2319,552.2319,552.2474,552.2502000000001,15.499999999974534,2.8,15.515862094439814,33.815862094507295,0.007757931047219907,24.900000000000002,miss,
task_95_9,dev_95,offload,552.3285000000001,552.3285000000001,552.3401,552.3422,11.599999999930333,2.1,11.598034984179131,25.298034984150753,0.005799017492089565,28.200000000000003,hit,
task_2_12,dev_2,offload,552.3808,552.3808,552.3935,552.3960000000001,12.69999999999527,2.5,12.668121582993248,27.868121583043088,0.006334060791496624,20.7,miss,
task_56_9,dev_56,offload,553.0085,553.0085,553.0191,553.0210000000001,10.59999999995398,1.9,10.620442122127477,23.120442122172953,0.005310221061063739,21.7,miss,
task_173_14,dev_173,offload,553.8788000000001,553.8788000000001,553.8896,553.8916,10.799999999903775,2.0,10.795750166935733,23.5957501669059,0.005397875083467866,25.900000000000002,hit,
task_94_13,dev_94,offload,553.9944,553.9944,554.0087,554.0112,14.299999999934698,2.5,14.285106342839885,31.085106342829153,0.007142553171419943,21.3,miss,
task_92_7,dev_92,offload,554.0594,554.0594,554.0706,554.0726000000001,11.200000000030741,2.0,11.17547864593001,24.375478646027144,0.005587739322965005,28.6,hit,
task_146_9,dev_146,offload,554.2927000000001,554.2927000000001,554.3073,554.3100000000001,14.599999999973079,2.7,14.628329730882866,31.928329730860312,0.007314164865441433,23.3,miss,
task_178_10,dev_178,offload,554.8486,554.8486,554.861,554.8633,12.39999999995689,2.3,12.409979262469694,27.10997926241767,0.006204989631234847,24.200000000000003,miss,
task_155_13,dev_155,offload,554.9630000000001,554.9630000000001,554.9753000000001,554.9775000000001,12.299999999981992,2.2,12.283706887847638,26.783706887845817,0.006141853443923819,27.0,hit,
task_170_11,dev_170,offload,555.0958,555.0958,555.1088,555.1112,12.999999999919964,2.4000000000000004,12.979387873150623,28.379387873150257,0.006489693936575312,26.500000000000004,miss,
task_178_11,dev_178,offload,555.9834000000001,555.9834000000001,555.9954,555.9976,11.999999999943611,2.2,11.99322849621743,26.19322849617723,0.005996614248108715,24.6,miss,
task_147_13,dev_147,offload,556.0716,556.0716,556.0846,556.087,13.000000000033651,2.4000000000000004,12.984227753718624,28.38422775371826,0.0064921138768593125,21.2,miss,
task_172_10,dev_172,offload,556.139,556.139,556.1528000000001,556.1553,13.800000000060209,2.5,13.820558923534879,30.12055892353597,0.0069102794617674395,23.200000000000003,miss,
task_1_12,dev_1,offload,556.2536,556.2536,556.2657,556.2679,12.100000000032196,2.2,12.122459559689323,26.42245955973771,0.0060612297798446615,25.400000000000002,miss,
task_178_12,dev_178,offload,556.4266,556.4266,556.4386000000001,556.4408000000001,12.000000000057298,2.2,11.968690231255604,26.16869023132909,0.005984345115627802,28.900000000000002,hit,
task_149_9,dev_149,offload,556.8561000000001,556.8561000000001,556.8689,556.8712,12.799999999970169,2.3,12.822995483454704,27.92299548341596,0.006411497741727352,29.8,hit,
task_84_10,dev_84,offload,556.9615,556.9615,556.9748000000001,556.9772,13.300000000072032,2.4000000000000004,13.282481639138018,28.982481639176036,0.006641240819569009,23.700000000000003,miss,
task_34_14,dev_34,offload,557.672,557.672,557.6861,557.6886000000001,14.099999999984902,2.5,14.050301593242631,30.6503015932821,0.007025150796621316,27.200000000000003,miss,
task_49_9,dev_49,offload,557.6895000000001,557.6895000000001,557.7016,557.7038,12.09999999991851,2.2,12.07789494129958,26.377894941234278,0.006038947470649789,27.200000000000003,hit,
task_178_13,dev_178,offload,558.1693,558.1693,558.1838,558.1865,14.499999999998181,2.7,14.53528548202736,31.73528548202991,0.0072676427410136805,29.1,miss,
task_145_14,dev_145,offload,558.8073,558.8073,558.8218,558.8245000000001,14.499999999998181,2.7,14.530800631211832,31.73080063121438,0.007265400315605916,29.900000000000002,miss,
task_69_12,dev_69,offload,559.1125000000001,559.1125000000001,559.1225000000001,559.1243000000001,9.999999999990905,1.8000000000000003,10.014880154535426,21.81488015452924,0.005007440077267713,24.6,hit,
task_42_9,dev_42,offload,559.2181,559.2181,559.2287,559.2308,10.59999999995398,2.1,10.578256749698001,23.27825674969327,0.0052891283748490005,29.0,hit,
task_66_14,dev_66,offload,559.5561,559.5561,559.5684,559.5707,12.299999999981992,2.3,12.312245451608666,26.912245451581747,0.006156122725804333,26.000000000000004,miss,
task_147_14,dev_147,offload,559.8062,559.8062,559.8179,559.82,11.700000000018917,2.1,11.694493663492018,25.494493663552227,0.005847246831746009,27.400000000000002,hit,
task_137_10,dev_137,offload,559.9688,559.9688,559.9802000000001,559.9823,11.400000000094224,2.1,11.357108327562328,24.857108327584157,0.005678554163781164,25.8,hit,
task_13_8,dev_13,offload,560.1774,560.1774,560.191,560.1935,13.599999999996726,2.5,13.581201955484095,29.681201955421706,0.006790600977742048,24.1,miss,
task_180_11,dev_180,offload,560.4511,560.4511,560.4608000000001,560.4626000000001,9.700000000066211,1.8000000000000003,9.683891738901174,21.183891738970296,0.004841945869450587,25.7,hit,
task_153_14,dev_153,offload,560.6759000000001,560.6759000000001,560.6863000000001,560.6882,10.400000000004184,1.9,10.393910661800794,22.693910661782787,0.005196955330900397,28.200000000000003,hit,
task_114_14,dev_114,offload,561.7459,561.7459,561.7568,561.7587,10.89999999999236,1.9,10.915087914643005,23.71508791461317,0.005457543957321502,20.5,miss,
task_198_14,dev_198,offload,561.8529,561.8529,561.8659,561.8683,13.000000000033651,2.4000000000000004,12.96057398549615,28.360573985495787,0.006480286992748076,22.2,miss,
task_161_14,dev_161,offload,562.172,562.172,562.1867,562.1894,14.699999999947977,2.7,14.734832552180084,32.13483255213242,0.007367416276090042,24.1,miss,
task_2_13,dev_2,offload,562.7805000000001,562.7805000000001,562.7941000000001,562.7968000000001,13.599999999996726,2.7,13.62167835676664,29.921678356767732,0.00681083917838332,20.7,miss,
task_155_14,dev_155,offload,562.9590000000001,562.9590000000001,562.9695,562.9714,10.499999999979082,1.9,10.461220088135034,22.861220088091926,0.005230610044067517,29.900000000000002,hit,
task_15_14,dev_15,offload,563.3994,563.3994,563.4141000000001,563.4167,14.700000000061664,2.6000000000000005,14.66183496312129,31.961834963098735,0.007330917481560645,28.7,miss,
task_132_11,dev_132,offload,564.44,564.44,564.4511,564.4531000000001,11.099999999942156,2.0,11.100521666277894,24.20052166628644,0.005550260833138947,28.800000000000004,hit,
task_25_11,dev_25,offload,564.7336,564.7336,564.748,564.7506000000001,14.400000000023283,2.6000000000000005,14.404252802253048,31.4042528023058,0.007202126401126524,23.900000000000002,miss,
task_6_9,dev_6,offload,564.7783000000001,564.7783000000001,564.7896000000001,564.7917,11.300000000005639,2.1,11.331548887571204,24.731548887504445,0.005665774443785602,27.1,hit,
task_190_14,dev_190,local,566.1708,566.1708,,,0.0,0.0,0.0,,0.0,29.400000000000002,drop,
task_172_11,dev_172,offload,566.3776,566.3776,566.3898,566.3921,12.200000000007094,2.3,12.158332724371203,26.658332724369384,0.006079166362185601,20.800000000000004,miss,
task_171_14,dev_171,offload,566.913,566.913,566.923,566.9248,9.999999999990905,1.8000000000000003,10.009889748042186,21.809889748036,0.005004944874021093,29.7,hit,
task_38_13,dev_38,offload,566.9903,566.9903,567.003,567.0053,12.69999999999527,2.3,12.676205607944173,27.67620560793053,0.006338102803972087,24.900000000000002,miss,
task_28_14,dev_28,offload,567.5233000000001,567.5233000000001,567.5367,567.5391000000001,13.399999999933243,2.4000000000000004,13.35697220392248,29.156972203935396,0.00667848610196124,23.700000000000003,miss,
task_123_10,dev_123,offload,568.7759,568.7759,568.7905000000001,568.7932000000001,14.600000000086766,2.7,14.588699221305678,31.88869922139681,0.0072943496106528385,27.900000000000002,miss,
task_77_14,dev_77,offload,569.9425,569.9425,569.9552,569.9575,12.69999999999527,2.3,12.74832336628772,27.74832336627408,0.00637416168314386,27.3,miss,
task_196_12,dev_196,offload,570.2264,570.2264,570.2395,570.2419,13.10000000000855,2.4000000000000004,13.144459555417306,28.64445955539184,0.006572229777708653,27.0,miss,
task_158_13,dev_158,local,570.3313,570.3313,,,0.0,0.0,0.0,,0.0,27.3,drop,
task_188_10,dev_188,offload,570.9223000000001,570.9223000000001,570.9372000000001,570.9399000000001,14.90000000001146,2.7,14.89920507831872,32.49920507833455,0.00744960253915936,21.2,miss,
task_19_14,dev_19,offload,571.3864,571.3864,571.4001000000001,571.4026,13.70000000008531,2.5,13.71035707131244,29.910357071338634,0.00685517853565622,28.1,miss,
task_99_13,dev_99,offload,571.5125,571.5125,571.528,571.5308,15.499999999974534,2.8,15.547419154402542,33.84741915435634,0.007773709577201271,27.0,miss,
task_170_12,dev_170,offload,572.466,572.466,572.4795,572.482,13.500000000021828,2.5,13.49388860294283,29.493888602905542,0.006746944301471415,23.200000000000003,miss,
task_69_13,dev_69,offload,572.8489000000001,572.8489000000001,572.8621,572.8645,13.199999999983447,2.4000000000000004,13.207490180807058,28.80749018075649,0.006603745090403529,27.3,miss,
task_111_13,dev_111,offload,572.8904,572.8904,572.9018,572.9039,11.399999999980537,2.1,11.3752433122673,24.87524331228913,0.0056876216561336495,24.400000000000002,miss,
task_119_14,dev_119,offload,572.9351,572.9351,572.9488,572.9513000000001,13.699999999971624,2.5,13.65546690320743,29.855466903233623,0.006827733451603714,26.200000000000003,miss,
task_78_11,dev_78,offload,573.0324,573.0324,573.0438,573.0459000000001,11.399999999980537,2.1,11.375461267848511,24.87546126787034,0.005687730633924255,22.6,miss,
task_78_12,dev_78,offload,573.0361,573.0361,573.0492,573.0516,13.10000000000855,2.4000000000000004,13.104181374086469,28.604181374061003,0.006552090687043235,28.200000000000003,miss,
task_101_13,dev_101,offload,573.1898,573.1898,573.203,573.2054,13.199999999983447,2.4000000000000004,13.186685207213442,28.786685207276562,0.0065933426036067205,25.8,miss,
task_113_14,dev_113,offload,573.2372,573.2372,573.2491,573.2513,11.899999999968713,2.2,11.903805381837937,26.00380538182284,0.005951902690918969,24.800000000000004,miss,
task_188_11,dev_188,offload,574.217,574.217,574.2292,574.2315,12.200000000007094,2.3,12.161225552245964,26.661225552244147,0.006080612776122982,27.900000000000002,hit,
task_128_14,dev_128,offload,574.6254,574.6254,574.6366,574.6386,11.200000000030741,2.0,11.191636665599644,24.391636665583093,0.005595818332799822,27.6,hit,
task_101_14,dev_101,offload,574.6928,574.6928,574.7049000000001,574.7071000000001,12.100000000032196,2.2,12.059883005792129,26.359883005840516,0.006029941502896065,21.400000000000002,miss,
task_17_12,dev_17,offload,575.3884,575.3884,575.4011,575.4034,12.69999999999527,2.3,12.716639930561195,27.71663993054755,0.006358319965280598,28.200000000000003,hit,
task_135_13,dev_135,offload,575.6617,575.6617,575.6745000000001,575.6768000000001,12.800000000083855,2.3,12.770555988301874,27.870555988376815,0.006385277994150937,28.0,hit,
task_129_12,dev_129,offload,575.9955,575.9955,576.0077,576.0099,12.200000000007094,2.2,12.181487603551172,26.581487603574455,0.006090743801775586,21.1,miss,
task_107_10,dev_107,offload,576.5636000000001,576.5636000000001,576.578,576.5806,14.399999999909596,2.6000000000000005,14.444461573261783,31.444461573200847,0.007222230786630892,21.5,miss,
task_41_11,dev_41,offload,576.7194000000001,576.7194000000001,576.7328,576.7353,13.399999999933243,2.5,13.435184557928578,29.335184557916392,0.006717592278964289,29.500000000000004,hit,
task_132_12,dev_132,offload,577.4655,577.4655,577.4795,577.4821000000001,14.000000000010004,2.6000000000000005,14.01399995997242,30.613999960011892,0.00700699997998621,24.200000000000003,miss,
task_132_13,dev_132,offload,577.6724,577.6724,577.6852,577.6875,12.799999999970169,2.3,12.823598342932145,27.9235983428934,0.006411799171466072,25.7,miss,
task_136_13,dev_136,offload,577.7518,577.7518,577.7624000000001,577.7643,10.600000000067666,1.9,10.617101863241947,23.117101863287424,0.0053085509316209735,27.900000000000002,hit,
task_45_13,dev_45,offload,577.7776,577.7776,577.7922,577.7949,14.599999999973079,2.7,14.59135641806631,31.891356418043756,0.007295678209033155,22.500000000000004,miss,
task_180_12,dev_180,offload,577.8122000000001,577.8122000000001,577.8245000000001,577.8268,12.299999999981992,2.3,12.319131029347876,26.919131029320955,0.006159565514673938,26.200000000000003,miss,
task_152_8,dev_152,offload,577.8265,577.8265,577.8404,577.8430000000001,13.900000000035106,2.6000000000000005,13.901035824301,30.40103582436557,0.0069505179121505,25.900000000000002,miss,
task_57_12,dev_57,offload,578.1076,578.1076,578.1228,578.1256000000001,15.199999999936153,2.8,15.192115130722495,33.1921151307516,0.007596057565361248,23.0,miss,
task_13_9,dev_13,offload,578.1402,578.1402,578.1529,578.1552,12.69999999999527,2.3,12.70548705517042,27.70548705515678,0.006352743527585211,27.6,miss,
task_181_11,dev_181,offload,578.614,578.614,578.6275,578.63,13.500000000021828,2.5,13.496613079686115,29.496613079648824,0.006748306539843057,20.800000000000004,miss,
task_53_8,dev_53,offload,579.1999000000001,579.1999000000001,579.2123,579.2146,12.39999999995689,2.3,12.407723064361607,27.10772306430958,0.0062038615321808035,20.900000000000002,miss,
task_48_10,dev_48,offload,579.3319,579.3319,579.3442,579.3464,12.299999999981992,2.2,12.309379720077958,26.809379720076137,0.006154689860038979,20.7,miss,
task_27_6,dev_27,offload,579.8418,579.8418,579.8562000000001,579.8588,14.400000000023283,2.6000000000000005,14.406419994673099,31.406419994612165,0.00720320999733655,23.599999999999998,miss,
task_111_14,dev_111,offload,580.8699,580.8699,580.8839,580.8865000000001,14.000000000010004,2.6000000000000005,14.018516383547668,30.618516383587142,0.007009258191773834,23.5,miss,
task_37_11,dev_37,offload,581.7299,581.7299,581.7416000000001,581.7437,11.700000000018917,2.1,11.725509745022599,25.52550974496912,0.0058627548725113,28.7,hit,
task_136_14,dev_136,offload,581.8956000000001,581.8956000000001,581.9081,581.9104,12.499999999931788,2.3,12.464126494588955,27.264126494511828,0.006232063247294478,20.7,miss,
task_192_14,dev_192,offload,581.9491,581.9491,581.9603000000001,581.9623,11.200000000030741,2.0,11.21883425563508,24.418834255618528,0.005609417127817541,21.400000000000002,miss,
task_168_10,dev_168,offload,582.1719,582.1719,582.1867,582.1894,14.799999999922875,2.7,14.792329648192176,32.29232964811942,0.007396164824096088,29.2,miss,
task_123_11,dev_123,offload,583.0954,583.0954,583.1065,583.1085,11.099999999942156,2.0,11.077532515698287,24.177532515706837,0.005538766257849144,20.200000000000003,miss,
task_129_13,dev_129,offload,583.3599,583.3599,583.3735,583.376,13.599999999996726,2.5,13.612170444326674,29.71217044426428,0.006806085222163337,21.400000000000002,miss,
task_178_14,dev_178,offload,583.4068,583.4068,583.4192,583.4215,12.400000000070577,2.3,12.435650832923866,27.13565083298553,0.006217825416461933,29.8,hit,
task_180_13,dev_180,offload,583.7463,583.7463,583.7599,583.7625,13.599999999996726,2.6000000000000005,13.569559336192468,29.769559336218663,0.006784779668096234,23.8,miss,
task_91_10,dev_91,local,584.1432,584.1432,,,0.0,0.0,0.0,,0.0,23.3,drop,
task_5_13,dev_5,offload,586.1253,586.1253,586.1374000000001,586.1396,12.100000000032196,2.2,12.066979238389845,26.366979238324543,0.006033489619194922,28.1,hit,
task_49_10,dev_49,offload,586.1277,586.1277,586.143,586.1458,15.300000000024738,2.8,15.316341073048765,33.41634107305276,0.007658170536524383,22.4,miss,
task_20_13,dev_20,offload,586.368,586.368,586.38,586.3823,11.999999999943611,2.3,12.020805369057284,26.320805368991984,0.006010402684528642,26.700000000000003,hit,
task_80_13,dev_80,offload,586.8918,586.8918,586.9034,586.9056,11.60000000004402,2.2,11.574813450406634,25.374813450466842,0.005787406725203317,27.6,hit,
task_180_14,dev_180,local,587.0009,587.0009,,,0.0,0.0,0.0,,0.0,27.8,drop,
task_129_14,dev_129,offload,587.116,587.116,587.1281,587.1303,12.100000000032196,2.2,12.124703976141054,26.42470397618944,0.006062351988070527,21.7,miss,
task_5_14,dev_5,offload,587.1292000000001,587.1292000000001,587.1417,587.144,12.499999999931788,2.3,12.519626268199373,27.31962626812225,0.006259813134099687,29.300000000000004,hit,
task_159_13,dev_159,offload,587.5094,587.5094,587.523,587.5255000000001,13.599999999996726,2.5,13.565848022861529,29.665848022912826,0.006782924011430764,25.1,miss,
task_106_10,dev_106,offload,588.4627,588.4627,588.4739000000001,588.476,11.200000000030741,2.1,11.165536322647847,24.46553632260619,0.005582768161323924,21.3,miss,
task_164_12,dev_164,offload,588.5093,588.5093,588.5243,588.5271,14.999999999986358,2.8,15.028535172935218,32.82853517290084,0.007514267586467609,27.400000000000002,miss,
task_69_14,dev_69,offload,588.9188,588.9188,588.9317,588.9341000000001,12.899999999945067,2.4000000000000004,12.887905500515476,28.187905500540214,0.006443952750257738,21.3,miss,
task_53_9,dev_53,offload,589.0773,589.0773,589.0899000000001,589.0922,12.600000000020373,2.3,12.57475731857504,27.474757318586498,0.00628737865928752,29.2,hit,
task_123_12,dev_123,offload,589.7103000000001,589.7103000000001,589.7233,589.7257000000001,12.999999999919964,2.4000000000000004,12.9881445653157,28.388144565315336,0.00649407228265785,27.0,miss,
task_17_13,dev_17,offload,589.7807,589.7807,589.7938,589.7962,13.10000000000855,2.4000000000000004,13.124733124347292,28.62473312432183,0.006562366562173646,24.1,miss,
task_165_10,dev_165,offload,589.8337,589.8337,589.8459,589.8481,12.200000000007094,2.2,12.175536107759338,26.57553610778262,0.006087768053879669,26.4,miss,
task_14_8,dev_14,offload,589.8823,589.8823,589.8941,589.8962,11.799999999993815,2.1,11.775185002716642,25.675185002751746,0.005887592501358321,25.1,miss,
task_78_13,dev_78,offload,589.8929,589.8929,589.9053,589.9076,12.39999999995689,2.3,12.44799244215579,27.147992442103767,0.0062239962210778954,29.2,hit,
task_188_12,dev_188,offload,590.0643,590.0643,590.0758000000001,590.0779,11.500000000069122,2.1,11.499279498217,25.099279498213726,0.0057496397491085,26.3,hit,
task_170_13,dev_170,offload,590.1768000000001,590.1768000000001,590.1896,590.1919,12.799999999970169,2.3,12.791154486414035,27.891154486375292,0.006395577243207017,20.7,miss,
task_146_10,dev_146,offload,591.6264,591.6264,591.6394,591.6418,13.000000000033651,2.4000000000000004,12.958336119502237,28.35833611950187,0.0064791680597511185,24.0,miss,
task_41_12,dev_41,offload,591.8052,591.8052,591.8188,591.8213000000001,13.599999999996726,2.5,13.557030231816954,29.657030231868248,0.006778515115908477,29.6,miss,
task_124_13,dev_124,offload,592.2249,592.2249,592.236,592.238,11.099999999942156,2.0,11.122987081268098,24.22298708127665,0.0055614935406340495,28.400000000000002,hit,
task_112_11,dev_112,offload,592.626,592.626,592.6402,592.6428000000001,14.200000000073487,2.6000000000000005,14.227037357962207,31.02703735806516,0.007113518678981103,27.3,miss,
task_165_11,dev_165,offload,592.7047,592.7047,592.7163,592.7184,11.60000000004402,2.1,11.608529984627065,25.30852998459869,0.0058042649923135325,24.1,miss,
task_149_10,dev_149,offload,592.8524,592.8524,592.8654,592.8678,13.000000000033651,2.4000000000000004,13.04223138339259,28.442231383392226,0.006521115691696295,29.7,hit,
task_159_14,dev_159,offload,593.6278,593.6278,593.6411,593.6435,13.300000000072032,2.4000000000000004,13.334554167640906,29.034554167678923,0.006667277083820453,29.1,hit,
task_179_8,dev_179,offload,594.2209,594.2209,594.2351,594.2377,14.1999999999598,2.6000000000000005,14.212913704985782,31.01291370497505,0.007106456852492891,21.6,miss,
task_121_11,dev_121,offload,594.4618,594.4618,594.4777,594.4806,15.899999999987813,2.9000000000000004,15.893866576989733,34.69386657693171,0.007946933288494867,21.6,miss,
task_116_14,dev_116,offload,594.4627,594.4627,594.4767,594.4792,14.000000000010004,2.5,13.972280830605092,30.47228083055598,0.006986140415302546,29.400000000000002,miss,
task_53_10,dev_53,offload,594.6703,594.6703,594.6829,594.6852,12.600000000020373,2.3,12.617338598000194,27.517338598011655,0.006308669299000097,27.200000000000003,miss,
task_146_11,dev_146,offload,595.0212,595.0212,595.0306,595.0324,9.40000000002783,1.8000000000000003,9.42175540302886,20.621755403059602,0.0047108777015144295,29.300000000000004,hit,
task_162_12,dev_162,offload,595.2113,595.2113,595.2222,595.2244000000001,10.89999999999236,2.2,10.931471784937271,24.031471784945822,0.005465735892468636,26.4,hit,
task_106_11,dev_106,offload,595.9997000000001,595.9997000000001,596.0123,596.0147000000001,12.599999999906686,2.4000000000000004,12.64834702654436,27.64834702653072,0.006324173513272181,22.6,miss,
task_23_13,dev_23,offload,596.4643,596.4643,596.4762000000001,596.4784000000001,11.9000000000824,2.2,11.886244311560272,25.98624431165886,0.0059431221557801365,27.700000000000003,hit,
task_99_14,dev_99,offload,596.6785,596.6785,596.6905,596.6927000000001,12.000000000057298,2.2,12.014500461123873,26.21450046119736,0.006007250230561936,29.400000000000002,hit,
task_175_10,dev_175,offload,596.9248,596.9248,596.937,596.9392,12.200000000007094,2.2,12.181397326351245,26.58139732637453,0.006090698663175622,23.900000000000002,miss,
task_196_13,dev_196,offload,597.1512,597.1512,597.1649,597.1674,13.699999999971624,2.5,13.677893281780374,29.877893281806568,0.0068389466408901875,25.8,miss,
task_1_13,dev_1,offload,597.2267,597.2267,597.2405,597.243,13.799999999946522,2.5,13.77119545381087,30.07119545381196,0.006885597726905435,24.5,miss,
task_117_9,dev_117,offload,597.2559,597.2559,597.2687000000001,597.2710000000001,12.800000000083855,2.3,12.830484409334769,27.93048440940971,0.006415242204667384,24.7,miss,
task_157_11,dev_157,offload,598.1370000000001,598.1370000000001,598.1514000000001,598.154,14.400000000023283,2.6000000000000005,14.42540753269052,31.425407532629585,0.00721270376634526,24.6,miss,
task_38_14,dev_38,offload,598.2377,598.2377,598.25,598.2522,12.299999999981992,2.2,12.31908717394599,26.81908717394417,0.0061595435869729945,20.3,miss,
task_179_9,dev_179,offload,598.7127,598.7127,598.7268,598.7294,14.099999999984902,2.6000000000000005,14.087495028396344,30.787495028410714,0.007043747514198171,27.6,miss,
task_185_14,dev_185,offload,599.7346,599.7346,599.748,599.7505,13.40000000004693,2.5,13.436228881856964,29.336228881844775,0.006718114440928482,23.8,miss,
task_42_10,dev_42,offload,599.8825,599.8825,599.8959,599.8986,13.399999999933243,2.7,13.406107712577557,29.506107712515167,0.006703053856288778,26.6,miss,
