num_tasks,avg_latency_ms,std_latency_ms,sla_violation_rate,avg_energy_j
2745,380.5158536247725,40.45997486717091,1.0,0.09281685213114756
